review_id,source_row_index,scopus_id,doi,title,journal,publication_year,design_strict,design_keywords,design_combined,llm_policy_claim,keywords,abstract,manual_is_cross_sectional,manual_unclear,manual_exclude,manual_notes
CS-001,38838,SCOPUS_ID:85174971658,10.1136/jech-2023-220793,"Prepayment meters strongly associated with multiple types of deprivation and emergency respiratory hospital admissions: an observational, cross-sectional study",Journal of Epidemiology and Community Health,2023,Cross-sectional,Other/None,Cross-sectional,FALSE,"['deprivation', 'health inequalities', 'policy', 'public health', 'social sciences']","Background Prepayment meters (PPMs) require energy to be paid in advance. Action groups and media contend that PPMs are concentrated in the most vulnerable groups, prone to run out of credit and experience financial burden. This led to forced installation for those over age 85 being banned in April 2023 and a 'prepayment premium' scrapped in July 2023. Yet, we lack empirical evidence of which groups PPMs are concentrated. This ecological study examines the extent to which PPMs are associated with multiple measures of structural social, economic and health deprivation to establish evidence-based policy. Methods Combining multiple regional data and census estimates at the Lower Layer Super Output Area and the Middle Layer Super Output Area level from England and Wales, we use Spearman's rank correlation, Pearson correlation and multivariate linear regression to empirically establish associations between PPMs and multiple types of deprivation. Results Higher PPM prevalence is strongly associated with: lower income, receipt of employment benefits, ethnic minorities, lower education and higher health deprivation. Higher PPM prevalence is strongly associated with higher income deprivation affecting children, the elderly and social rental properties. PPMs are significantly associated with emergency hospital admissions for respiratory diseases in England, even after controlling for confounders (coefficient=1.81; 95% CI 1.51 to 2.11). Conclusions We found empirical evidence that PPM users are concentrated among the population who already experience multiple disadvantages. Furthermore, PPM concentrated areas are associated with higher emergency hospital admissions for respiratory diseases.",no,no,no,ecological study
CS-002,35281,SCOPUS_ID:0029932981,10.1136/jech.50.3.258,"Physical activity, physical fitness, blood pressure, and fibrinogen in the Northern Ireland health and activity survey",Journal of Epidemiology and Community Health,1996,Cross-sectional,Other/None,Cross-sectional,FALSE,[],"Study objective - To investigate the relationship between physical activity, physical fitness, blood pressure, and fibrinogen. Design - This was a cross sectional population study using a two stage probability sample. Setting - Northern Ireland. Participants - A sample of 1600 subjects aged 16-74 years from the population of Northern Ireland. Main outcome measures - Physical activity profile from computer assisted interview using the Allied Dunbar national fitness survey scales. Physical fitness using estimation of VO2 max by extrapolation from submaximal oxygen uptake while walking on a motor driven treadmill. Systolic and diastolic blood pressure measured with a Hawksley random zero sphygmomanometer. Measurement of fibrinogen using the Clauss method. Main results - There were significant relationships between both current and past activity and blood pressure. These were of a magnitude that would have been clinically significant, but for the fact that, with the exception of the relationship between habitual activity and diastolic pressure (p = 0.03) and past activity and systolic pressure (p = 0.03) in men, they were not sustained after adjustment for the effect of age using analysis of variance. After adjustment for other potentially confounding factors using multiple regression, there was an inverse relationship between systolic blood pressure and past activity in men, so that those with a lifetime of participation compared with a lifetime of inactivity had a lower systolic blood pressure of 6 mmHg (p < 0.05). There was a highly significant (p < 0.001) inverse association between both systolic and diastolic blood pressure and physical fitness (VO2 max) which was not sustained after adjustment for possible confounding factors. There were relationships between fibrinogen and highest recorded activity (p < 0.001), habitual activity (p < 0.01), and past activity (p < 0.01) in men but no significant relationship in women. The relationship between fibrinogen and activity was no longer sustained after adjustment for possible confounding factors. There was a highly significant (p < 0.001) inverse relationship with physical fitness using VO2 max. This relationship was sustained after adjustment for possible confounding factors in both men (p < 0.05) and women (p < 0.001). Conclusions - There was a relationship between physical activity, physical fitness, and blood pressure but the relationship was greatly influenced by age. A reduction of 6 mmHg in systolic blood pressure associated with past activity is of clinical significance and supports the hypothesis that physical activity is of benefit in reducing cardiovascular risk. There was a lower level of fibrinogen in those who were most active but this relationship was not significant after adjustment for possible confounding factors. There was also a lower level of fibrinogen those who were most fit (VO2 max) and this relationship persisted even after adjustment for possible confounding factors.",yes,no,no,
CS-003,9895,SCOPUS_ID:77955301482,10.1016/j.amepre.2010.03.016,The effect of light rail transit on body mass index and physical activity,American Journal of Preventive Medicine,2010,Cross-sectional,Other/None,Cross-sectional,TRUE,[],"Background: The built environment can constrain or facilitate physical activity. Most studies of the health consequences of the built environment face problems of selection bias associated with confounding effects of residential choice and transportation decisions. Purpose: To examine the cross-sectional associations between objective and perceived measures of the built environment; BMI; obesity (BMI>30 kg/m2); and meeting weekly recommended physical activity (RPA) levels through walking and vigorous exercise. To assess the effect of using light rail transit (LRT) system on BMI, obesity, and weekly RPA levels. Methods: Data were collected on individuals before (July 2006February 2007) and after (March 2008July 2008) completion of an LRT system in Charlotte NC. BMI, obesity, and physical activity levels were calculated for a comparison of these factors pre- and post-LRT construction. A propensity score weighting approach adjusted for differences in baseline characteristics among LRT and non-LRT users. Data were analyzed in 2009. Results: More-positive perceptions of one's neighborhood at baseline were associated with a -0.36 (p<0.05) lower BMI; 15% lower odds (95% CI=0.77, 0.94) of obesity; 9% higher odds (95% CI=0.99, 1.20) of meeting weekly RPA through walking; and 11% higher odds (95% CI=1.01, 1.22) of meeting RPA levels of vigorous exercise. The use of LRT to commute to work was associated with an average -1.18 reduction in BMI (p<0.05) and an 81% reduced odds (95% CI=0.04, 0.92) of becoming obese over time. Conclusions: The results of this study suggest that improving neighborhood environments and increasing the public's use of LRT systems could provide improvements in health outcomes for millions of individuals. © 2010 American Journal of Preventive Medicine.",no,no,no,Pre and post comparison around LRT completion with baseline and follow-up data; longitudinal/quasi-experimental
CS-004,25468,SCOPUS_ID:38649097528,10.1007/s10654-007-9217-z,"Comparison of allergic diseases, symptoms and respiratory infections between Finnish and Russian school children",European Journal of Epidemiology,2008,Cross-sectional,Other/None,Cross-sectional,FALSE,"['Allergic symptoms', 'Allergies', 'Asthma', 'Children', 'Respiratory infections']","Background: Little is known about differences in allergic and respiratory diseases between the Finnish and Russian populations. Methods: We conducted a population-based cross-sectional study to compare the occurrence of allergic diseases and respiratory infections among school children in the towns of Imatra in Finland and Svetogorsk in Russia on either side of the common border. The study population consisted of 512 Finnish and 581 Russian school children aged 7-16 years (response rate 79%). We used multiple logistic regression analysis to calculate odds ratios adjusting for age and gender. Results: The prevalences of asthma (6.7 vs. 3.9%, adjusted odds ratio (OR) 1.54, 95% confidence interval (CI 0.87-2.71), allergic rhinitis (15.2 vs. 8.8%, OR 1.81, 1.22-2.68), allergic conjunctivitis (4.7 vs. 3.2%, 1.33, 0.70-2.53), and atopic dermatitis (10.5 vs. 5.9%, 1.78, 1.12-2.83) were substantially higher among school children in Imatra compared to those in Svetogorsk, but the symptoms were more severe among allergic Russian children. Tonsillitis (adjusted OR 0.11, 95% CI 0.07-0.17), sinusitis (0.39, 0.24-0.63), bronchitis (0.41, 0.27-0.62) and pneumonia (0.19, 0.04-0.90) occurred less frequently in the Finnish children, whereas otitis media (2.37, 1.55-3.62) and common cold (4.07, 3.12-5.31) were more frequent in Finland. Conclusions: Allergic diseases are more common in Finnish than Russian school children, but the symptoms are more severe among allergic Russian children. Respiratory infections are in general more frequent in Russian children. ""Western"" lifestyle habits, differences in diagnostic procedures and environmental factors, and availability of health care and medications are discussed as possible explanations for the observed differences. © 2008 Springer Science+Business Media B.V.",yes,no,no,
CS-005,42885,SCOPUS_ID:84893704103,10.1016/j.ypmed.2013.12.032,"Association of depressive symptoms, trait anxiety, and perceived stress with subclinical atherosclerosis: Results from the Chicago healthy aging study (CHAS)",Preventive Medicine,2014,Cross-sectional,Other/None,Cross-sectional,FALSE,"['Ankle brachial index', 'Cardiovascular risk', 'Coronary artery calcification', 'Older adults', 'Population study', 'Psychological factors', 'Subclinical atherosclerosis']","Objective: Examine the association between multiple psychological factors (depressive symptoms, trait anxiety, perceived stress) and subclinical atherosclerosis in older age. Method: This cross-sectional study included 1101 adults ages 65-84 from the Chicago Healthy Aging Study (CHAS - 2007-2010). Previously validated self-report instruments were used to assess psychological factors. Non-invasive methods were used to assess subclinical atherosclerosis in two regions of the body, i.e., ankle-brachial blood pressure index (ABI) and coronary artery calcification (CAC). Multivariate logistic regression was used to examine the association between each psychological measure and subclinical atherosclerosis, after the adjustment for socio-demographic factors, sleep quality, young adulthood/early middle age and late-life CVD risk status, and psychological ill-being as appropriate. Results: The burden of major cardiovascular disease risk factors did not significantly differ across tertiles of psychological factors. In multivariate adjusted models, trait anxiety was associated with calcification: those in the second tertile were significantly more likely to have CAC >. 0 compared to those in the lowest anxiety tertile [OR = 1.68; 95% CI = 1.09-2.58], but no significant difference was observed for Tertile III of trait anxiety [OR = 1.31; 95% CI = 0.75-2.27]. No association was seen between psychological measures and ABI. Conclusion: Of several psychological factors, only trait anxiety was significantly associated with CAC. •Association between psychological factors and atherosclerosis in older age•1101 adults ages 65-84 from the Chicago Healthy Aging Study•Only trait anxiety was significantly associated with coronary artery calcification. © 2014.",yes,no,no,
CS-006,829,SCOPUS_ID:0027176858,10.1093/oxfordjournals.aje.a116757,Decrements in neurobehavioral performance associated with mixed exposure to organic and inorganic lead,American Journal of Epidemiology,1993,Other/None,Cross-sectional,Cross-sectional,FALSE,"['Central nervous system diseases', 'Cross-sectional studies', 'Lead', 'Nervous system', 'Neuropsychological tests', 'Neurotoxins', 'Peripheral nerve diseases', 'Tetraethyl lead']","In 1990, 222 current employees of a chemical facility in the eastern United States that manufactured tetraethyl lead were administered a neurobehavioral test battery, tests of olfactory function and peripheral vibration threshold, and questionnaires that assessed neuropsychiatric symptoms. A cumulative variable of exposure to inorganic and organic lead was derived from 12 years of personal industrial hygiene sampling data and an occupational history interview that assessed work in each of 29 exposure zones in the lead area. The range of assigned exposure intensities in these 29 zones was 4-119 μg/m3 for organic lead and 1-56 μg/m3 for inorganic lead. Cumulative lead exposure and exposure duration were defined as categorical variables (four groups) in multiple linear regression models. The adjusted mean differences in neurobehavioral test scores were estimated by comparing the average scores of the moderate, high, and highest exposure groups with the low exposure (reference) group. After adjustment for premorbid intellectual ability, age, race, and alcohol consumption, neurobehavioral test scores were poorer as measures of both cumulative lead exposure and exposure duration increased; many of the associations evidenced dose-response relations. Associations were observed in most cognitive and functional domains tested, but were most common in two domains: manual dexterity and verbal memory/learning. On the affected neuropsychologic measures, the groups with the highest exposure averaged scores 5-22% lower than those of the reference groups. Overall, the data revealed generally consistent and coherent associations between two measures of lead exposure and poorer neurobehavioral test performance. © 1993 by The Johns Hopkins University School of Hygiene and Public Health.",yes,yes,no,
CS-007,42600,SCOPUS_ID:84885868609,10.1016/j.ypmed.2013.09.007,Alcohol drinking patterns and health-related quality of life reported in the Spanish adult population,Preventive Medicine,2013,Cross-sectional,Other/None,Cross-sectional,FALSE,"['Alcohol', 'Binge drinking', 'Drinking patterns', 'Health-related quality of life', 'SF-12 questionnaire']","Objectives: To examine the association between alcohol drinking patterns and health-related quality of life (HRQL). Methods: Population-based cross-sectional study was conducted in 2008-2010 among 12,715 adult individuals in Spain. HRQL was assessed with the SF-12 questionnaire and alcohol intake with a diet history. The threshold between average moderate drinking and average heavy drinking was ≥ 40. g/day of alcohol in men and ≥ 24 g/day in women. Binge drinking was defined as the intake of ≥ 80 g in men and ≥ 60 g in women at any drinking session during the preceding 30. days. Analyses were performed with linear regression and adjusted for the main confounders. Results: Compared to non-drinkers, all types of average drinkers reported better scores on the SF-12 physical component: β = 1.42 (95% confidence interval 1.03 to 1.81) in moderate drinkers and β = 1.86 (1.07 to 2.64) in heavy drinkers. In contrast, average alcohol consumption was not associated with the mental component of the SF-12. The number of binge drinking episodes and most types of beverage preference showed no association with physical or mental HRQL. Conclusions: Alcohol drinkers, including those with heavy drinking, reported better physical HRQL than non-drinkers. © 2013 Elsevier Inc.",yes,no,no,
CS-008,27878,SCOPUS_ID:76249098495,10.1093/eurpub/ckp093,"Children's physical activity, TV watching and obesity in Cyprus: The CYKIDS study",European Journal of Public Health,2010,Cross-sectional,Other/None,Cross-sectional,TRUE,"['BMI', 'Cyprus', 'Obesity', 'Physical activity', 'Sedentary behaviour', 'Television']","Background: Even though there is a severe obesity problem in Cyprus, information about the contribution of predisposing lifestyle factors is limited. Our aim was to investigate the relationship between physical activity (PA), sedentary behaviour and various obesity indices [i.e. body mass index (BMI), waist circumference (WC), percentage of body fat (BF%) and 'total & abdominal obesity' (TAO)]. Methods: A national cross-sectional study of 1140 children (mean age = 10.7 ± 0.98 years) selected by multistage sampling in Cyprus was conducted during 2004-05. Children completed a 32-item, semi-quantitative PA questionnaire, which assessed organized and free-time PA and sedentary behaviours. Weight, height and WC were collected from a random sub-sample of 622 children and obesity was defined by IOTF criteria. Body fat percentage was calculated, and TAO status was computed based on obesity status and WC [i.e. (i) both BMI/WC, (ii) either BMI/WC abnormal and (iii) both BMI/WC abnormal]. Linear and logistic regression analyses with obesity indices as dependent variables were applied after adjusting for several potential confounders. Results: Only variables describing sedentary behaviours were retained in the final regression models in both boys and girls. Girls who spent ≥4 h/day on TV and DVD watching were almost three times more likely to be overweight or obese [OR = 2.84 (95% CI 1.08-7.47)], three times more likely to have WC ≥75th percentile [OR = 3.25 (95% CI 1.06-9.98)] and 3.5 times more likely to have ≥30% body fat [OR = 3.63 (95% CI 1.01-12.98)], while in boys, even though the same variable was retained in almost all final models, it did not reach statistical significance. Conclusion: Sedentary behaviours such as TV watching may be more important predictors of children's various obesity indices than PA behaviours. Interventions targeting sedentary behaviours, such as TV watching, may help in the prevention and treatment of obesity among Cypriot children.",yes,no,no,
CS-009,43333,SCOPUS_ID:84991467147,10.1016/j.ypmed.2016.09.021,Just how high-risk are ongoing smokers? Exploring clusters of health risk behaviours among current and ex-smokers,Preventive Medicine,2016,Cross-sectional,Other/None,Cross-sectional,TRUE,"['Clustering', 'Health risk behaviours', 'Smoking']","There is limited research about the patterns of multiple health risks among smokers, despite the associated increased risk of poor health. This study aimed to identify which risk behaviours were evident in a sample of smokers and ex-smokers who had previously been offered cessation support. A cross-sectional telephone interview in 2013 involved participants from New South Wales, Australia, from the control condition (self-help materials only) of a randomised smoking cessation trial conducted approximately five years earlier. The interview assessed smoking, weight, height, fruit and vegetable intake, physical activity, alcohol intake and depression. Of the 626 eligible participants, 321 were interviewed (consent rate = 85.6%, response rate = 51.3%); 62% were current smokers. Most participants (57%) reported four or five health risk behaviours. Three risk clusters were identified using latent class analysis: i) ‘high risk’ (42% of sample): smokers, overweight, inadequate intake of fruit and vegetables and low levels of physical activity; ii) ‘lower risk non-depressed’ (22% of sample): adequate physical activity and an absence of depression; and iii) ‘lower risk, low alcohol’ (36% of sample): low alcohol consumption, overweight and depressed. Males and current smokers were more likely to be ‘high risk’, while women and ex-smokers were more likely to be members of the ‘lower risk, low alcohol’ cluster. Those who continue to smoke have multiple additional health risks; as do ex-smokers in the ‘lower risk, low alcohol’ cluster. Achieving good health outcomes for these sizeable groups will require tailored, intensive or case-management approaches which can address multiple health risk behaviours.",yes,no,no,
CS-010,26505,SCOPUS_ID:85127708900,10.1007/s10654-022-00860-x,Development in life expectancy with good and poor cognitive function in the elderly European Population from 2004-05 to 2015,European Journal of Epidemiology,2022,Cross-sectional,Other/None,Cross-sectional,FALSE,"['Ageing', 'Cognitive function', 'Europe', 'Life Expectancy', 'Sullivan Method']","Background: Living not just longer, but also cognitively healthier, and more independent lives is essential if European countries are to cope with the financial challenges that the shifting age composition of Europe’s population presents. Here we investigate the change in life expectancy (LE) spent with good and poor cognitive function among older adults across Europe. Methods: LE with good/poor cognitive function was estimated by the Sullivan Method. Cross-sectional data on cognitive functioning was obtained from 23,213 (wave 1, 2004-05) and 40,874 (wave 6, 2015) 50+-year-olds of the Survey of Health, Ageing and Retirement in Europe (SHARE). Information on mortality was obtained from the Eurostat Database. Results for 70+-year-olds were emphasized. Results: LE with good cognitive function increased with 1.6 years from 10.7 years (95% CI: 10.6–10.9) in 2004-05 to 12.4 years (95% CI: 12.3–12.5) in 2015 for 70+-year-olds. Disparity was observed across sex and region. In 2004-05, a 70+-year-old woman could expect to spend 30.9% (95% CI: 29.4–32.4) of her remaining LE with poor cognitive function compared to 27.7% (95% CI: 26.0 -29.4) for men. In 2015, women (24.4% (95% CI: 23.4–25.3)) had considerably caught up with men (24.8% (95% CI:23.7.25.8)), shifting the pattern in favor of women. In 2004-05 and 2015, Northern Europeans had the lowest LE with poor cognitive function while Southern Europeans had the highest, but made the most improvement during the period. Conclusions: Overall we find that LE with poor cognitive function has been compressed in the European population of 70+-year-olds.",yes,no,no,
CS-011,28775,SCOPUS_ID:85026776996,10.1093/eurpub/ckw215,"High prevalence of poor fitness among Danish adults, especially among those with high cardiovascular mortality risk",European Journal of Public Health,2017,Cross-sectional,Other/None,Cross-sectional,TRUE,[],"Background: Poor cardiorespiratory fitness (CRF) is an independent predictor of cardiovascular and all-cause mortality. Yet, our knowledge about the prevalence of poor CRF is limited. We investigated the prevalence of poor CRF among middle-aged Danish adults from a community-based health promotion program, including identification of a subgroup with high cardiovascular mortality risk. Methods: This cross-sectional study included 2,253 middle-aged adults, who completed a preventive health check including CRF testing. CRF (ml O 2/min/kg) was assessed using the Astrand-Ryhming cycle ergometer test. High 10-year cardiovascular mortality risk as defined in the Danish 2016 guidelines was assessed using questionnaires, health examinations, and prescription data from the Danish National Prescription Registry. Results: The prevalence of poor CRF was 51.7% (95% confidence interval [CI] 48.7-54.7) among men and 31.3% (95% CI 28.7-34.1) among women. A total of 216 (19.4%) men and 220 (19.3%) women were identified with a high 10-year cardiovascular mortality risk. Among these, 65.0% of men (95% CI 58.2-71.3) and 44.1% of women (95% CI 37.4-50.9) had poor CRF. Conclusion: Half of men and one third of women participating in a community-based health promotion program were identified with poor CRF. Among high-risk individuals, two thirds of men and almost every second woman had a poor CRF. Our results emphasise the need for effective public health strategies and interventions to increase CRF in the general population and among high-risk individuals in particular in order to improve public health and reduce mortality.",yes,no,no,
CS-012,28261,SCOPUS_ID:84878330319,10.1093/eurpub/cks042,Early Service leavers: A study of the factors associated with premature separation from the UK Armed Forces and the mental health of those that leave early,European Journal of Public Health,2013,Cross-sectional,Other/None,Cross-sectional,TRUE,[],"Background: Approximately 18 000 personnel leave the UK Armed Forces annually. Those leaving before completing the minimum term of their contracts are called early Service leavers (ESLs). This study aims to identify characteristics associated with being an ESL, and compare the post-discharge mental health of ESLs and other Service leavers (non-ESLs). Method: A cross-sectional study used data on ex-Serving UK Armed Forces personnel. ESLs were personnel leaving before completing their 3-4.5 years minimum Service contracts and were compared with non-ESLs. Multivariable logistic regression was used to estimate odds ratios and 95% confidence intervals for the associations between Service leaving status with socio-demographics, military characteristics and mental health outcomes. Results: Of 845 Service leavers, 80 (9.5%) were ESLs. Being an ESL was associated with younger age, female sex, not being in a relationship, lower rank, serving in the Army and with a trend of reporting higher levels of childhood adversity, but not with deployment to Iraq. ESLs were at an increased risk of probable post-traumatic stress disorder (PTSD), common mental disorders, fatigue and multiple physical symptoms, but not alcohol misuse. Conclusions: The study suggests that operational Service is not a factor causing personnel to become an ESL. Current mental health problems were more commonly reported among ESLs than other Service leavers. There may be a need to target interventions to ESLs on leaving Service to smooth their transition to civilian life and prevent the negative mental health outcomes experienced by ESLs further down the line. © 2012 The Author. Published by Oxford University Press on behalf of the European Public Health Association. All rights reserved.",yes,no,no,
CS-013,19647,SCOPUS_ID:84987962219,10.2105/AJPH.2016.303362,Impact of the Berkeley excise tax on sugar-sweetened beverage consumption,American Journal of Public Health,2016,Cross-sectional,Other/None,Cross-sectional,FALSE,[],"Objectives. To evaluate the impact of the excise tax on sugar-sweetened beverage (SSB) consumption in Berkeley, California, which became the first US jurisdiction to implement such a tax ($0.01/oz) in March 2015. Methods. We used a repeated cross-sectional design to examine changes in pre- to post tax beverage consumption in low-income neighborhoods in Berkeley versus in the comparison cities of Oakland and San Francisco, California. A beverage frequency questionnaire was interviewer administered to 990 participants before the tax and 1689 after the tax (approximately 8 months after the vote and 4 months after implementation) to examine relative changes in consumption. Results. Consumption of SSBs decreased 21% in Berkeley and increased 4% in comparison cities (P = .046). Water consumption increased more in Berkeley (+63%) than in comparison cities (+19%; P < .01). Conclusions. Berkeley's excise tax reduced SSB consumption in low-income neighborhoods. Evaluating SSB taxes in other cities will improve understanding of their public health benefit and their generalizability.",yes,no,no,
CS-014,41679,SCOPUS_ID:34047267864,10.1016/j.ypmed.2006.12.015,Materialist and post-materialist values and cannabis smoking among young adults: A population-based study in southern Sweden,Preventive Medicine,2007,Cross-sectional,Other/None,Cross-sectional,FALSE,"['Cannabis smoking', 'Materialist values', 'Mixed values', 'Post-materialist values']","Objectives: The association between materialist, mixed and post-materialist values, and the experience of cannabis smoking among young adults was investigated. Methods: The 2004 public health survey in Skåne, southern Sweden, is a cross-sectional study with a 59% response rate. The 6787 persons aged 18-34 years included in this study answered a postal questionnaire. A logistic regression model was used to investigate the association between materialist, mixed and post-materialist values and ever having experienced cannabis smoking. The multivariate analysis was performed to investigate the importance of possible confounders (age and education) on the differences in ever having experienced cannabis smoking according to materialist, mixed and post-materialist values. Results: 28% of the men and 17% of the women had ever experienced cannabis smoking. The experience of cannabis smoking was significantly and positively associated with post-materialist values among both men and women. The odds ratios were 2.4 (1.8-3.1) for men with post-materialist values compared to men with materialist values, and 3.1 (2.4-4.0) for women with post-materialist values compared to women with materialist values. Conclusions: This study suggests that post-materialist values are positively associated with the risk of ever smoking cannabis. Because this is a cross-sectional study, the direction of causality remains to be investigated. © 2007 Elsevier Inc. All rights reserved.",yes,no,no,
CS-015,27828,SCOPUS_ID:77955048428,10.1093/eurpub/ckp178,"Knowledge, attitudes and risk of HIV, HBV and HCV infections in hairdressers of Palermo city (South Italy)",European Journal of Public Health,2010,Cross-sectional,Other/None,Cross-sectional,TRUE,"['descriptive survey', 'hairdressers', 'KAP questionnaire']","Background: The hairdressing trade may potentially expose its practitioners and their customers to blood-borne infections. Methods: Knowledge, attitudes and behaviours towards occupational risk of HIV, HBV and HCV infections were evaluated in a cross-sectional survey, conducted during spring 2008, in 105 out of 112 randomly selected hairdressers of Palermo. Participants were queried by answering to an anonymous questionnaire. Results: Most of hairdressers (93.3) knew that HIV and hepatitis are transmitted through parenteral route and could also be transmitted by razors. The availability of gloves was inadequate, up to 30 of the participants never used them and up to 50 usually reused them. In total, 90 respondents stated to perform a sterilization process of the cutting instruments by ultraviolet light, but only 70 sterilized the articles between two customers and only 34.3 executed a daily disinfection of the hair brushes. Statistical analysis showed that younger age and post-primary school instruction were significantly associated with knowledge and procedures that could prevent transmission of blood-borne virus (P = 0.01 and P < 0.01, respectively). Moreover, only 32 hairdressers agreed to participate to a free specific course on occupational risk offered by the University of Palermo. Conclusion: Although the level of awareness among hairdressers about HIV, hepatitis and risk of transmission was good, there were some unsafe practices that may lead to infections due to blood-borne viruses. The present article highlights the need to improve specific health messages in media campaigns carried out to general population, diffusing more appropriate educational materials for salons and organizing obligatory refresher courses for the hairdressing sector. © 2009 The Author. Published by Oxford University Press on behalf of the European Public Health Association. All rights reserved.",yes,no,no,
CS-016,41435,SCOPUS_ID:34547806254,10.1016/j.ypmed.2006.04.011,"Prevalence of leisure-time physical activity in Taiwanese adults: Results of four national surveys, 2000-2004",Preventive Medicine,2006,Cross-sectional,Cross-sectional,Cross-sectional,FALSE,"['Asian', 'Cross-sectional survey', 'Exercise', 'National survey', 'Taiwan']","Objectives.: Literature on the prevalence of physical activity in Asian countries is limited, despite evidence of increasing rates of sedentary-related disease such as obesity and diabetes. It is important to establish nationally representative data in countries such as Taiwan to set up levels and patterns of activity and to inform health policy. Methods.: Unpublished data from four cross-sectional nationally representative surveys comprising 29,226 people aged 20 and older were analyzed. We explored the population prevalence of meeting national recommendations for health, examined temporal change across a 4-year period, and attempted comparisons with neighboring Asian and selected westernized countries. Logistic regression analysis provided adjusted odds ratios of physical activity engagement for several demographic variables. Results.: Around 14% of Taiwanese adults met national recommendations. Similar to other Asian countries, but in contrast to declines with age seen in western populations, people aged 45 and older were more likely to be active than younger people. High-risk groups for inactivity were those aged 20-44 with limited formal education and in paid employment. Conclusions.: Overall prevalence in leisure-time physical activity was low. There is scope to increase active leisure for improving health, particularly among younger adults. © 2006 The Institute For Center Prevention.",yes,no,no,
CS-017,28004,SCOPUS_ID:84870546541,10.1093/eurpub/ckr175,Association between asthma and physical activity in Korean adolescents: The 3rd Korea Youth Risk Behavior Web-based Survey (KYRBWS-III),European Journal of Public Health,2012,Cross-sectional,Other/None,Cross-sectional,FALSE,[],"Background: Asthma is the leading chronic illness among children and adolescents in several nations. This study investigated the association between asthma and physical activity (PA). Methods: The findings in this study are based on the data obtained from the 2007 3rd Korea Youth Risk Behavior Web-Based Survey (KYRBWS-III), a cross-sectional survey of health-risk behaviours among a representative sample of Korean middle- and high-school students aged 13-18 years. This survey is conducted annually by the Korea Centers for Disease Control and Prevention. The 72 943 study subjects were selected using the complex sampling design of the survey. The association between asthma and PA was assessed by conducting multiple logistic regression analyses of the data by using the statistical software SPSS 17.0 Complex Sample. Results: Compared with the adolescents without current asthma, significantly fewer adolescents with current asthma had a sedentary time of 3 h or less per day (odds ratio, 0.86; 95 confidence interval, 0.75-0.97). Sedentary time was defined as time spent watching television, surfing the Internet, or playing computer games and excluded the time spent doing homework or study during leisure time. The analysis was adjusted for age, gender, family affluence level (FAL), obesity, allergic rhinitis, atopy and smoking. With regard to participation in adequate vigorous or moderate PA, strengthening exercise or physical education class, no significant differences were found between the adolescent students with current asthma and those without current asthma. In addition, it was found that all PA had no significant differences in their effects on asthma severity (medication, inability to work and absence from school). Conclusion: Our results show that the amount of sedentary time influenced asthma prevalence; however, PA did not influence asthma prevalence in Korean adolescents. © 2011 The Author 2011. Published by Oxford University Press on behalf of the European Public Health Association. All rights reserved.",yes,no,no,
CS-018,10836,SCOPUS_ID:84937513866,10.1016/j.amepre.2015.02.018,Looking beyond Income and Education: Socioeconomic Status Gradients among Future High-Cost Users of Health Care,American Journal of Preventive Medicine,2015,Cross-sectional,Other/None,Cross-sectional,TRUE,[],"Introduction Healthcare spending occurs disproportionately among a very small portion of the population. Research on these high-cost users (HCUs) of health care has been overwhelmingly cross-sectional in nature and limited to the few sociodemographic and clinical characteristics available in health administrative databases. This study is the first to bridge this knowledge gap by applying a population health lens to HCUs. We investigate associations between a broad range of SES characteristics and future HCUs. Methods A cohort of adults from two cycles of large, nationally representative health surveys conducted in 2003 and 2005 was linked to population-based health administrative databases from a universal healthcare plan for Ontario, Canada. Comprehensive person-centered estimates of annual healthcare spending were calculated for the subsequent 5 years following interview. Baseline HCUs (top 5%) were excluded and healthcare spending for non-HCUs was analyzed. Adjusted for predisposition and need factors, the odds of future HCU status (over 5 years) were estimated according to various individual, household, and neighborhood SES factors. Analyses were conducted in 2014. Results Low income (personal and household); less than post-secondary education; and living in high-dependency neighborhoods greatly increased the odds of future HCUs. After adjustment, future HCU status was most strongly associated with food insecurity, personal income, and non-homeownership. Living in highly deprived or low ethnic concentration neighborhoods also increased the odds of becoming an HCU. Conclusions Findings suggest that addressing social determinants of health, such as food and housing security, may be important components of interventions aiming to improve health outcomes and reduce costs.",no,no,no,A cohort linked to administrative data and estimates future high-cost user status over 5 years; prospective cohort
CS-019,28806,SCOPUS_ID:85056692665,10.1093/eurpub/cky009,Detecting persons at risk for diabetes mellitus type 2 using FINDRISC: Results from a community pharmacy-based study,European Journal of Public Health,2018,Cross-sectional,Other/None,Cross-sectional,FALSE,[],"Background: This cross-sectional study has been developed within the framework of the Italian project ‘We love your heart’ (‘Ci sta a cuore il tuo cuore’) and reports the results of the initial type 2 diabetes mellitus (T2DM) risk assessment carried out in a big network of community pharmacies in Italy and Spain. Methods: In total 4002 pharmacists from 854pharmacies were specifically trained to collect data and perform the evaluation of the probability of developing T2DM among pharmacy customers. The risk of developing T2DM within 10 years was evaluated using the FINDRISC. Results: Overall, 7234 (22.1%) subjects were at low risk to develop the disease, whereas 43.3% were at slightly elevated risk (scores 7–11), 19.3% were at moderate (scores 12–14), 13.9% were at high (scores 15–20), and 1.4% were at very high risk (scores > 20). Spanish participants showed higher levels of risk than Italian (16.7 vs. 14.7%) taking the cut-off FINDRISC 15. Conclusion: This study shows that considerable percentage of persons is likely to develop diabetes in the next 10 years. Analyses of the risk factors indicate that men were more susceptible to develop this disease, as well as the Spanish participants respect to Italian.",yes,no,no,
CS-020,10136,SCOPUS_ID:84869170485,10.1016/j.amepre.2012.08.016,Breast and colorectal cancer screening: U.S. primary care physicians' reports of barriers,American Journal of Preventive Medicine,2012,Cross-sectional,Other/None,Cross-sectional,TRUE,[],"Background: Primary care physicians (PCPs) play a key role in performing and referring patients for cancer screening. Understanding barriers to test use is critical to developing strategies that promote adherence to clinical guidelines, but current literature does not distinguish the extent to which barriers may be similar or unique across screening modalities. Purpose: To describe PCPs' self-reported perceptions of barriers to screening for breast and colorectal cancer (CRC) and compare the top three barriers associated with these screening modalities. Methods: Cross-sectional data analyzed in 2011 from a nationally representative survey of 2478 PCPs in the U.S. in 2006-2007. Results: PCPs reported greater barriers for CRC screening than for mammography. Lack of patient follow-through to complete recommended screening and the inability to pay for tests were the main barriers perceived by PCPs for both types of screening. Another major barrier cited was that patients do not perceive CRC as a threat. This was a lesser concern for the well-diffused message about the need for mammography. Conclusions: This is the first national study to provide a comparison of physician-perceived barriers to breast and CRC screening. Study results suggest that efforts to improve use of cancer screening, and CRC screening in particular, will require interventions at physician, practice, and health-system levels. © 2012 American Journal of Preventive Medicine.",yes,no,no,
CS-021,10577,SCOPUS_ID:84920926908,10.1016/j.amepre.2014.05.012,Reconsidering the age thresholds for type II diabetes screening in the U.S.,American Journal of Preventive Medicine,2014,Cross-sectional,Other/None,Cross-sectional,TRUE,[],"Background: Type II diabetes and its complications can sometimes be prevented, if identified and treated early. One fifth of diabetics in the U.S. remain undiagnosed. Commonly used screening guidelines are inconsistent. Purpose: To examine the optimal age cut-point for opportunistic universal screening, compared to targeted screening, which is recommended by U.S. Preventive Services Task Force (USPSTF) and American Diabetes Association (ADA) guidelines. Methods: Cross-sectional analysis of a nationally representative sample from the National Health and Nutrition Examination Survey, 2007-2010. Number of people needed to screen (NNS) to obtain one positive test result was calculated for different guidelines. Sampling weights were applied to construct national estimates. The 2010 Medicare fee schedule was used for cost estimation. Analysis was conducted in January 2014. Results: NNS, under universal screening, drops sharply at age 35 years, from 80 (30-34-year-olds) to 31 (35-39-year-olds). Opportunistic universal screening of eligible people aged ≥35 years would yield an NNS of 15, translating to $66 per positive test. Among people aged 35-44 years (who are not recommended for universal screening by ADA), most (71%) were overweight or obese and all had at least one other ADA risk factor. Only 34% of individuals aged >35 years met USPSTF criteria. Strictly enforcing USPSTF guidelines would have resulted in a majority (61%) of potential positive test cases being missed (5,508,164 cases nationwide). Conclusions: Opportunistic universal screening among individuals aged >35 years could greatly reduce the national prevalence of undiagnosed pre-diabetes or diabetes at relatively low cost.",yes,no,no,
CS-022,37722,SCOPUS_ID:84949553579,10.1136/jech-2015-205728,Spatial social polarisation: Using the Index of Concentration at the Extremes jointly for income and race/ethnicity to analyse risk of hypertension,Journal of Epidemiology and Community Health,2015,Cross-sectional,Other/None,Cross-sectional,FALSE,[],"Background Growing spatial social and economic polarisation may be an important societal determinant of health, but only a few studies have used the recently developed Index of Concentration at the Extremes (ICE) to analyse the impact of joint concentrations of privilege and privation on health outcomes. We explore use of the ICE to investigate risk of hypertension in an urban, multiracial/ethnic, and predominantly working-class study population of US adults. Methods We generated novel ICE measures at the census tract level that jointly assess extreme concentrations of both income and racial/ethnic composition. We then linked the ICE measures to data from two observational, cross-sectional studies conducted in the Boston metropolitan area (2003-2004; 2008-2010; N=2145). Results The ICE measure for extreme concentrations of white compared with black residents was independently associated with lower odds of hypertension (OR=0.76; 95% CI 0.62 to 0.93), controlling for race/ethnicity, age, gender, smoking, body mass index, household income, education and self-reported exposure to racial discrimination. Even stronger associations were observed for the ICE measures that compared concentrations of high-income white residents versus low-income residents of colour (OR=0.61; 95% CI 0.40 to 0.96) and highincome white versus low-income black residents (OR=0.48; 95% CI 0.29 to 0.81). Conclusions Results suggest public health studies should explore the joint impact of racial/ethnic and economic spatial polarisation on population health.",yes,no,no,
CS-023,45500,SCOPUS_ID:85158059788,10.1016/j.ypmed.2023.107521,The association between commuting and cardiovascular disease: A biomarker-based analysis of cross-sectional cohort data from the UK Biobank,Preventive Medicine,2023,Cross-sectional,Other/None,Cross-sectional,FALSE,"['Active commuting', 'Biomarker', 'cardiovascular disease risk', 'Cycling', 'Physical activity']","This study used cross-sectional UK Biobank data to estimate the influence of active and passive commuting modes and commuting distance on cardiovascular disease (CVD) -related biomarkers as measures of health outcomes. The analysis applied logistic regression to assess the risk of exhibiting individual biomarker values outside a predefined reference interval and standard linear regression to estimate the relation between commuting practices and a composite CVD index. The study sample comprised 208,893 UK Biobank baseline survey participants aged 40 to 69 who use various modes of transport to commute to work at least once a week. Participants were recruited and interviewed between 2006 and 2010 at 22 centers geographically dispersed across England, Scotland, and Wales. The data set included these participants' sociodemographic and health-related information, including lifestyle indicators and biological measures. The primary outcome was a shift from low to high-risk blood serum levels in eight cardiovascular biomarkers: total cholesterol, low density lipoprotein, high density lipoprotein, triglycerides, apolipoprotein A and B, C-reactive protein, and lipoprotein (a). Our results indicated a small negative association between the composite risk index for CVD biomarkers and weekly commuting distance. Although estimates for active commuting modes (cycling, walking) may admittedly be sensitive to different covariate adjustments, our specifications show them to be positively associated with select CVD biomarkers. Commuting long distances by car is negatively associated with CVD-related biomarkers, while cycling and walking might be positively associated. This biomarker-based evidence, although limited, is less susceptible to residual confounding than that from distant outcomes like CVD mortality.",yes,no,no,
CS-024,38586,SCOPUS_ID:85095950207,10.1136/jech-2020-214217,Social and physical neighbourhood characteristics and loneliness among older adults: Results from the MINDMAP project,Journal of Epidemiology and Community Health,2021,Cross-sectional,Other/None,Cross-sectional,FALSE,"['Environmental health', 'Epidemiology of ageing', 'Mental health', 'Neighbourhood/place']","Background Loneliness is associated with several adverse mental and physical health outcomes in older adults. Previous studies have shown that a variety of individual-level and perceived area-level characteristics are associated with loneliness. This study examined the associations of objectively measured social and physical neighbourhood characteristics with loneliness. Methods We used cross-sectional data from 1959 older adults (63-98 years) who participated in the Longitudinal Ageing Study Amsterdam (LASA; wave 2011/12) and the Health and Living Conditions of the Population of Eindhoven and Surroundings study (GLOBE; wave 2014) in the Netherlands. Study-specific loneliness scores were harmonised across both cohort studies and divided into tertiles denoting low, medium and high levels of loneliness. Objectively measured neighbourhood characteristics, including area-level percentages of low educated residents, social security beneficiaries and unoccupied dwellings, average income, crime levels and land use mix, were linked to individual-level data. Multinomial logistic regression analyses were conducted to examine the associations of interest. Results There was no statistical evidence for an association of the included neighbourhood characteristics with loneliness. Although not statistically significant, the observed associations suggested that participants living in neighbourhoods with more heterogeneous land use mix were less likely to have a medium and high level of loneliness than those living in more homogeneous neighbourhoods in terms of land use mix (OR medium =0.54, 95% CI=0.18-1.67; OR high =0.67, 95% CI=0.21-2.11). Conclusion The results indicate that the included objectively measured social and physical neighbourhood characteristics are not associated with loneliness in old age.",yes,no,no,
CS-025,36666,SCOPUS_ID:38849127540,10.1136/jech.2006.058578,Adult education and child nutrition: The role of family and community,Journal of Epidemiology and Community Health,2008,Cross-sectional,Other/None,Cross-sectional,TRUE,[],"Background: It is well established that mothers' education has positive effects on child nutrition in developing countries. Less explored is the effect exerted by the education of other individuals - mothers' friends, neighbours and family. Objectives: To examine independent effects of mothers', fathers' and grandmothers' education on child height-for-age and weight-for-age z-score, and the role of community-level maternal literacy over and above parental education and other individual-level factors. Methods: Cross-sectional data were analysed for 5692 children from Andhra Pradesh State in India and Vietnam sampled within ""sites"" (20 from each country) and then within ""communities"" (31 from Vietnam and 102 from India). Multilevel regression analysis was undertaken to account for confounders and geographical clustering of observations. Results: Child nutrition is positively and independently associated with mothers', fathers' and grandmothers' education. The association with grandmothers' education was statistically significant in the India sample only and was stronger for boys: the adjusted mean difference in height-for-age z-scores between boys living with an educated grandmother and those not was 0.64 (95% CI 0.29 to 0.99, p<0.001). In the Vietnam sample, child nutrition was associated with the proportion of literate mothers in the community, adjusting for parental education and other confounders (height 0.81, 95% CI 0.29 to 1.31, p = 0.002). Conclusion: The results imply that an individual-level perspective may fail to capture the entire impact of education on child nutrition, and support a call for a widening of focus of nutrition policy and programmes from the mother-child pair towards the broader context of their family and community.",yes,no,no,
CS-026,27897,SCOPUS_ID:82355171673,10.1093/eurpub/ckq164,Socio-economic differences in dysglycemia and lifestyle-related risk factors in the Finnish middle-aged population,European Journal of Public Health,2011,Cross-sectional,Other/None,Cross-sectional,FALSE,"['dysglycemia', 'risk factors', 'Socio-economic status', 'type 2 diabetes']","Background: The aim of this study was to investigate the association of socio-economic status (SES) with dysglycemia and the lifestyle-related risk factors, and to analyze to which extent known risk factors explain socio-economic differences in diabetes risk. Methods: Two population-based cross-sectional surveys in Finland including 1696 men and 1946 women aged 45-64 years who participated in a health examination in 2004 or 2007. Dysglycemia was determined by an oral glucose tolerance test. Total type 2 diabetes (including previously known and screen-detected type 2 diabetes), impaired glucose tolerance and impaired fasting glucose formed the category of total dysglycemia. Questionnaires and clinical examination were completed to assess risk factors for dysglycemia. SES was defined by education and household income. Results: In both genders, the prevalence of total dysglycemia differed statistically significantly between educational groups. Low education was statistically significantly associated with higher risk of total type 2 diabetes in women. The household income level was inversely associated with total type 2 diabetes in women and with total dysglycemia in men. Obesity, unhealthy diet and smoking were all inversely related to SES in both men and women. The observed association between education and dysglycemia was slightly attenuated after adjustment for obesity and other risk factors for diabetes. Conclusions: Low education was associated with an increased risk of dysglycemia more strongly than the low household income. Risk factors, especially obesity, explained only partly the observed associations between dysglycemia and education. The Author 2010. Published by Oxford University Press on behalf of the European Public Health Association.",yes,no,no,
CS-027,34459,SCOPUS_ID:85125001445,10.1093/ije/dyab137,Mortality amenable to healthcare in Latin American cities: A cross-sectional study examining between-country variation in amenable mortality and the role of urban metrics,International Journal of Epidemiology,2022,Cross-sectional,Other/None,Cross-sectional,FALSE,"['Amenable mortality', 'Latin America', 'urban health']","Background: This study examined the variation in city-level amenable mortality, i.e. mortality due to conditions that can be mitigated in the presence of timely and effective healthcare, in 363 Latin American cities and measured associations between amenable-mortality rates and urban metrics. Methods: We used death records from 363 cities with populations of >100 000 people in nine Latin American countries from 2010 to 2016. We calculated sex-specific age-adjusted amenable-mortality rates per 100 000. We fitted multilevel linear models with cities nested within countries and estimated associations between amenable mortality and urban metrics, including population size and growth, fragmentation of urban development and socio-economic status. Results: Cities in Mexico, Colombia and Brazil had the highest rates of amenable mortality. Overall, >70% of the variability in amenable mortality was due to between-country heterogeneity. But for preventable amenable mortality, those for which the healthcare system can prevent new cases, most of the variability in rates occurred between cities within countries. Population size and fragmentation of urban development were associated with amenable mortality. Higher fragmentation of urban development was associated with lower amenable mortality in small cities and higher amenable mortality in large cities. Population growth and higher city-level socio-economic status were associated with lower amenable mortality. Conclusions: Most of the variability in amenable mortality in Latin American cities was due to between-county heterogeneity. However, urban metrics such as population size and growth, fragmentation of urban development and city-level socio-economic status may have a role in the distribution of amenable mortality across cities within countries.",no,no,no,Uses city-level death records from 2010 to 2016 to analyse amenable mortality across cities; ecological study
CS-028,35143,SCOPUS_ID:0029162690,10.1136/jech.49.Suppl_1.17,Organochlorine residues in human breast milk: Analysis through a sentinel practice network,Journal of Epidemiology and Community Health,1995,Cross-sectional,Other/None,Cross-sectional,TRUE,[],"Study objective - The study aimed to assess through a sentinel practice network the validity of data on levels of organochlorine residues in human milk along with personal, lifestyle, and exposure variables of breastfeeding women; to compare the results of this new approach with those of the Lower Saxony breast milk surveillance programme; and to test hypotheses on potential determinants of contamination levels. Design - Eligible women were enrolled into this cross sectional study by a network of 51 paediatric practices when bringing their babies for a U3 infant screening examination (4th to 6th week after delivery). Lifestyle and exposure factors were obtained by questionnaire. All milk samples were analysed for hexachlorocyclohexane, hexachlorbenzole, DDT, dieldrin, poly-chlorinated biphenyls (PCB) and heptachlor; half the samples were also analysed for dioxin. Analytic statistics were computed using polychotomous logistic regression (PLR). Setting - The study was conducted in Lower Saxony, Germany, from summer 1992 to summer 1993. Participants-Altogether 156 primiparous, breast feeding German women, aged 25-35 years, who had been born and had grown up in West Germany, were studied. Main results - Compared with the regular programme, participants in this study had their milk analysed sooner after delivery and were more likely to have grown up in rural areas, less likely to have been exposed to hazardous substances, less likely to have a diet of health food, and slightly less likely to be a smoker at the time of the study. Breast milk contamination levels were comparable in both studies, and in all but two cases well below the tolerable concentrations established by the Deutsche Forschungsgemeinschaft (German Research Fellowship). After adjustment for potential confounders using polychotomous logistic regression, there were statistically significant positive associations between breast milk contamination and age (PCB, test for trend: p = 0.006), average dietary fat intake per week (dioxin, p = 0.01), and proximity of residence to hazardous sites (dioxin, p<0-05), and negative associations between residue levels and relative body weight at the time of the study (PCB; p<0-0001) and difference in body weight (weight minus weight before the pregnancy; PCB, p = 0-0002), respectively. Conclusions - Sentinel practice networks are a feasible and low-biased approach to population based breast milk studies. The contamination levels and associations found are biologically plausible and comparable with the results of other studies. To reduce organochlorine residue levels in human milk in the short term, breastfeeding women should be advised not to try to reduce their weight until after lactation. Public promotion of a lower dietary fat intake may reduce the lifetime accumulation of organochlorine compounds in the human body fat tissue in the long term, resulting in lower concentrations in breast milk as well.",yes,no,no,
CS-029,29222,SCOPUS_ID:85090050171,10.1093/eurpub/ckaa082,Quitting behaviours and cessation methods used in eight European Countries in 2018: findings from the EUREST-PLUS ITC Europe Surveys,European Journal of Public Health,2020,Cross-sectional,Other/None,Cross-sectional,TRUE,[],"Background: We examined quit attempts, use of cessation assistance, quitting beliefs and intentions among smokers who participated in the 2018 International Tobacco Control (ITC) Europe Surveys in eight European Union Member States (England, Germany, Greece, Hungary, the Netherlands, Poland, Romania and Spain). Methods: Cross-sectional data from 11 543 smokers were collected from Wave 2 of the ITC Six European Country (6E) Survey (Germany, Greece, Hungary, Poland, Romania and Spain—2018), the ITC Netherlands Survey (the Netherlands—late 2017) and the Four Countries Smoking and Vaping (4CV1) Survey (England—2018). Logistic regression was used to examine associations between smokers’ characteristics and recent quit attempts. Results: Quit attempts in the past 12 months were more frequently reported by respondents in the Netherlands (33.0%) and England (29.3%) and least frequently in Hungary (11.5%), Greece (14.7%), Poland (16.7%) and Germany (16.7%). With the exception of England (35.9%), the majority (56–84%) of recent quit attempts was unaided. Making a quit attempt was associated with younger age, higher education and income, having a smoking-related illness and living in England. In all countries, the majority of continuing smokers did not intend to quit in the next 6 months, had moderate to high levels of nicotine dependence and perceived quitting to be difficult. Conclusions: Apart from England and the Netherlands, smokers made few quit attempts in the past year and had low intentions to quit in the near future. The use of cessation assistance was sub-optimal. There is a need to examine approaches to supporting quitting among the significant proportion of tobacco users in Europe and increase the use of cessation support as part of quit attempts.",yes,no,no,
CS-030,2719,SCOPUS_ID:0035370489,10.1093/aje/153.11.1094,"Serum levels of C-reactive protein are associated with obesity, weight gain, and hormone replacement therapy in healthy postmenopausal women",American Journal of Epidemiology,2001,Cross-sectional,Other/None,Cross-sectional,FALSE,"['Adipose tissue', 'Estrone', 'Hormone replacement therapy', 'Inflammation', 'Women']","The authors evaluated the cross-sectional and prospective associations between the serum concentration of C-reactive protein and measures of obesity and fat distribution, hormone replacement therapy (HRT) use, and serum sex hormones in postmenopausal women from the Healthy Women Study (Allegheny County, Pennsylvania, 1998). The authors tested the hypothesis that C-reactive protein levels would be higher among HRT users and among women with greater body mass index, waist circumference, or visceral fat. There were 207 women in the study who were ≥8 years postmenopausal (101 HRT users and 106 HRT nonusers). The median levels of C-reactive protein were 3.01 mg/liter in HRT users compared with 1.74 mg/liter in nonusers (p = 0.002). C-reactive protein levels were strongly positively correlated with measures of body size, fatness, fat distribution, and weight gain among HRT users and nonusers. C-reactive protein was also positively correlated with serum estrone levels (rs = 0.38) among HRT nonusers. The highest level of C-reactive protein was found among HRT users in the highest quartile of visceral fat (4.29 mg/liter) compared with women not on HRT and in the lowest quartile of visceral fat (0.96 mg/liter). The use of HRT and measures of overall body fatness are important correlates of C-reactive protein among postmenopausal women.",/,yes,no,"Abstract states cross-sectional and prospective associations were evaluated, but the abstract does not clearly separate the analytic design for the reported results."
CS-031,41676,SCOPUS_ID:34047275452,10.1016/j.ypmed.2006.11.014,Weight concerns and smoking in a general population:. The Inter99 study,Preventive Medicine,2007,Cross-sectional,Other/None,Cross-sectional,FALSE,"['Body weight', 'Diet', 'Eating', 'Eating pattern', 'Gender', 'Inter99', 'Population based', 'Smoking', 'Smoking cessation', 'Weight concerns']","Objective.: No previous studies have explored weight concerns in relation to smoking habits, or investigated how weight concerns affect smoking cessation in a general population. Method.: Inter99 is a population-based lifestyle interventional study, conducted in 1999-2001 in Copenhagen, Denmark, comprising 30-60 year old men and women. All daily smokers (N = 2408) were offered help to quit. The baseline investigation (N = 6784) was used for analysing associations of smoking status with weight concerns (cross-sectional design). To analyse how weight concerns affected smoking cessation we included the 1387 daily smokers attending 1-year follow-up; 221 of these were verified quitters (longitudinal design). Results.: Daily smoking men and women had a significantly lower body mass index than never smokers (men: 3%, women 5%) but reported to be significantly less concerned of their weight (men: OR = 0.64, 95%CI = 0.4-0.9), women: 0.78(0.6-1.0)). Ex-smoking normal weight women were significantly more likely to be frequently concerned of their weight than never smoking normal weight women (OR = 2.06, 95CI% = 1.6-2.7). Fifty-two percent of the women and 32% of the men with a previous quit attempt reported that weight gain was a reason for relapse. Neither weight concerns nor eating patterns were predictive of point abstinence at 1-year follow-up. Conclusion.: Smokers are believed to be very concerned of their weight but in this population-based study, daily smokers more frequently ate what they wanted, had a lower BMI and were significantly less concerned of their weight than never smokers. Weight concerns and eating patterns did not predict abstinence at 1-year follow-up. It seems that weight gain and weight concerns are independent factors. © 2006 Elsevier Inc. All rights reserved.",/,yes,no,
CS-032,1455,SCOPUS_ID:0030058416,10.1093/oxfordjournals.aje.a008900,Successful aging: Predictors and associated activities,American Journal of Epidemiology,1996,Cross-sectional,Cohort,Cross-sectional,FALSE,"['activities of daily living', 'aging', 'cohort studies', 'health behavior', 'risk factors']","Six-year predictors of successful aging were analyzed for 356 Alameda County Study men and women aged 65-95 years measured prospectively in 1984 and followed to 1990. Successful aging was defined as needing no assistance nor having difficulty on any of 13 activity/mobility measures plus little or no difficulty on five physical performance measures. After adjusting for baseline successful aging, sex, and age, the authors found that 1984 predictors of 1990 successful aging included income above the lowest quintile (odds ratio (OR) = 2.01, 95% confidence interval (CI) 0.99-4.11), ≤12 years of education (OR = 1.67, 95% CI 0.98-2.84), white ethnicity (OR = 2.12, 95% CI 0.93-4.86), diabetes (OR = 0.10, 95% CI 0.01-0.79), chronic obstructive pulmonary disease (OR = 0.41, 95% CI 0.17-0.97), arthritis (OR = 0.43, 95% CI 0.26-0.71), and hearing problems (OR = 0.48, 95% CI 0.25-0.89). Adjusting for all variables, the authors found that behavioral and psychosocial predictors included the absence of depression (OR = 1.94, 95% CI 1.10-3.42), having close personal contacts (OR = 1.82, 95% CI 1.05-3.18), and often walks for exercise (OR = 1.77, 95% CI 1.00-3.12). Cross-sectional comparisons at follow-up revealed significantly higher community involvement, physical activity, and mental health for those aging successfully.",no,no,no,This is a prospective 6-year follow-up analysis of successful aging predictors; prospective longitudinal study
CS-033,31793,SCOPUS_ID:0035158264,10.1093/ije/30.5.959,Ethnic differences in mammographic densities,International Journal of Epidemiology,2001,Cross-sectional,Other/None,Cross-sectional,FALSE,"['Breast neoplasms', 'Comparative study', 'Ethnic groups', 'Mammography', 'Regression analysis', 'Risk factors']","Background. Breast cancer incidence is considerably lower among Japanese and Chinese women than among Caucasian and Native Hawaiian even in second and third generation migrants. Mammographic densities, which refer to the radiological appearance of the healthy female breast, are related to breast cancer risk. The purpose of this project was to explore the hypothesis that women from ethnic groups at high breast cancer risk are more likely to have high levels of densities than women from low breast cancer risk groups. Methods. In a cross-sectional design, 514 pre- and post-menopausal women recruited at mammography screening clinics completed a self-administered questionnaire. We used a computer-assisted method to measure the dense and the total areas of the breast and to computer per cent breast density. Student's t-tests and multiple linear regression were applied to examine ethnic differences and to explore determinants of mammographic densities, respectively. Results. The unadjusted mean dense area was 15% smaller in Chinese and Japanese women than in the Caucasian/Hawaiian group. However, because of their smaller breast size, the per cent of the breast occupied by dense tissue in Chinese and Japanese women was 20% higher than in Caucasian women. Body mass index, age, menopausal status, parity, and oestrogen therapy were associated with mammographic densities, but they did not account for all ethnic differences. Conclusions. Whereas this study detected some ethnic differences in mammographic densities, the importance of dense areas and per cent densities as indicators of breast cancer risk in ethnically diverse populations remains to be clarified.",/,yes,no,
CS-034,12874,SCOPUS_ID:85142003141,10.1016/j.amepre.2022.09.019,Effects of Cannabis Legalization on Adolescent Cannabis Use Across 3 Studies,American Journal of Preventive Medicine,2023,Cross-sectional,Other/None,Cross-sectional,FALSE,[],"Introduction: Canada, Uruguay, and 18 states in the U.S. have legalized the use of nonmedical (recreational) cannabis for adults, yet the impact of legalization on adolescent cannabis use remains unclear. This study examined whether cannabis legalization for adults predicted changes in the probability of cannabis use among adolescents aged 13–18 years. Methods: Data were drawn from 3 longitudinal studies of youth (spanning 1999–2020) centered in 3 U.S. states: Oregon, New York, and Washington. During this time, Oregon (2015) and Washington (2012) passed cannabis legalization; New York did not. In each study, youth average age was 15 years (total N=940; 49%–56% female, 11%–81% Black/African American and/or Latinx). Multilevel modeling (in 2021) of repeated measures tested whether legalization predicted within- or between-person change in past-year cannabis use or use frequency over time. Results: Change in legalization status across adolescence was not significantly related to within-person change in the probability or frequency of self-reported past-year cannabis use. At the between-person level, youth who spent more of their adolescence under legalization were no more or less likely to have used cannabis at age 15 years than adolescents who spent little or no time under legalization. Conclusions: This study addresses several limitations of repeated cross-sectional studies of the impact of cannabis legalization on adolescent cannabis use. Findings are not consistent with changes in the prevalence or frequency of adolescent cannabis use after legalization. Ongoing surveillance and analyses of subpopulations are recommended.",no,no,no,Uses longitudinal youth data with repeated measures and multilevel modeling
CS-035,36986,SCOPUS_ID:74049135290,10.1136/jech.2008.085068,A cross-national comparative perspective on racial inequities in health: The USA versus Canada,Journal of Epidemiology and Community Health,2010,Cross-sectional,Other/None,Cross-sectional,FALSE,[],"Background: Cross-national comparisons allow the examination of the malleability of associations between race and health. Racial inequities in chronic conditions, indicators of health status and behavioural risk factors between two similar advanced capitalist countries were compared. It was hypothesised that racial inequities will be mitigated in Canada compared with the USA. Methods: Population-based, cross-sectional data from the 2002-3 Joint Canada-USA Survey of Health (JCUSH) with 4953 adult respondents from the USA and 3455 from Canada. Models adjusted for age, sex, foreign birth, marital status, health insurance, education, income and home ownership. Results: Compared with the USA, racial inequities in health were attenuated in Canada. In the USA, racial inequities in chronic diseases and fair or poor self-rated health were largely driven by inequities found among the native born. Strikingly, in Canada, however, there were few significant racial inequities and those occurred exclusively among the foreign born. Within strata of race and foreign birth, Canadians fared better, with both white people and non-white people reporting better health than their American counterparts. Foreign-born Canadians and Americans were more similar to each other in terms of health than native-born Canadians and Americans. Only among the native born did American white people and American non-white people have higher adjusted odds of hypertension, diabetes and obesity than Canadian white people and Canadian non-white people respectively. Self-rated health was worse for non-white Americans than non-white Canadians regardless of foreign birth. Conclusion: The influence of race on health is context dependent. There is no necessary link between race and a variety of health indicators.",yes,no,no,
CS-036,18539,SCOPUS_ID:84880157019,10.2105/AJPH.2012.301079,Televised antismoking advertising: Effects of level and duration of exposure,American Journal of Public Health,2013,Cross-sectional,Other/None,Cross-sectional,TRUE,[],"Objectives. We assessed the effects of levels and duration of exposure to televised antismoking advertising on cognitive and behavioral changes. Methods. We used data from a serial cross-sectional telephone survey with weekly interviews of adult smokers and recent quitters in New South Wales, Australia (n = 13 301), between April 2005 and December 2010. We merged survey data with commercial TV ratings data to estimate individuals' exposure to antismoking advertising. Results. Logistic regression analyses indicated that after adjustment for a wide range of potential confounders, exposure to antismoking advertising at levels between 100 and 200 gross rating points per week on average over 6 to 9 weeks was associated with an increased likelihood of having (1) salient quitting thoughts and (2) recent quit attempts. Associations between exposure for shorter periods and these outcomes were not significant. Conclusions. Broadcasting schedules may affect the success of antismoking ads. Campaign planners should ensure advertising exposure at adequate frequency over relatively sustained periods to maximize impact. © 2013 American Journal of Public Health.",yes,no,no,
CS-037,32349,SCOPUS_ID:33749626291,10.1093/ije/dyl049,Plasma fibrinogen and lung function: The CARDIA study,International Journal of Epidemiology,2006,Cross-sectional,Other/None,Cross-sectional,FALSE,"['Asthma', 'BMI', 'FEV 1', 'FEV /FVC ratio 1', 'Fibrinogen', 'FVC', 'Inflammation', 'Lung function', 'Smoking']","Background: We hypothesized that fibrinogen, as a marker of chronic inflammation, is inversely associated with forced vital capacity (FVC) and forced expiratory volume in 1 s (FEV 1) in healthy persons. Methods: The CARDIA cohort started in 1985 and included black and white men and women, aged 18-30, from the general population. Spirometry testing conducted at years 5 and 10 [FVC, FEV 1, and their ratio (FEV 1 /FVC)] was studied relative to plasma fibrinogen levels measured at year 5 (cross-sectional n = 4040) and at year 7 (longitudinal n = 3001), controlling for race, sex, age, height, smoking, asthma, body mass index, physical activity, birth control pill use, and alcohol intake. Results: In cross-sectional analyses, FVC at year 5 was lower by 166 ml (95% confidence interval 116-216 ml) in the highest vs lowest year 5 fibrinogen quartile. At year 10, holding year 5 FVC and change in fibrinogen (year 7-year 5) constant, the difference in FVC between the highest and the lowest year 5 fibrinogen quartiles widened by 67 ml (95% CI 31-103 ml). The corresponding differences for FEV 1 were 166 ml (95% CI 146-253 ml) at year 5 and 45 ml (95% CI 11-80 ml) widening by year 10. The FEV 1 /FVC ratio was unrelated to plasma fibrinogen. Conclusion: These findings are consistent with the hypothesis that fibrinogen, possibly as a marker for chronic low-grade inflammation, is associated with modest deterioration of lung function in healthy young adults. © 2006 Oxford University Press.",no,yes,no,longitudinal/prospective cohort
CS-038,12130,SCOPUS_ID:85078006489,10.1016/j.amepre.2019.10.011,Inequity in California's Smokefree Workplace Laws: A Legal Epidemiologic Analysis of Loophole Closures,American Journal of Preventive Medicine,2020,Cross-sectional,Other/None,Cross-sectional,FALSE,[],"Introduction: California's landmark 1994 Smokefree Workplace Act contained numerous exemptions, or loopholes, believed to contribute to inequities in smokefree air protections among low-income communities and communities of color (e.g., permitting smoking in warehouses, hotel common areas). Cities/counties were not prevented from adopting stronger laws. This study coded municipal laws and state law changes (in 2015–2016) for loophole closures and determined their effects in reducing inequities in smokefree workplace protections. Methods: Public health attorneys reviewed current laws for 536 of California's 539 cities and counties from January 2017 to May 2018 and coded for 19 loophole closures identified from legislative actions (inter-rater reliability, 87%). The local policy data were linked with population demographics from intercensal estimates (2012–2016) and adult smoking prevalence (2014). The analyses were cross-sectional and conducted in February–June 2019. Results: Between 1994 and 2018, jurisdictions closed 6.09 loopholes on average (SD=5.28). Urban jurisdictions closed more loopholes than rural jurisdictions (mean=6.40 vs 3.94, p<0.001), and loophole closure scores correlated positively with population size, median household income, and percentage white, non-Hispanic residents (p<0.001 for all). Population demographics and the loophole closure score explained 43% of the variance in jurisdictions’ adult smoking prevalence. State law changes in 2015–2016 increased loophole closure scores and decreased jurisdiction variation (mean=9.74, SD=3.56); closed more loopholes in rural versus urban jurisdictions (meangain=4.44 vs 3.72, p=0.002); and in less populated, less affluent jurisdictions, with greater racial/ethnic diversity, and higher smoking prevalence (p<0.001 for all). Conclusions: Although jurisdictions made important progress in closing loopholes in smokefree air law, state law changes achieved greater reductions in inequities in policy coverage.",yes,no,no,
CS-039,9221,SCOPUS_ID:33745599609,10.1016/j.amepre.2006.03.028,Stalking in the United States. Recent National Prevalence Estimates,American Journal of Preventive Medicine,2006,Cross-sectional,Other/None,Cross-sectional,FALSE,[],"Background: Stalking is a major public health concern, primarily for women, and is associated with many adverse health outcomes, including death. However, the prevalence of stalking among adults in the United States has not been assessed since 1995-1996. The objective of this analysis is to provide more recent national estimates on lifetime stalking and demographic characteristics of stalking victims. Methods: A sample of adults aged 18 years and older living in the United States (n =9684) participated in the second Injury Control and Risk Survey (ICARIS-2), a cross-sectional, random-digit-dial telephone survey conducted from 2001 to 2003. Analyses conducted in 2005 focused on the respondents' reports of having ever been stalked in a way that was somewhat dangerous or life-threatening. Results: In the United States, 4.5% of adults reported having ever been stalked. Women had significantly higher prevalence (7%) of stalking victimization than did men (2%) (odds ratio [OR]=3.68, 95% confidence interval [CI]=2.77-4.90). People who were never married (OR=1.43, 95%CI=1.03-1.99) or who were separated, widowed, or divorced (OR=1.68, 95% CI=1.28-2.21) had significantly higher odds of being stalked than those who were married or had a partner. People aged 55 years or older and those who were retired were least likely to report stalking victimization. Conclusions: Comparable to previous national estimates, this study shows that stalking affects many adults. Nearly 1 in 22 adults (almost 10 million, approximately 80% of whom were women) in the United States were stalked at some time in their lives. © 2006 American Journal of Preventive Medicine.",yes,no,no,
CS-040,9749,SCOPUS_ID:57549118167,10.1016/j.amepre.2008.10.001,"Rural-Urban Differences in Injury Hospitalizations in the U.S., 2004",American Journal of Preventive Medicine,2009,Cross-sectional,Other/None,Cross-sectional,TRUE,[],"Background: Despite prior research demonstrating higher injury-mortality rates among rural populations, few studies have examined the differences in nonfatal injury risk between rural and urban populations. The objective of this study was to compare injury-hospitalization rates between rural and urban populations using population-based national estimates derived from patient-encounter data. Methods: A cross-sectional analysis of the 2004 Nationwide Inpatient Sample was conducted in 2007. Rural-urban classifications were determined based on residence. SUDAAN software and U.S. Census population estimates were used to calculate nationally representative injury-hospitalization rates. Injury rates between rural and urban categories were compared with rate ratios and 95% CIs. Results: An estimated 1.9 million (95% CI=1,800,250-1,997,801) injury-related hospitalizations were identified. Overall, injury-hospitalization rates generally increased with increasing rurality; rates were 27% higher in large rural counties (95% CI=10%, 44%) and 35% higher in small rural counties (95% CI=16%, 55%). While hospitalization rates for assaults were highest in large urban counties, the rates for unintentional injuries from motor vehicle traffic, falls, and poisonings were higher in rural populations. Rates for self-inflicted injuries from poisonings, cuttings, and firearms were higher in rural counties. The total estimated hospital charges for injuries were more than $50 billion. On a per-capita basis, hospital charges were highest for rural populations. Conclusions: These findings highlight the substantial burden imposed by injury on the U.S. population and the significantly increased risk for those residing in rural locations. Prevention and intervention efforts in rural areas should be expanded and should focus on risk factors unique to these populations. © 2009.",yes,no,no,
CS-041,32274,SCOPUS_ID:18444411700,10.1093/ije/dyh381,Socioeconomic status and health: Is parasympathetic nervous system activity an intervening mechanism?,International Journal of Epidemiology,2005,Cross-sectional,Other/None,Cross-sectional,FALSE,"['Community study', 'Parasympathetic nervous system', 'Socioeconomic status']","Background: The link between socioeconomic status (SES) and health is widely recognized but the pathophysiologic mechanisms are not well understood. We tested the hypothesis that parasympathetic nervous system (PNS) regulation is one such mechanism. Methods: In a cross-sectional study, electrocardiogram-derived RR interval variability (RRV), a non-invasive index of cardiac PNS regulation, and SES, measured as educational attainment and income, were collected in 756 subjects in the CARDIA study of heart disease in young adults. Results: Relative to those with less than a high school education, those with high school to college and post-college education had 26% (β = 0.233) and 43% (β = 0.355) greater low frequency (LF) RRV, respectively, adjusted for age, sex, and race. For high frequency (HF) RRV, race interacted with income: relative to low income whites, intermediate and high income whites had 133 and 191% greater HF power, respectively, while intermediate and high income blacks had 32 and 44% greater HF RRV, respectively, relative to low income blacks. Conclusions: Numerous studies demonstrate that psychosocial stressors reduce cardiac parasympathetic regulation and that SES disparities are associated with increasing social stress proportional to the degree of disparity. Data from the current study suggest that PNS regulation may be a mechanism linking the stressful effects of low SES to increased morbidity and mortality. © The Author 2005; all rights reserved.",yes,no,no,
CS-042,24596,SCOPUS_ID:0033862439,10.1023/A:1007683626665,Coffee consumption and decreased serum γ-glutamyltransferase: A study of middle-aged Japanese men,European Journal of Epidemiology,2000,Cross-sectional,Other/None,Cross-sectional,FALSE,"['γ-Glutamyltransferase', 'Age', 'Alcohol intake', 'Coffee', 'Obesity', 'Smoking']","The potential inverse association between coffee intake and serum γ-glutamyltransferase (GGT) was examined in a cross-sectional study involving 1353 Japanese male office workers aged 35-59 years in Osaka, Japan. Those who had serum amino transferases exceeding the normal range and/or who had been administered medical care for, or had a past history of, liver disease were excluded. Multiple linear regression analysis and analysis of covariance were used to control for confounding variables (age, body mass index, alcohol use, and cigarette smoking) and to examine possible interactions. From the linear regression analysis, coffee intake was inversely related to serum GGT levels independently of age, body mass index, alcohol intake, and cigarette smoking. All of the latter variables were also independently and positively associated with serum GGT levels. When the interactions between coffee and each of four covariates on serum GGT were evaluated by adding each interaction term to the above regression model, significant negative interactions were observed for age and cigarette smoking. From the analysis of covariance, lower levels of serum GGT associated with coffee consumption were more evident in the older age group and at the higher levels of cigarette smoking. These findings suggest that coffee consumption is inversely related to serum GGT and that coffee may inhibit the inducing effects of aging and possibly of smoking on serum GGT in the liver.",yes,no,no,
CS-043,44293,SCOPUS_ID:85063893350,10.1016/j.ypmed.2019.03.039,"Perceived and objective characteristics of the neighborhood environment are associated with accelerometer-measured sedentary time and physical activity, the CARDIA Study",Preventive Medicine,2019,Cross-sectional,Other/None,Cross-sectional,FALSE,"['Accelerometer', 'Cohesion', 'Neighborhood', 'Physical Activity', 'Poverty', 'Resources', 'Sedentary Time', 'Segregation']","We investigated cross-sectional and longitudinal associations of neighborhood environment characteristics with accelerometer-measured sedentary time (SED), light-intensity physical activity (LPA), and moderate-to-vigorous intensity physical activity (MVPA). Participants were 2120 men and women in the year 20 (2005–2006) and year 30 CARDIA exams (2015–2016). Year 20 neighborhood characteristics included neighborhood cohesion, resources for physical activity, poverty, and racial residential segregation. Physical activity was measured by accelerometer at years 20 and 30. Multivariable linear regression models examined associations of standardized neighborhood measures at year 20 with SED, LPA, and MVPA assessed that year, and with 10-year changes in SED, LPA, and MVPA. Cross-sectionally, a one standard deviation (SD) increase in cohesion was associated with 4.06 less SED min/day (95% CI: −7.98, −0.15), and 4.46 more LPA min/day (95% CI: 0.88, 8.03). Each one SD increase in resources was associated with 1.19 more MVPA min/day (95% CI: 0.06, 2.31). A one SD increase in poverty was associated with 11.18 less SED min/day (95% CI: −21.16, −1.18) and 10.60 more LPA min/day (95% CI: 1.79, 19.41) among black men. No neighborhood characteristic was associated with 10-year changes in physical activity in the full sample; however, a one SD increase in cohesion was associated with a 10-year decrease of 25.44 SED min/day (95% CI: −46.73, −4.14) and an increase of 19.0 LPA min/day (95% CI, 1.89, 36.10) in black men. Characteristics of the neighborhood environment are associated with accelerometer-measured physical activity. Differences were observed by race and sex, with more robust findings observed in black men.",/,yes,no,
CS-044,37519,SCOPUS_ID:84911399009,10.1136/jech-2013-203516,Validation of a population coronary disease predictive system: The CASSANDRA model,Journal of Epidemiology and Community Health,2014,Cross-sectional,Other/None,Cross-sectional,FALSE,[],"Background: The use of validated multivariate cardiovascular predictive models in a population setting is of interest for public health policy makers. We aimed to validate the estimations of the CASSANDRA model (coronary heart disease (CHD) incidence and CHD risk distribution), considering the population changes in age, sex and CHD risk factors prevalence in a 10-year period. Methods: We compared the projected CHD incidence estimated with CASSANDRA with that observed in the Girona Heart Registry (REGICOR) for 1995-2004 and 2000-2009 in the population of Girona (Spain) aged 35-74 years. We used official age and sex distributions for this population. Baseline cardiovascular risk factors prevalence and the distribution of cardiovascular risk were obtained from three cross-sectional studies performed in 1995, 2000 and 2005. To validate the future distribution of cardiovascular risk, we tested the yearly CHD risk variance over the study period. Results: No significant differences between the estimated and observed annual CHD incidence per 100 000 men were found in 1995-2004 (CASSANDRA=457.8 and REGICOR=420.3, incidence rate ratio (IRR) (95% CI)=0.92 (0.89 to 0.96)) and in 2000-2009 (441.4 and 409.6, respectively, IRR=0.93 (0.90 to 0.96)). However, overpredictions of 18% and 22%, respectively, were observed in women (198.8 and 160.4, IRR=0.82 (0.77 to 0.86), and 197.1 and 152.8, IRR=0.78 (0.74 to 0.83), respectively). No significant differences were found in the CHD risk variance in the three different cross-sectional studies. Conclusions: The CASSANDRA model produces valid estimates, particularly in men, of the future burden of disease and in the distribution of cardiovascular risk in individuals aged 35-74 years.",no,no,no,
CS-045,7496,SCOPUS_ID:85139572591,10.1093/aje/kwac120,Gestational Weight Gain and Birth Outcome: A Comparison of Methods of Accounting for Gestational Age,American Journal of Epidemiology,2022,Cross-sectional,Other/None,Cross-sectional,FALSE,"['cesarean delivery', 'gestational age', 'gestational weight gain', 'low birth weight', 'small-for-gestational-age birth', 'z scores']","Cross-sectional studies of total gestational weight gain (GWG) and perinatal outcomes have used different approaches to operationalize GWG and adjust for duration of gestation. Using birth records from California (2007-2017), Nevada (2010-2017), and Oregon (2008-2017), we compared 3 commonly used approaches to estimate associations between GWG and cesarean delivery, small-for-gestational-age birth, and low birth weight (LBW): 1) the Institute of Medicine-recommended GWG ranges at a given gestational week, 2) total weight gain categories directly adjusting for gestational age as a covariate, and 3) weight-gain-for-gestational-age z scores derived from an external longitudinal reference population. Among 5,461,130 births, the 3 methods yielded similar conclusions for cesarean delivery and small-for-gestational-age birth. However, for LBW, some associations based on z scores were in the opposite direction of methods 1 and 2, paradoxically suggesting that higher GWG increases risk of LBW. This was due to a greater proportion of preterm births among those with high z scores, and controlling for gestational age in the z score model brought the results in line with the other methods. We conclude that the use of externally derived GWG z scores based on ongoing pregnancies can yield associations confounded by duration of pregnancy when the outcome is strongly associated with gestational age at delivery.",no,no,no,
CS-046,42394,SCOPUS_ID:84868303968,10.1016/j.ypmed.2012.08.019,Associations between active commuting and physical activity in working adults: Cross-sectional results from the Commuting and Health in Cambridge study,Preventive Medicine,2012,Cross-sectional,Other/None,Cross-sectional,TRUE,"['Accelerometry', 'Active commuting', 'Physical activity', 'Working adults']","Objective: To quantify the association between time spent in active commuting and in moderate to vigorous physical activity (MVPA) in a sample of working adults living in both urban and rural locations. Methods: In 2009, participants in the Commuting and Health in Cambridge study were sent questionnaires enquiring about sociodemographic characteristics and weekly time spent in active commuting. They were also invited to wear an accelerometer for seven days. Accelerometer data were used to compute the time spent in MVPA. Multiple regression models were used to examine the association between time spent in active commuting and MVPA. Results: 475 participants (70% female) provided valid data. On average, participants recorded 55 (SD: 23.02) minutes of MVPA per day. For women, reporting 150 or more minutes of active commuting per week was associated with an estimated 8.50 (95% CI: 1.75 to 51.26, p=0.01) additional minutes of daily MVPA compared to those who reported no time in active commuting. No overall associations were found in men. Conclusions: Promoting active commuting might be an important way of increasing levels of physical activity, particularly in women. Further research should assess whether increases in time spent in active commuting are associated with increases in physical activity. © 2012 Elsevier Inc.",/,yes,no,
CS-047,41088,SCOPUS_ID:1542298844,10.1016/j.ypmed.2003.11.021,"Gender and smoking status-based analysis of views regarding waterpipe and cigarette smoking in Aleppo, Syria",Preventive Medicine,2004,Cross-sectional,Other/None,Cross-sectional,FALSE,"['Attitude', 'Gender', 'Narghile', 'Perception', 'Syria', 'Waterpipe']","Background. Narghile (waterpipe) smoking is increasing across the Eastern Mediterranean region (EMR), though little is known about the social attitudes and perceptions related to this method of tobacco use, and how those attitudes and perceptions are influenced by gender. Methods. Data from two cross-sectional surveys conducted in 2003 in Aleppo, Syria, were used to examine these issues. Overall, 855 participants were included (439 men, 416 women; mean age, 24.4±7.1 years; response rate, 97%). The current analysis focuses on responses to four similar nine-item questions tapping perceptions related to narghile smoking by women or men, and cigarette smoking by women or men. Scores on the nine items were summed to yield a total score to gauge participants' perceptions about narghile and cigarette. Results. Generally, participants were less positive about women smoking relative to men smoking, and cigarette smoking relative to narghile smoking. Cigarette smoking by women was the behavior least associated with positive perceptions. Individuals who resided in the city, were economically better-off, and were Christian, had higher perception scores (i.e., more positive attitudes) toward all forms of smoking, whereas older and married participants had higher perception scores for narghile only. Smoking status of participants, especially narghile smoking, was also associated with more positive perceptions toward smoking in general. Conclusions. We conclude that preliminary analysis shows that views on different forms of smoking in Syria differ by gender and smoking status. © 2003 The Institute For Cancer Prevention and Elsevier Inc. All rights reserved.",yes,no,no,
CS-048,21879,SCOPUS_ID:0035062322,10.1097/00001648-200105000-00016,"Dermal exposure, handwashing, and hand dermatitis in the rubber manufacturing industry",Epidemiology,2001,Cross-sectional,Other/None,Cross-sectional,FALSE,"['Dermal exposure', 'Handwashing', 'Industrial surfactants', 'Occupational contact dermatitis', 'Occupational exposures', 'Rubber industry']","Skin diseases, such as hand dermatitis, are thought to be a common problem in the rubber manufacturing industry, as workers are exposed to a wide range of chemicals with known irritant and sensitizing potential. We conducted a cross-sectional survey of a representative sample of rubber manufacturing workers (N = 202), selected from nine different rubber companies. Prevalence of hand dermatitis (""major"" and ""minor"" dermatitis) and skin injuries was assessed on the basis of a diagnosis by a dermatologist. We investigated the possible relations between actual skin exposure, handwashing practices, and hand dermatitis. Prevalence of major hand dermatitis (7%) was comparable with that in the general population however, minor signs of dermatitis were more common among the surveyed population (28%), as were traumata of the skin (17%). Dermal exposure to cyclohexane-soluble agents at work was related to the occurrence of major hand dermatitis, but not to the occurrence of minor hand dermatitis. Moderate and frequent handwashing especially with industrial suffactants containing scrubbing particles were found to be strongly associated with the occurrence of minor dermatitis [odds ratio = 4.27 (95% confidence interval = 0.90-20.27) and odds ratio = 6.38 (95% confidence interval = 1.33-30.17, respectively)].",yes,no,no,
CS-049,14948,SCOPUS_ID:0030858793,10.2105/AJPH.87.7.1136,The use of outpatient mental health services in the United States and Ontario: The impact of mental morbidity and perceived need for care,American Journal of Public Health,1997,Cross-sectional,Other/None,Cross-sectional,FALSE,[],"Objectives: This study compared the associations of individual mental health disorders, self-rated mental health, disability, and perceived need for care with the use of outpatient mental health services in the United States and the Canadian province of Ontario. Methods: A cross-sectional study design was employed. Data came from the 1990 US National Comorbidity Survey and the 1990 Mental Health Supplement to the Ontario Health Survey. Results: The odds of receiving any medical or psychiatric specialty services were as follows: for persons with any affective disorder, 3.1 in the United States vs 11.0 in Ontario; for persons with fair or poor self-rated mental health, 2.7 in the United States vs 5.0 in Ontario; for persons with mental health- related disability, 3.0 in the United States vs 1.5 in Ontario. When perceived need was controlled for, most of the between-country differences in use disappeared. Conclusions: The higher use of mental health services in the United States than in Ontario is mostly explained by the combination of a higher prevalence of mental morbidity and a higher prevalence of perceived need for care among persons with low mental morbidity in the United States.",yes,no,no,
CS-050,24441,SCOPUS_ID:0344759116,10.1023/A:1007542700074,Prevalence of angina pectoris in Spain,European Journal of Epidemiology,1999,Cross-sectional,Other/None,Cross-sectional,FALSE,"['Angina', 'Prevalence', 'Questionnaire', 'Validation']","The frequency of coronary heart disease in a community is usually measured by myocardial infarction incidence and mortality rates. The measurement of the prevalence of angina pectoris may, however, become a convenient way of assessing coronary heart disease morbidity in the future. The aim of this study was to determine the prevalence of angina and validity of the Rose questionnaire in the Spanish population aged from 45 to 74 years. A cross-sectional study was conducted in 10,248 subjects (45-74 years), representative of the Spanish population. The WHO Rose questionnaire was used and a construct validation against regional mortality rates and cardiovascular risk factor prevalence was devised. The overall angina prevalence increased with age both in men and women, but was higher in the latter (7.3% and 7.7%, respectively). Angina prevalence also increased with the number of cardiovascular risk factors present and correlated with regional CHD mortality rates (r = 0.66). Sensitivity and specificity results of the Rose questionnaire were low when tested against exercise test (52.9% and 52.1%, respectively). As conclusions, Rose questionnaire is a reliable tool for assessing angina prevalence in the Spanish population which is similar to that of other industrialized countries with higher myocardial infarction morbidity and mortality.",yes,no,no,
CS-051,33508,SCOPUS_ID:85012867357,10.1093/ije/dyw147,Effects of hormonal contraception on systemic metabolism: Cross-sectional and longitudinal evidence,International Journal of Epidemiology,2016,Cross-sectional,Other/None,Cross-sectional,FALSE,"['Amino acids', 'Combined oral contraceptive pills', 'Cytokines', 'Fatty acids', 'Hormonal contraception', 'Hormones', 'Inflammation', 'Lipoproteins', 'Metabolomics', 'Progestin-only contraceptives', 'Risk factors']","Background: Hormonal contraception is commonly used worldwide, but its systemic effects across lipoprotein subclasses, fatty acids, circulating metabolites and cytokines remain poorly understood. Methods: A comprehensive molecular profile (75 metabolic measures and 37 cytokines) was measured for up to 5841 women (age range 24-49 years) from three population-based cohorts. Women using combined oral contraceptive pills (COCPs) or progestin-only contraceptives (POCs) were compared with those who did not use hormonal contraception. Metabolomics profiles were reassessed for 869 women after 6 years to uncover the metabolic effects of starting, stopping and persistently using hormonal contraception. Results: The comprehensive molecular profiling allowed multiple new findings on the metabolic associations with the use of COCPs. They were positively associated with lipoprotein subclasses, including all high-density lipoprotein (HDL) subclasses. The associations with fatty acids and amino acids were strong and variable in direction. COCP use was negatively associated with albumin and positively associated with creatinine and inflammatory markers, including glycoprotein acetyls and several growth factors and interleukins. Our findings also confirmed previous results e.g. for increased circulating triglycerides and HDL cholesterol. Starting COCPs caused similar metabolic changes to those observed cross-sectionally: the changes were maintained in consistent users and normalized in those who stopped using. In contrast, POCs were only weakly associated with metabolic and inflammatory markers. Results were consistent across all cohorts and for different COCP preparations and different types of POC delivery. Conclusions: Use of COCPs causes widespread metabolic and inflammatory effects. However, persistent use does not appear to accumulate the effects over time and the metabolic perturbations are reversed upon discontinuation. POCs have little effect on systemic metabolism and inflammation.",/,yes,no,
CS-052,42752,SCOPUS_ID:84880581337,10.1016/j.ypmed.2013.01.007,Low nocturnal ocular perfusion pressure as a risk factor for normal tension glaucoma,Preventive Medicine,2013,Cross-sectional,Other/None,Cross-sectional,FALSE,"['24-hour IOP', 'Normal tension glaucoma', 'Ocular perfusion pressure']","Objectives: In the absence of raised intraocular pressure (IOP), haemodynamic parameters have been implicated in the development of normal tension glaucoma (NTG). The purpose of this study is to compare 24-hour IOP and haemodynamic parameters in NTG patients and non-glaucoma patients. Methods: This is a cross sectional study involving 72 NTG patients from University of Malaya Medical Centre eye clinic glaucoma registry. The non-glaucoma patients were volunteers selected from eye clinic patients. All enrolled patients underwent 24-hour IOP and blood pressure monitoring via 2-hourly IOP and blood pressure (BP) measurements. All readings were taken in the sitting position during the diurnal period and in the supine position during the nocturnal period. Results: Comparison of the haemodynamic parameters, the nocturnal mean systolic BP, nocturnal mean diastolic BP and nocturnal mean arterial pressure (MAP) were significantly lower in the NTG group. The systemic ocular perfusion pressures (OPP), diastolic OPP and mean OPP taken at night were also significantly lower in the NTG group. The differences between the groups were still manifest after controlling for age and presence of hypertension. Conclusion: Our findings show that the nocturnal supine blood pressure parameters (systolic, diastolic and mean) and OPP were significantly lower in the NTG group compared to normals. This may reflect defective autoregulatory mechanisms in NTG patients. © 2013 Elsevier Inc.",yes,no,no,
CS-053,8962,SCOPUS_ID:0037238312,10.1016/S0749-3797(02)00573-1,Chlamydia trachomatis infection in asymptomatic men,American Journal of Preventive Medicine,2003,Cross-sectional,Other/None,Cross-sectional,TRUE,[],"Background: The epidemiology of Chlamydia trachomatis infection in men is not well defined, especially among those who are asymptomatic or show no signs of infection. Established C. trachomatis screening programs for women have demonstrated the benefit of routine screening in reducing prevalence over time, but the yield and benefit of screening asymptomatic men are unclear. Methods: Cross-sectional study of C. trachomatis prevalence and associated risk factors among men tested at sexually transmitted disease (STD) clinics in Alaska, Idaho, Oregon, and Washington. We analyzed data from 43,094 men universally tested from 1997 to 1999 at 103 STD clinics, and assessed age-specific prevalence of infection, controlling for signs of infection (urethritis diagnosed by clinician) and report of sexual contact to a person with an STD (defined as ""contact""). Results: Overall prevalence of C. trachomatis was 10.3%. Age-specific prevalence was highest among men aged 18 to 19 years and lowest among those aged >29 years, regardless of signs of infection upon examination or contact to a person with an STD. If these factors and age <25 years had been used to direct C. trachomatis testing at STD clinics, 59% of men would have been tested and 91% of positives would have been detected. Conclusions: Using either the presence of clinical signs or report of a sex partner with an STD in combination with selective screening of all men aged <25 years detects the majority of infections and, in our population, would have considerably reduced the number of negative tests performed. © 2003 American Journal of Preventive Medicine.",yes,no,no,
CS-054,5449,SCOPUS_ID:84866912616,10.1093/aje/kws219,A structural equation modeling approach to fatigue-related risk factors for occupational injury,American Journal of Epidemiology,2012,Cross-sectional,Other/None,Cross-sectional,FALSE,"['accidents, occupational', 'epidemiologic methods', 'occupational health', 'occupational injuries', 'sleep', 'structural equation model', 'work schedule tolerance']","Occupational injury is associated with numerous individual and work-related risk factors, including long working hours and short sleep duration; however, the complex mechanisms causing such injuries are not yet fully understood. The authors used structural equation modeling (SEM) as a novel approach to examine fatigue-related direct and indirect potential risk factors for occupational injury. The study sample contained 89,366 employed workers from the National Health Interview Survey (pooled across 6 years, 20042009), an annual survey of a representative cross-sectional sample of the US population. Direct and indirect effects of weekly hours worked and usual sleep duration on occupational injuries were modeled using SEM procedures for dichotomous outcomes and a complex sampling design. Confounding and mediating effects of gender, age, race/ethnicity, occupation, industry, type of pay, body mass index (BMI), and psychological distress were simultaneously examined. Long working hours and short sleep duration independently increased the risk of injury. Additional direct risk factors were gender, occupation, type of pay, and BMI. At the same time, sleep duration mediated the adverse relations of long working hours, high psychological distress, and high BMI with injury. These findings indicate that SEM is a useful approach with which to examine dichotomous outcomes and indirect effects in complex samples, and it offers a comprehensive new model of injury prediction. © 2012 The Author.",yes,no,no,
CS-055,36220,SCOPUS_ID:20244379255,10.1136/jech.2004.025684,Trends in smoking behaviour between 1985 and 2000 in nine European countries by education,Journal of Epidemiology and Community Health,2005,Cross-sectional,Other/None,Cross-sectional,FALSE,[],"Objective: To examine whether trends in smoking behaviour in Western Europe between 1985 and 2000 differed by education group. Design: Data of smoking behaviour and education level were obtained from national cross sectional surveys conducted between 1985 and 2000 (a period characterised by intense tobacco control policies) and analysed for countries combined and each country separately. Annual trends in smoking prevalence and the quantity of cigarettes consumed by smokers were summarised for each education level. Education inequalities in smoking were examined at four time points. Setting: Data were obtained from nine European countries: Norway, Sweden, Denmark, Finland, the United Kingdom, the Netherlands, Germany, Italy, and Spain. Participants: 451 386 non-institutionalised men and women 25-79 years old. Main outcome measures: Smoking status, daily quantity of cigarettes consumed by smokers. Results: Combined country analyses showed greater declines in smoking and tobacco consumption among tertiary educated men and women compared with their less educated counterparts. In country specific analyses, elementary educated British men and women, and elementary educated Italian men showed greater declines in smoking than their more educated counterparts. Among Swedish, Finnish, Danish, German, Italian, and Spanish women, greater declines were seen among more educated groups. Conclusions: Widening education inequalities in smoking related diseases may be seen in several European countries in the future. More insight into effective strategies specifically targeting the smoking behaviour of low educated groups may be gained from examining the tobacco control policies of the UK and Italy over this period.",yes,no,no,
CS-056,27151,SCOPUS_ID:0034952245,10.1093/eurpub/11.2.141,Body mass index and weight change attempts among adult women: The Norwegian women and cancer study,European Journal of Public Health,2001,Cross-sectional,Other/None,Cross-sectional,FALSE,"['Body weight', 'Health behaviour', 'Population study', 'Socioeconomic status', 'Weight loss']","Background: Based on concern about the widespread increase in being overweight and obesity along with a substantial demand for leanness, we wanted to estimate body mass index (BMI) and the prevalence of weight change attempts in a population-based sample of Norwegian women. Furthermore, we wanted to examine how weight loss attempts are related to BMI and to age, socioeconomic status, reproductive factors, lifestyle and diet. Methods: A nationwide, cross-sectional study applying a mailed questionnaire was used. Out of a random sample of 20,000 women aged 45-69 years 10,249 women participated. Results: Based on self-reported data, the mean BMI was 24.6 kg m-2 and 40% of the women had a BMI of ≥25 kg m-2. More than 50% of the women were trying to lose weight and weight loss attempts were very strongly associated with BMI. Age, education, income, smoking status and perception of diet's importance to health were also significant predictors of weight loss attempts. The effect of age, education and income on weight loss attempts was modified by the level of BMI. Women trying to lose weight reported a different diet than those not trying to lose weight, irrespective of BMI. Conclusion: A large proportion of middle-aged women are trying to lose weight. BMI is predominant in explaining weight loss attempts. After adjusting for BMI, age, lifestyle and socioeconomic status also contribute to explaining weight loss attempts.",yes,no,no,
CS-057,42876,SCOPUS_ID:84894498259,10.1016/j.ypmed.2014.01.019,An emerging adolescent health risk: Caffeinated energy drink consumption patterns among high school students,Preventive Medicine,2014,Cross-sectional,Other/None,Cross-sectional,FALSE,"['Caffeinated energy drinks', 'College students', 'Health risk', 'High school students', 'Mental health', 'Prevalence']","Objective: To examine the prevalence, patterns, and correlates of energy drink use among adolescents, and determine whether more frequent use of energy drinks is associated with poorer health and behavioral outcomes. Methods: Data were from a 2012 cross-sectional survey of 8210 students in grades 7, 9, 10 and 12 attending public schools in Atlantic Canada. Multinomial logistic regression analysis was used to examine correlates of energy drink use patterns, including substance use, sensation seeking, risk of depression, and socioeconomic status. Results: Nearly two-thirds of survey respondents (62%) reported consuming energy drinks at least once in the previous year, with about 20% reporting use once or more per month. Sensation seeking, depression, and substance use were all higher among energy drink users relative to non-users, and in higher frequency users relative to lower frequency users. Conclusions: The prevalence of energy drink consumption among high school students was high. The association of energy drinks with other potential negative health and behavioral outcomes suggests that use of these products may represent a marker for other activities that may negatively affect adolescent development, health and well-being. © 2014 Elsevier Inc.",yes,no,no,
CS-058,21240,SCOPUS_ID:0028034504,10.1097/00001648-199411000-00004,"Differences in the association between alcohol consumption and blood pressure by age, gender, and smoking",Epidemiology,1994,Cross-sectional,Other/None,Cross-sectional,FALSE,"['Alcohol', 'Blood pressure', 'Gender', 'Interaction', 'Smoking']","The positive association between alcohol consumption and blood pressure is well known. Little is known, however, about effect modification by age, gender, and smoking on the alcohol-blood pressure association. We used data of a cross-sectional study conducted in the Netherlands to investigate the association between alcohol consumption and blood pressure. Between 1987 and 1990, we examined about 30,000 men and women age 20–59 years. After adjustment for age, body mass index, and smoking, we found that in men systolic and diastolic blood pressure increased by 0.9 and 0.6 mmHg per daily drink, respectively. In women, systolic and diastolic blood pressure were 2 and 1 mmHg higher in those who consumed 2 or more glasses per day compared with nondrinkers, respectively. We observed a stronger association between alcohol and blood pressure in older men compared with younger men and in male and female smokers compared with nonsmokers. These data show that gender, age, and smoking all are important effect modifiers of the alcohol-blood pressure relation. © 1994 Epidemiology Resources Inc.",yes,no,no,
CS-059,42508,SCOPUS_ID:84860433621,10.1016/j.ypmed.2012.02.003,"Nurse practitioner and physician assistant physical activity counseling knowledge, confidence and practices",Preventive Medicine,2012,Cross-sectional,Other/None,Cross-sectional,FALSE,"['Counseling', 'Health promotion', 'Nurse practitioners', 'Physical activity', 'Physician assistants']","Objective: This exploratory cross-sectional study examined nurse practitioners' (NPs) and physician assistants' (PAs) perceptions about their physical activity counseling practices. Method: Participants were currently practicing NPs (n = 240) and PAs (n = 78) primarily in Arizona, USA during 2010. Participants completed a modified version of the Promotion of Physical Activity by Nurse Practitioners Questionnaire either online or in person during a practitioner specific conference. Mann-Whitney U tests and Chi-Square analyses examined differences between NPs and PAs. Results: NP respondents were older (48 vs. 40. yrs, p < 0.001) and more likely to be female (94% vs. 76%; p < 0.001) compared to PAs. The majority of respondents (NPs:75%; PAs:64%; p < 0.07) reported routinely counseling patients about physical activity. There were no differences in perceived knowledge (p = 0.10) or confidence (p = 0.75) to provide physical activity counseling between NPs and PAs. Approximately half of all respondents reported receiving training to provide physical activity counseling as part of their educational preparation to become a health practitioner (p = 0.18). Conclusion: Study results indicate that NPs and PAs are knowledgeable, confident and currently providing some level of physical activity counseling to patients. However, the majority of respondents are interested in receiving additional training to aid in providing physical activity counseling. © 2012 Elsevier Inc.",yes,no,no,
CS-060,35282,SCOPUS_ID:0029923388,10.1136/jech.50.2.190,"Cost effectiveness and equity of a community based cardiovascular disease prevention programme in Norsjö, Sweden",Journal of Epidemiology and Community Health,1996,Cross-sectional,Other/None,Cross-sectional,FALSE,[],"Study objective - To evaluate the cost effectiveness and equity of a community based cardiovascular disease prevention programme. Design - A prospective cross sectional design. Setting - A community based intervention to reduce cardiovascular disease in the district of Norsjö (n = 5500), Sweden. The intervention was aimed at both the general population and at individuals thought to be at special risk, the emphasis being on changing dietary habits and reducing cholesterol concentrations. Participants - The participants were men and women aged 30-60 years. Main results - The mean serum cholesterol concentration in the Norsjö population was reduced by nearly 20% during the first six years of intervention. It was estimated that the programme's overall total societal costs were £363 000 and estimates of the cost per year of life saved ranged from £14 900 to net savings, according to different assumptions. Taking only health care costs and savings into account, the cost per year of life saved ranged from £1100 to £4050. The results varied between different sex and age groups, but not between social classes. Even if a causal relationship exists between low cholesterol concentrations and excess mortality, the estimated side effects of lowering cholesterol values in Norsjö were negligible in comparison with the expected benefits. Conclusions - The community based intervention in Norsjö seems to be cost effective even under conservative assumptions. The approach used seems to have benefited all social classes. Cost effectiveness analyses that take consequences for equity into account are valuable tools in decision making.",/,yes,no,"it uses a ""prospective cross-sectional design,"" it is an intervention evaluation/community trial over a six-year period"
CS-061,36808,SCOPUS_ID:60149100157,10.1136/jech.2008.077305,Trends in obesity among adults in England from 1993 to 2004 by age and social class and projections of prevalence to 2012,Journal of Epidemiology and Community Health,2009,Cross-sectional,Other/None,Cross-sectional,TRUE,[],"Background: This study aims to project the prevalence of adult obesity to 2012 by age groups and social class, by extrapolating the prevalence trends from 1993 to 2004. Repeated cross-sectional surveys were carried out of representative samples of the general population living in households in England conducted annually (1993 to 2004). Methods: Participants were classified as obese if their body mass index was over 30 kg/m2. Projections of obesity prevalence by 2012 were based on three scenarios: extrapolation of linear trend in prevalence from 1993 to 2004; acceleration (or slowing down) in rate of change based on the best fitting curve (power or exponential); and extrapolation of linear trend based on the six most recent years (1999 to 2004). Results: The prevalence of obesity increased significantly from 1993 to 2004 from 13.6% to 24.0% among men and from 16.9% to 24.4% among women. If obesity prevalence continues to increase at the same rate, it is projected that the prevalence of obesity in 2012 will be 32.1% (95% CI 30.4 to 34.8) in men and 31.0% (95% CI 29.0 to 33.1) in women. The projected 2012 prevalence for adults in manual social classes is higher (43%) than for adults in non-manual social classes (35%). Conclusion: If recent trends in adult obesity continue, about a third of all adults (almost 13 million individuals) would be obese by 2012. Of these, around 43% are from manual social classes, thereby adding to the public health burden of obesity-related illnesses. This highlights the need for public health action to halt or reverse current trends and narrow social class inequalities in health.",yes,no,no,
CS-062,28581,SCOPUS_ID:84939491186,10.1093/eurpub/cku158,Information preferences of the general population when faced with life-limiting illness,European Journal of Public Health,2015,Cross-sectional,Other/None,Cross-sectional,TRUE,[],"Background: Giving the public and the patients good information enables them to make effective choices about their care. This study describes public preferences for both themselves and their relatives on receiving information on end-of-life care topics when faced with a life-limiting illness and to identify associated factors. Method: This study used data from the cross-sectional Health Interview Study (HIS) 2008 that collected data from a representative sample (N = 9651) of the Belgian population. Results: Around 82% of respondents wanted to be informed always about diagnosis, chances of cure and available treatments, 77% wanted to be informed on life expectancy, 72% on options regarding palliative care and 67% on possibilities of prolonging or shortening life. Around 55% wanted their relative to be informed always about diagnosis, chances of cure, life expectancy and different treatments available, whereas 50% wanted this in relation to the options regarding palliative care and 46% on the possibilities of prolonging or shortening life. Younger adults, people with more education and people with a regular GP were more likely to want to be informed always. Younger adults and women were less likely to want their relatives to be informed always. Conclusion: The majority of the Belgian population wants to be informed always about end-of-life care topics when faced with a life-limiting illness. Physicians should be aware of the desired level of information and tailor information to individual patient preferences. Understanding population preferences may help to tailor patient education and health promotion programmes appropriately.",yes,no,no,
CS-063,28669,SCOPUS_ID:85042870927,10.1093/eurpub/ckx109,Epidemiology of chronic respiratory diseases and associated factors in the adult Italian population,European Journal of Public Health,2017,Cross-sectional,Other/None,Cross-sectional,TRUE,[],"Background: Detailed epidemiology of Chronic Respiratory Diseases (CRDs) and of their risk and protective factors is needed to plan preventive interventions to reduce the burden of CRDs on population health. This study determines the prevalence of doctor-diagnosed CRDs and its associated factors in the adult Italian population. Methods: Data was collected from adults participating in the ongoing cross-sectional Italian Behavioural Risk Factor Surveillance System (PASSI) between 2013 and 2015. Results: Among 108 705 respondents, 7.0% reported a CRD (3.4% asthma, 2.6% COPD, 1.0% Asthma-COPD Overlap Syndrome). Current smoking was more frequent in the group with CRD compared to those without (30.8% vs. 25.2%, P < 0.001), as was physical inactivity (41.9% vs. 36.4%, P 0.009) and overweight/obesity (52.4% vs. 41.4%, P 0.009). Adults with CRDs also reported appropriate perception of insufficient physical activity and excessive body weight, adopted protective behaviours and received preventive interventions more often than those without CRDs. Conclusions: Italian adults with CRDs are more likely to be exposed to aggravating factors but are also knowledgeable of their condition and amenable to behaviour change. Since effective interventions for modifying these factors are available, there is an opportunity to reduce the significant disease burden of CRDs through specifically targeted health promotion interventions.",yes,no,no,
CS-064,11373,SCOPUS_ID:85011308889,10.1016/j.amepre.2016.11.026,Correlates of Patient Intent and Preference on Colorectal Cancer Screening,American Journal of Preventive Medicine,2017,Cross-sectional,Other/None,Cross-sectional,FALSE,[],"Introduction Information is limited on patient characteristics that influence their preference among screening options and intent to be screened for colorectal cancer (CRC). A mechanistic pathway to intent and preference was examined through a formal mediation analysis. Methods From 2012 to 2014, a total of 570 adults aged 50–75 years were recruited from 15 primary care practices in Metro Detroit for a trial on decision aids for CRC screening. Confirmatory factor, regression, and mediation analyses were performed in 2015–2016 on baseline cross-sectional data. Main outcomes were patient intent and preference. Perceived risk and self-efficacy were secondary outcomes. Covariates included demographic information, health status, previous CRC screening experience, patient attitudes, and knowledge. Results Mean age was 57.7 years, 56.1% were women, and 55.1% white and 36.6% black. Women had 32% and 41% lower odds than men of perceiving CRC to be high/moderate risk (OR=0.68, 95% CI=0.47, 0.97, p=0.03) and having high self-efficacy (OR=0.59, 95% CI=0.42, 0.85, p=0.006), respectively. Whites had 63% and 47% lower odds than blacks of having high self-efficacy (OR=0.37, 95% CI=0.25, 0.57, p<0.001) and intent to undergo CRC screening (OR=0.53, 95% CI=0.34, 0.84, p=0.007), respectively. Younger age, higher knowledge, lower level of test worries, and medium/high versus low self-efficacy increased the odds of intent of being screened. Self-efficacy, but not perceived risk, significantly mediated the association between race, attitude, and test worries and patient screening intent. Conclusions Self-efficacy mediated the association between race, attitude, and test worries and patient intent.",yes,no,no,
CS-065,27589,SCOPUS_ID:33846813664,10.1093/eurpub/ckl066,Cardiovascular risk factors in the Federation of Bosnia and Herzegovina,European Journal of Public Health,2007,Cross-sectional,Other/None,Cross-sectional,FALSE,"['Blood pressure', 'Bosnia and Herzegovina', 'Cardiovascular risk factors', 'Obesity', 'Smoking']","Background: Federation of Bosnia and Herzegovina (FBiH) has high cardiovascular disease mortality as other countries in Eastern Europe and situation has even deteriorated in the post war period. Reliable information on risk factor levels and patterns needed in prevention planning and disease management has been lacking. Methods: A cross sectional population survey was conducted in the FBiH in autumn 2002. A random sample of population, aged 25-64 years, was taken using a three stage stratified sampling methodology. Altogether, 2750 persons participated in the survey (1121 men and 1629 women). The survey was done according to internationally established standards and protocols. Results: The mean systolic blood pressure was 132 mmHg among men and 135 mmHg among women. The mean diastolic blood pressure was 84 mmHg in both genders. Almost 40% of the participants were recognized as hypertensive (blood pressure level over 140/90 mmHg). The prevalence of hypertension among men was 36% and among women 45%. The mean Body Mass Index (BMI) was 26.5 kg/m 2 among males and 27.0 kg/m2 among females. About 75% of both men and women were overweight (BMI > 25 kg/m2) and 16% of men and 20% of women were obese (BMI > 30 kg/m2). About 50% of men and 30% of women reported to be daily smokers. Conclusions: As a whole the non-communicable disease risk factor levels in the FBiH seems to be relatively high. The data can be utilized in health promotion planning and as a baseline for future monitoring activities with possibility of international comparison of results. © The Author 2006. Published by Oxford University Press on behalf of the European Public Health Association. All rights reserved.",yes,no,no,
CS-066,31861,SCOPUS_ID:0034846162,10.1093/ije/30.4.872,"Seroepidemiological survey of hepatitis C virus among commercial sex workers and pregnant women in Kinshasa, Democratic Republic of Congo",International Journal of Epidemiology,2001,Cross-sectional,Other/None,Cross-sectional,FALSE,"['Africa', 'Blood transfusion', 'Commercial sex workers', 'Epidemiology', 'Hepatitis C virus', 'Pregnant women', 'Sexual transmission']","Background. Studies conducted mainly in industrialized countries have shown that the transmission of hepatitis C virus (HCV) is mainly parenteral, and have emphasized the role of nosocomial transmission. In Equatorial Africa, the respective contributions of parenteral and non-parenteral routes of transmission are unknown. The potential role of sexual transmission in this area of high HCV endemicity, where sexually transmitted infections (STI) are frequent, is suggested by the fact that HCV infection is rare in infants and young adolescents, but increases thereafter with age. The present study, conducted in Democratic Republic of Congo, was designed to determine the prevalence of HCV infection and associated sexual risk factors in two female populations with different sexual behaviour. Methods. Cross-sectional studies conducted among commercial sex workers (CSW; n = 1144) and pregnant women (n = 1092) in the late 1980s in Kinshasa showed a high frequency of at-risk sexual behaviour, STI and human immunodeficiency virus (HIV) infection, particularly among CSW. We screened samples collected during these epidemiological studies for antibodies to HCV using a second-generation ELISA with confirmation by a third-generation LIA. We also assessed sociodemographic variables, medical history, STI markers and sexual behaviour, and their potential association with HCV infection. Results. The overall prevalence of anti-HCV was 6.6% (95% CI : 5.2-8.2) among CSW and 4.3% (95% CI : 3.2-5.7) among pregnant women (age-adjusted OR = 1.5, 95% CI : 1.0-2.1, P = 0.05). Multivariate analysis showed that the presence of anti-HCV among CSW was independently associated with a previous history of blood transfusion (P < 0.001), age > 30 years (P < 0.001) and the presence of at least one biological marker of STI (P < 0.03). No such links were found among pregnant women (although the history of blood transfusions was not investigated in this group). Anti-HCV was not associated with sociodemographic variables or sexual behaviour in either group, or with individual markers of STI. Despite the high-risk sexual behaviour and the higher prevalence of STI in CSW, the difference in HCV seroprevalence between CSW and pregnant women (6.6% versus 4.3%) was small, particularly when compared with the difference in the seroprevalence of HIV (34.1% versus 2.8%). Conclusion. The role of sexual transmission in the spread of HCV seems to be limited. Parenteral transmission (including blood transfusion and injections), possibly related to the treatment of STI, probably plays a major role.",yes,no,no,
CS-067,35810,SCOPUS_ID:0035099958,10.1136/jech.55.4.246,Neighbourhood level and individual level SES effects on child problem behaviour: A multilevel analysis,Journal of Epidemiology and Community Health,2001,Cross-sectional,Other/None,Cross-sectional,FALSE,[],"Objective - This study examined whether neighbourhood level socioeconomic variables have an independent effect on reported child behaviour problems over and above the effect of individual level measures of socioeconomic status. Design and setting - Multilevel analysis of cross sectional survey data relating individual level child behavioural problems and parental measures of socioeconomic status with neighbourhood level measures of socioeconomic deprivation in the city of Maastricht, the Netherlands. Participants - Children born in the years 1990-1991 attending the second grade of normal kindergarten schools in the city of Maastricht, the Netherlands. Out of 1417 eligible 5-7 year olds, the parents of 734 children (51.8%) agreed to participate. Main results - Child behaviour problems were more frequent in families of low parental occupation and education (F=14.51, df 3, 721, p<0.001; F=12.20, df 3, 721, p<0.001, respectively) and in families living in deprived neighbourhoods (F=13.26, df 2, 722, p<0.001). Multilevel random effects regression analysis showed that the effect of neighbourhood level deprivation remained after adjustment for individual level socioeconomic status (B over three levels of deprivation: 1.36; 95%CI=0.28, 2.45). Conclusions - Living in a more deprived neighbourhood is associated with higher levels of child problem behaviour, irrespective of individual level socioeconomic status. The additional effect of the neighbourhood may be attributable to contextual variables such as the level of social cohesion among residents.",yes,no,no,
CS-068,44171,SCOPUS_ID:85074172966,10.1016/j.ypmed.2019.105873,"The association of fatigue with dispositional mindfulness: relationships by levels of depressive symptoms, sleep quality, childhood adversity, and chronic medical conditions",Preventive Medicine,2019,Cross-sectional,Other/None,Cross-sectional,FALSE,"['Adverse childhood experiences', 'Affective symptoms', 'Chronic disease', 'Fatigue', 'Mindfulness', 'Sleep', 'Women, working']","Although mindfulness-based interventions may be effective in addressing the common symptom of fatigue, no population-based studies have examined the relationship between mindfulness and fatigue. We determined whether higher levels of dispositional mindfulness were associated with lower levels of fatigue. Cross-sectional data were obtained through the Pennsylvania Head Start Staff Wellness Survey, a 2012 web-based survey in which 2199 of 3375 (65%) eligible staff participated. The analytic sample was restricted to the 2083 female respondents with complete data on dispositional mindfulness (Cognitive and Affective Mindfulness Scale-Revised) and fatigue (Fatigue Severity Scale). We determined the mean covariate-adjusted fatigue scores in each quartile of dispositional mindfulness. This relationship was examined in the overall sample and within subgroups defined by levels of four variables: depressive symptoms, poor sleep quality, childhood adversity, and chronic medical conditions. The sample was 86% non-Hispanic White, and 61% had a bachelor's or more advanced degree. The mean (SD) Fatigue Severity Scale score was 3.3 (1.3). The adjusted mean fatigue score decreased significantly and in a graded manner across higher quartiles of mindfulness, with the adjusted fatigue score 1.4 points lower (95% confidence interval: −1.5, −1.2) among those in the highest quartile of dispositional mindfulness compared to the lowest. This significant graded relationship was present within each subgroup examined, and there was not a statistically significant interaction between dispositional mindfulness and any subgroup variable. Future trials of mindfulness-based interventions should consider assessing the outcome of fatigue in both clinical and non-clinical populations.",yes,no,no,
CS-069,36126,SCOPUS_ID:1342322704,10.1136/jech.2003.014308,"Linking perceptions of neighbourhood to health in Hamilton, Canada",Journal of Epidemiology and Community Health,2004,Cross-sectional,Other/None,Cross-sectional,FALSE,[],"Study objective: To investigate the association between perceptions of neighbourhood physical and social characteristics and three health outcomes (self assessed health status, chronic conditions, and emotional distress). Design: Cross sectional survey data analysed in small neighbourhoods. Setting: Hamilton, Ontario, Canada, a medium sized industrial city, located at the western end of Lake Ontario (population at the time of the study about 380 000). Participants: Random sample of 1504 adults aged 18 years and older residing in four contrasting neighbourhoods. Main results: Significant differences across the four neighbourhoods are apparent in self assessed health status and emotional distress, but not in chronic conditions. Neighbourhoods with lower SES reported poorer health and more emotional distress. Perceptions of the physical environment dominated social concerns in all neighbourhoods. For all three health outcomes, individual risk factors followed expectations, with measures of poverty, age, and lifestyle all significantly associated with poor health outcomes. Physical environmental problems were positively and significantly associated with poor physical and emotional health. Specifically, people reporting they dislike aspects of their neighbourhood's physical environment are 1.5 times more likely to report chronic health conditions (OR 1.56, 95% CI 1.19 to 2.05), while those reporting physical likes with their neighbourhood are less likely to report fair/poor health (OR 0.50, 95% CI 0.28 to 0.90) or emotional distress (OR 0.45, 95% CI 0.26 to 0.80). Conclusions: These results demonstrate the importance of neighbourhood perceptions as a determinant of health, as well as conventional factors such as low income, lifestyle, and age. The dominance of physical environmental concerns may have arisen from the industrial nature of Hamilton, but this result merits further investigation.",yes,no,no,
CS-070,38934,SCOPUS_ID:85199721040,10.1136/jech-2024-222178,"Racial and economic segregation and diabetes mortality in the USA, 2016-2020",Journal of Epidemiology and Community Health,2024,Cross-sectional,Other/None,Cross-sectional,FALSE,[],"Background The purpose of this study was to examine the association between racial and economic segregation and diabetes mortality among US counties from 2016 to 2020. Methods We conducted a cross-sectional ecological study that combined county-level diabetes mortality data from the National Vital Statistics System and sociodemographic information drawn from the 2016-2020 American Community Survey (n=2380 counties in the USA). Racialized economic segregation was measured using the Index Concentration at the Extremes (ICE) for income (ICEincome), race (ICErace) and combined income and race (ICEcombined). ICE measures were categorised into quintiles, Q1 representing the highest concentration and Q5 the lowest concentration of low-income, non-Hispanic (NH) black and low-income NH black households, respectively. Diabetes was ascertained as the underlying cause of death. County-level covariates included the percentage of people aged ≥65 years, metropolitan designation and population size. Multilevel Poisson regression was used to estimate the adjusted mean mortality rate and adjusted risk ratios (aRR) comparing Q1 and Q5. Results Adjusted mean diabetes mortality rate was consistently greater in counties with higher concentrations of low-income (ICEincome) and low-income NH black households (ICEcombined). Compared with counties with the lowest concentration (Q1), counties with the highest concentration (Q5) of low-income (aRR 1.96; 95% CI 1.81 to 2.11 for ICEincome), NH black (aRR 1.32; 95% CI 1.18 to 1.47 for ICErace) and low-income NH black households (aRR 1.70; 95% CI 1.56 to 1.84 for ICEcombined) had greater diabetes mortality. Conclusion Racial and economic segregation is associated with diabetes mortality across US counties.",yes,no,no,
CS-071,12092,SCOPUS_ID:85079518019,10.1016/j.amepre.2019.12.007,Perception of Safety and Its Association With Physical Activity in Adolescents in Mexico,American Journal of Preventive Medicine,2020,Cross-sectional,Other/None,Cross-sectional,TRUE,[],"Introduction: Low levels of physical activity are associated with several noncommunicable diseases. In Mexico, 39.5% of adolescents do not meet WHO physical activity guidelines. Previous literature suggests an association between perception of safety and physical activity. This paper examines the association between perceived crime and pedestrian safety and physical activity in Mexican adolescents. Methods: This cross-sectional study used data from 4,079 adolescents aged 15–18 years in Mexico. Physical activity was measured with the Youth Physical Activity Questionnaire and was grouped into the following 5 domains: (1) moderate-to-vigorous physical activity, (2) sports activity, (3) leisure time activity, (4) physical education class, and (5) active commuting to school. Perception of safety was measured as pedestrian safety and crime safety, using the Neighborhood Environment Walkability Scale-Youth. Confirmatory factor analysis was performed to examine the construct validity of this scale on the Mexican population. Data were collected in 2017 and analyzed in 2018. Associations between physical activity and perception of safety were examined using linear regression models. Results: Low perception of pedestrian safety was associated with lower moderate-to-vigorous physical activity per week (coefficient= −0.12, 95% CI= −0.19, −0.05) and lower sports activity per week (coefficient= −0.13, 95% CI= −0.23, −0.03) in female adolescents. There was no association between perception of safety and physical activity among male adolescents. Conclusions: Pedestrian safety was negatively associated with moderate-to-vigorous physical activity and sports participation in female youth. Environments with better lighting, crosswalks, and walking/cycle trails could increase physical activity in female youth.",yes,no,no,
CS-072,32064,SCOPUS_ID:0042886947,10.1093/ije/dyg109,"Determinants of aflatoxin exposure in young children from Benin and Togo, West Africa: The critical role of weaning",International Journal of Epidemiology,2003,Cross-sectional,Other/None,Cross-sectional,TRUE,"['Aflatoxin', 'Biomarkers', 'Child growth', 'Dietary exposure', 'Weaning']","Background. Dietary exposure to high levels of the fungal toxin, aflatoxin, occurs in West Africa, where long-term crop storage facilitates fungal growth. Methods. We conducted a cross-sectional study in Benin and Togo to investigate aflatoxin exposure in children around the time of weaning and correlated these data with food consumption, socioeconomic status, agro-ecological zone of residence, and anthropometric measures. Blood samples from 479 children (age 9 months to 5 years) from 16 villages in four agro-ecological zones were assayed for aflatoxin-albumin adducts (AF-alb) as a measure of recent past (2-3 months) exposure. Results. Aflatoxin-albumin adducts were detected in 475/479 (99%) children (geometric mean 32.8 pg/mg, 95% CI: 25.3-42.5). Adduct levels varied markedly across agro-ecological zones with mean levels being approximately four times higher in the central than in the northern region. The AF-alb level increased with age up to 3 years, and within the 1-3 year age group was significantly (P = 0.0001) related to weaning status; weaned children had approximately twofold higher mean AF-alb adduct levels (38 pg AF-lysine equivalents per mg of albumin [pg/mg]) than those receiving a mixture of breast milk and solid foods after adjustment for age, sex, agro-ecological zone, and socioeconomic status. A higher frequency of maize consumption, but not groundnut consumption, by the child in the preceding week was correlated with higher AF-alb adduct level. We previously reported that the prevalence of stunted growth (height for age Z-score HAZ) and being underweight (weight for age Z-score WAZ) were 33% and 29% respectively by World Health Organziation criteria. Children in these two categories had 30-40% higher mean AF-alb levels than the remainder of the children and strong dose-response relationships were observed between AF-alb levels and the extent of stunting and being underweight. Conclusions. Exposure to this common toxic contaminant of West African food increases markedly following weaning and exposure early in life is associated with reduced growth. These observations reinforce the need for aflatoxin exposure intervention strategies within high-risk countries, possibly targeted specifically at foods used in the post-weaning period.",yes,no,no,
CS-073,14930,SCOPUS_ID:0030899903,10.2105/AJPH.87.2.236,Sheltered homeless children: Their eligibility and unmet need for special education evaluations,American Journal of Public Health,1997,Cross-sectional,Other/None,Cross-sectional,TRUE,[],"Objectives. This study described the proportion of sheltered homeless children in Los Angeles, Calif, who were eligible for special education evaluations because of a probable behavioral disorder, learning disability, or mental retardation, and to explore their level of unmet need for special education services. Methods. This was a cross-sectional study of 118 parents and 169 children aged 6 through 12 years living in 18 emergency homeless family shelters in Los Angeles County, California. Parents and children were interviewed with standardized mental health and academic skill measures in English and Spanish. Results. Almost half (45%) of the children met criteria for a special education evaluation, yet less than one quarter (22%) had ever received special education testing or placement. The main point of contact for children with behavioral disorders and learning problems was the general health care sector. Conclusions. School-aged sheltered homeless children have a high level of unmet need for special education evaluations, the first step toward accessing special education programs. Interventions for homeless children should include integration of services across special education, general health care, and housing service sectors.",yes,no,no,
CS-074,22351,SCOPUS_ID:37349063413,10.1097/EDE.0b013e3181567f96,Preterm delivery and later maternal cardiovascular disease risk,Epidemiology,2007,Cross-sectional,Other/None,Cross-sectional,FALSE,[],"BACKGROUND: Women who have delivered a preterm infant are at elevated risk for cardiovascular disease (CVD), but mechanisms for this association are not understood. METHODS: In a cross-sectional study we investigated whether older women with a history of preterm birth (<37 weeks) had a higher prevalence of CVD. Participants were 446 women (mean age 80 years; 47% black) enrolled in the Pittsburgh, PA field center of The Health, Aging and Body Composition Study. Women reported preterm status, birth weight, smoking status, and selected complications for each pregnancy. CVD status was determined by self-report and hospital records. Analysis was limited to first births not explicitly complicated by hypertension or preeclampsia. RESULTS: Women who had delivered a preterm infant (on average 57 years in the past) had a higher prevalence of CVD. After adjustment for race, age, blood pressure, pulse wave velocity, interleukin-6, high-density lipoprotein cholesterol, and statin use, the odds ratio for CVD among women who delivered a preterm infant was 2.85 (95% confidence interval = 1.19-6.85) compared with women who had delivered term infants weighing more than 2500 g. This relationship was not altered by lifetime smoking history. There was evidence of negative confounding by statin use and high-density lipoprotein cholesterol. Among women delivering infants who were both preterm and low birth weight (<2500 g), the odds ratio was 3.31 (1.06-10.37) for CVD compared with women with term, normal weight infants. CONCLUSIONS: These results suggest that vascular and metabolic factors account for some but not all of the increased prevalence of CVD among women many years after a preterm birth. © 2007 Lippincott Williams & Wilkins, Inc.",yes,no,no,
CS-075,43723,SCOPUS_ID:85021367464,10.1016/j.ypmed.2017.06.029,Electronic cigarette use as an aid to quit smoking in the representative Italian population PASSI survey,Preventive Medicine,2017,Other/None,Cross-sectional,Cross-sectional,FALSE,"['Cross-sectional survey', 'E-cigarettes', 'Italy', 'Smoking cessation method']","This study explored electronic cigarette (e-cigarette) use as an aid to quit smoking and compared abstinence rates for different quitting methods in a representative sample of the Italian population. In the 2014–2015 PASSI survey, the ongoing Italian behavioural risk factor surveillance system, 6112 adults who smoked and made at least one quit attempt in the previous 12 months, were categorized into three groups according to the method used in their most recent quit attempt: e-cigarette only, no aid, other quitting methods (medications; programmes delivered in smoking cessation services; other unspecified methods). The primary outcome was self-reported abstinence for a period ≥ 6 months, adjusted for potential confounders. Eleven percent used e-cigarettes only, 86% no aid, 3% other quitting methods. Smoking abstinence was reported among 9% of those using no aid; 8% of e-cigarette users; 15% of those using other methods. No significant differences in abstinence were observed for e-cigarette users compared with those reporting no aid (adjusted Prevalence Ratio [aPR] = 0.81; 95%Confidence Interval (CI) = 0.58–1.14). Changing the reference group to e-cigarette users, those using other quitting methods were significantly more likely to report abstinence than e-cigarette users (aPR = 1.76; 95%CI = 1.07–2.88). One out of ten smokers who attempted to quit in 2014–2015 in Italy used e-cigarettes. E-cigarettes users were as likely to report abstinence as those using no aid, but were less likely to report abstinence than users of established quitting methods. Further studies are needed to understand the relationship between e-cigarette types used to quit and abstinence rates.",yes,no,no,
CS-076,28389,SCOPUS_ID:84922430753,10.1093/eurpub/cku029,Change in breastfeeding patterns in Scotland between 2004 and 2011 and the role of health policy,European Journal of Public Health,2014,Cross-sectional,Other/None,Cross-sectional,FALSE,[],"Background: Substantial investments in promoting breastfeeding have taken place in the past 10 years in Scotland. This study assesses whether there were significant changes in breastfeeding initiation and mixed breastfeeding duration between 2004-2005 and 2010-2011. Methods: This study uses data from two nationally representative cohorts of babies in Scotland born between June 2004-May 2005 (N = 5030) and March 2010-February 2011 (N = 5838). Multivariate logistic regression for breastfeeding initiation and multivariate survival analysis for breastfeeding duration using cross-sectional data based on maternal recall were performed. Results: An increase in breastfeeding initiation from 60 to 63% was not significant (P = 0.125), and controlling for covariates, there was no significant cohort effect when comparing breastfeeding initiation between cohorts [odds ratio (OR) 1.02, 95% confidence interval (CI) 0.91-1.13]. For breastfeeding duration of up to 1 month, the 2010-11 cohort was more likely to give up breastfeeding sooner (HR 1.23, 95%CI 1.12-1.34). However, for breastfeeding durations of >1-6 months, or â‰16 months, the 2010-11 cohort was significantly less likely to give up breastfeeding sooner (HR 0.79, 95%CI 0.70-0.88 and HR 0.79, 95%CI 0.68-0.92, respectively). Breastfeeding duration increased the most among mothers with fewer educational qualifications, and mothers with no qualifications in 2010-11 were far less likely to stop breastfeeding early compared with their counterparts in 2004-05 (HR 0.32, 95%CI 0.17-0.58). Conclusion: After the 1 month mark, babies born in 2010-11 were more likely to be breastfed for longer compared with those born in 2004-05, and this effect was particularly pronounced among more disadvantaged families. The potential causal role of health policy is discussed.",yes,no,no,
CS-077,35613,SCOPUS_ID:0032778733,10.1136/jech.53.9.572,Does increased investment in coronary angiography and revascularisation reduce socioeconomic inequalities in utilisation?,Journal of Epidemiology and Community Health,1999,Cross-sectional,Other/None,Cross-sectional,TRUE,[],"Objectives: To investigate whether additional resources for tertiary cardiology services, aimed at increasing coronary angiography and revascularisation rates, can improve socioeconomic equity of utilisation. Design: Cross sectional ecological study, using the Super Profile classification of enumeration districts and ischaemic heart disease (IHD) standardised mortality ratios (SMR) as a proxy for need. The degree of equity before the provision of extra resources was determined using data for April 1992 to March 1994, and the corresponding picture after, using data for April 1994 to March 1996. Setting: South Humberside (United Health - Grimsby and Scunthorpe Health Authority, a district of the former Yorkshire Region, before the April 1996 boundary changes). Subjects: Patients with a primary diagnosis of IHD aged ≥ 25 years who underwent investigation by angiography, or treatment by coronary artery bypass grafting or percutaneous transluminal coronary angioplasty, as a primary procedure. Main results: In 1992/4, before concerted intervention, both investigation and revascularisation rates, although increasing, were low in Grimsby and Scunthorpe district compared with most other districts in the Yorkshire Region. Also, there was a decreasing trend across Super Profile Lifestyle groups from the Affluent Achievers to the Have-Nots despite a twofold increase in SMRs indicating the greater need of the more deprived. After appointing a consultant general physician with an interest in cardiology in the Scunthorpe district general hospital in 1994; arranging for both the Grimsby physician and the Scunthorpe physician to undertake angiography at a neighbouring district tertiary cardiology centre in 1995; together with significant additional health authority investment in cardiac procedures in 1995/6, district rates increased considerably, (a 41% increase in investigation and a 47% increase in revascularisation rates). Also, after additional resource input began, the trend for angiographies across socioeconomic groups clearly became more equitable, although increased equity for revascularisations is less apparent. Conclusion: Early indications are that additional resources for tertiary cardiology may have reduced socioeconomic inequities in angiography, without being specifically targeted at the needier, more deprived groups. Improvement in socio-economic equity of utilisation of revascularisation is not yet clear, although data for April 1996 to March 1998 (after a lengthier intervention period) may confirm improved equity. Should this not be so, it might be necessary to specifically target resources to the deprived to increase equity in revascularisation.",yes,no,no,
CS-078,42750,SCOPUS_ID:84874297579,10.1016/j.ypmed.2012.12.016,The association between fruit and vegetable consumption and mental health disorders: Evidence from five waves of a national survey of Canadians,Preventive Medicine,2013,Cross-sectional,Other/None,Cross-sectional,FALSE,"['Depression', 'Diet', 'Fruit and vegetable', 'Mental health', 'Nutrition', 'Public health']","Objective: The objective of this study was to examine the association between fruit and vegetable intake (FVI) and mental health disorders. Method: This study used data from the Canadian Community Health Survey (CCHS), a repeated cross-sectional study of Canadians with five waves between 2000 until 2009 (n = 296,121 aged 12. years or older). FVI was assessed based on frequency of consumption. The primary outcome was a major depressive episode over the previous 12. months. Logistic regression models adjusted for age, gender, household income, education, physical activity, chronic illness and smoking. Results: In the first wave, greater FVI was significantly associated with lower odds of depression (OR: 0.85 95% CI:0.78-0.92). A combined estimate of all 5 waves demonstrated similar results (OR: 0.72; 95% CI: 0.71-0.75). Relative to those with the lowest FVI, those with the greatest FVI also had significantly lower odds of suffering from distress (OR: 0.87 95% CI: 0.78-0.98). These results were consistent across other waves. Perceived poor mental health status and previous diagnosis of a mood disorder and anxiety disorder also demonstrated statistically significant inverse associations with FVI (all p < 0.05). Conclusion: These findings suggest a potentially important role of a healthy diet in the prevention of depression and anxiety. © 2013 Elsevier Inc.",yes,no,no,
CS-079,33577,SCOPUS_ID:85039542929,10.1093/ije/dyx080,A small amount of precisely measured high-intensity habitual physical activity predicts bone health in pre- and post-menopausal women in UK Biobank,International Journal of Epidemiology,2017,Cross-sectional,Other/None,Cross-sectional,FALSE,"['Accelerometer', 'Osteoporosis', 'Quantitative ultrasound', 'Raw acceleration']","Background: Physical inactivity is a highly modifiable risk factor for the development of osteoporosis but, due to a lack of research that has precisely and objectively meaured physical activity (PA) relevant to bone, the specific contribution that PA can make to bone health is poorly understood. This study examined whether a more precise measure of PA relelvant to bone was associated with meaures of bone health in pre- and postmenopausal women in UK Biobank. Methods: Time spent at intensities specific to bone health [≥750 milli-gravitational units (mg) and ≥1000 mg] were analysed from raw tri-axial acceleration data averaged over 1-second epochs from 7-day monitoring of habitual PA using accelerometry-based activity monitors (100 Hz; AX3, Axivity, UK) of 1218 pre- and 1316 post-menopausal healthy women. In a cross-sectional analysis, associations between categories of time ( < 1, 1-2 and ≥2minutes) spent above the intensity thresholds and calcaneal quantitative ultrasound measures of bone health (bone mineral density T-score, BMDT-score; speed of sound, SOS; and broadband ultrasound attenuation, BUA) were examined. Results: Compared with < 1minute, spending 1-2 or ≥2minutes/day at intensities ≥1000mg in pre-menopausal and ≥750mg in post-menopausal women was positively associated with BMDT-score, SOS and BUA. Conclusion: Brief bursts of high-intensity PA relevant to bone health can be captured by applying bone-specific thresholds of intensity to raw tri-axial accelerations averaged over 1-second epochs. Accumulating 1-2 minutes/day of high-intensity PA, equivalent to running in pre-menopausal women and slow jogging in post-menopausal women, is associated with better bone health.",yes,no,no,
CS-080,36729,SCOPUS_ID:70349440860,10.1136/jech.2008.081604,Factors associated with non-utilisation of postnatal care services in Indonesia,Journal of Epidemiology and Community Health,2009,Cross-sectional,Other/None,Cross-sectional,TRUE,[],"Background: Postnatal care helps prevent neonatal deaths. This study aims to examine factors associated with non-utilisation of postnatal care in Indonesia. Methods: A cross-sectional analytic study was conducted using data from the 2002-3 Indonesia Demographic and Health Survey (IDHS), which used multistage cluster random sampling. Contingency table and logistic regression analyses were used to determine the factors associated with non-utilisation of postnatal care services. The population attribution risk percentage (PAR%) for non-utilisation of postnatal care services was also calculated. Results: Data were available for 15 553 singleton liveborn infants. The prevalence of non-attendance at postnatal care services was consistently higher in rural areas than in urban areas. Maternal factors associated with lack of postnatal care included low household wealth index, low education levels, lack of knowledge of pregnancy-related complications or where distance from health services was a problem. Infants of high birth rank and those reported to be smaller than average were less likely to receive postnatal care. Other indicators of access to healthcare services which were associated with non-utilisation of postnatal care services included few antenatal care checks, use of untrained birth attendants and births outside healthcare facilities. Conclusion: Public health interventions to increase the utilisation of postnatal care services should target women who are poor, less educated, from rural areas and who use untrained birth attendants. Strategies to improve the availability and accessibility of antenatal care services and skilled birth attendance including focused financial support and health promotion programmes, particularly in the rural areas, should increase utilisation of postnatal care services in Indonesia.",yes,no,no,
CS-081,43160,SCOPUS_ID:84940447607,10.1016/j.ypmed.2015.04.025,Assessing views about gun violence reduction policy: A look at type of violence and expected effectiveness,Preventive Medicine,2015,Other/None,Cross-sectional,Cross-sectional,FALSE,"['Cross-sectional surveys', 'Experimental design', 'Firearms', 'Guns', 'Policy', 'Public opinion', 'Public opinion poll', 'Public policy', 'Students', 'Violence']","Objective: Public opinion polling about gun policy is routinely conducted and often disregarded. The purpose of this research is to explore ways in which surveys can be made more useful to policy makers, researchers, and the general public. Methods: A stratified random sample of 1000 undergraduates at a private, urban university was recruited for an online survey about proposed gun policies. A total of 51.7% answered the questions analyzed herein. Including but going beyond typical assessments of agreement, the survey elicited respondent evaluations of the effectiveness of seven gun policies under two randomly assigned conditions: the type of gun violence (e.g., homicide, suicide, violent crime) and its magnitude. Participants were asked to estimate the effectiveness of each policy, including the possibility of making things worse. Results: Participants indicated strong support for all policies and expected each to be effective with one exception - a policy designed to increase the number of guns on the scene, that is, putting armed police in schools. Persons who did not support other policies, on average, did not expect them to make things worse. Telling participants about the scope of the violence did not but the type of gun violence did affect effectiveness ratings. Conclusions: Asking about expected effectiveness of (vs. general support for) a policy might identify some optimism: Even people who don't support a policy sometimes think it will be effective. Findings suggest that surveys about the effectiveness of gun violence policies likely assess views that exclude suicide, the most common form of gun-related mortality.",yes,no,no,
CS-082,34887,SCOPUS_ID:0026717485,10.1136/jech.46.3.231,Risk of low back pain in people admitted to hospital for traffic accidents and falls,Journal of Epidemiology and Community Health,1992,Cross-sectional,Other/None,Cross-sectional,FALSE,[],"Study objective - The aim was to assess the risk of back symptoms in people admitted to hospital because of traffic accidents and falls. Design - The study was a cross sectional survey with information collected by postal questionnaire. Main outcome measures were associations between hospital admission for a traffic accident or fall and reported first onset of back symptoms at the same age and at later ages. Setting - General practices in seven towns and one rural district. Subjects - 1172 men and 1495 women aged 20-59 years were selected from the age-sex registers of 136 general practitioners in the study areas. Main results - Low back pain was reported by 1556 subjects and hospital admission for a traffic accident or fall by 362. The incidence of low back pain was unusually high during the year of age at which subjects were first admitted to hospital for trauma (RR = 5.5, 95% CI 3.8-7.8). The risk of first developing symptoms in subsequent years was lower, but still significantly increased (RR = 1.3, 95% CI 1.1-1.6). Low back pain which started at the age of an accident tended to last longer than that occurring in other circumstances, and was more often ascribed to injury (56% of cases). However, this proportion was smaller than the calculated attributable proportion for traffic accidents and falls (82%). Conclusions - The data suggest that a person under age 60 years who is admitted to hospital for a traffic accident or fall has a 7% chance of developing low back pain as result of the injury. However, the link between the injury and subsequent symptoms is often not obvious to the patient.",yes,no,no,
CS-083,43541,SCOPUS_ID:84960867534,10.1016/j.ypmed.2016.03.004,Perceptions of opportunities for physical activity in 28 European countries,Preventive Medicine,2016,Other/None,Cross-sectional,Cross-sectional,TRUE,"['Cross-sectional studies', 'Europe', 'Exercise', 'Motor activity', 'Walking']","Introduction: This study examined the relationship between perceptions of opportunities for physical activity in the local area and physical activity levels in European adults. Methods: Data for 20,673 adults aged 18-64 were taken from the representative Eurobarometer survey (wave 80.2, 2013) of 28 European Union (EU) countries. Achieving recommended levels of physical activity and Metabolic Equivalent of Task-minutes (MET-mins) per week was constructed from self-reports of frequency and duration of walking, moderate and vigorous physical activity. Relationships between these outcomes and perceptions of opportunities for physical activity in the local area were assessed using logistic and linear regressions as appropriate; trends in these perceptions were measured between 2002 and 2013. Results: Respondents stating that their local area offers opportunities for physical activity were more likely to meet recommended levels of physical activity (Adjusted Odds Ratio [AOR] = 1.56). Across all EU countries the percentage of people reporting that their local area offers these opportunities increased slightly between 2005 (71.4%) and 2013 (79.3%, p < 0.001). Reporting that the local area offers opportunities for physical activity was associated with more moderate (17 min/week) and vigorous (15 min/week) physical activity and with 23 more minutes of walking per week. Conclusion: Perceptions of opportunities for physical activity in the local area were associated with increased levels of all types of physical activity. Despite small improvements in perceptions of opportunities in the local area over the past decade, a variety of further interventions will be required to reduce the disease burden resulting from low physical activity levels.",yes,no,no,
CS-084,26803,SCOPUS_ID:0007520880,10.1093/eurpub/4.3.195,Twelve year follow-up of a school-based health education programme: The oslo youth study,European Journal of Public Health,1994,Cross-sectional,Cohort,Cross-sectional,FALSE,"['Evaluation', 'Health education', 'Longitudinal study', 'School', 'Youth']","The Oslo Youth Study (1979-1981) was designed to evaluate the impact of a school-based health education programme targeting students' eating patterns, physical activity levels and cigarette smoking. The study was implemented with participants from 6 combined elementary and junior high schools, half of whom received the educational programme. In the autumn of 1991, students enrolled as part of the Oslo Youth Study grade cohorts in 1981 were invited to participate in a follow-up study. The purpose of this study was to investigate the potential long-term impact of the Oslo Youth Study health education programme. A total of 711 subjects completed a questionnaire in 1991 (an overall participation rate of 75.1%). Analysing the cross-sectional data obtained in 1991, we observed no overall long-term positive impact of either the smoking, nutrition or physical education programmes. Among the 1979-1991 cohort participants, we found that subjects exposed to the educational programme reported a significantly higher prevalence of regular vigorous exercise than did subjects from comparison schools (49 versus 40%; p=0.01). No similar effect was seen with smoking or eating behaviour. The results from this 12 year follow-up study seem to confirm findings from previous studies indicating that school-based education can have a positive short-term impact on health-related behaviours, but that these effects tend to disappear over time. © 1994 Oxford University Press.",/,no,no,"This is a 12-year follow-up of a school-based intervention, and the abstract says the 1991 analysis used cross-sectional data."
CS-085,8149,SCOPUS_ID:0028598293,10.1016/s0749-3797(18)30562-2,Effects of a community intervention to change smoking behavior among hispanics,American Journal of Preventive Medicine,1994,Cross-sectional,Other/None,Cross-sectional,FALSE,[],"Our purpose was to evaluate the effects of the Programa Latino para Dejar de Fumar (PLDF), a community-wide smoking cessation intervention developed for Spanish-speaking Hispanics. PLDF community intervention was based on research to identify culture-specific aspects of smoking cessation for Hispanics and included targeted distribution of a self-help cessation guide, an electronic and printed media campaign, raffles for smokers who quit, and participation in community activities. The main outcome measures were smoking cessation and associated behaviors. Exposure to the intervention, the primary predictor variable, was defined as affirmative responses to questions about recognizing the PLDF name, having the PLDF smoking cessation guide, having heard or seen messages about PLDF on various media, and knowing about a PLDF- sponsored $500 raffle. Four cross-sectional telephone surveys of Hispanic adults 18 to 65 years of age, living in neighborhoods in San Francisco, California, defined as having at least 10% Hispanics in the 1980 U.S. Census, were conducted preceding (1986-1987) and following(1988-1989) start of PLDF (total n = 7,667). Although smoking prevalence decreased over the four years, smoking cessation in the 12 months prior to the survey was unrelated to exposure to PLDF. For the two surveys conducted after PLDF was started (n = 3,551), nonsmokers, women, older adults, and less acculturated persons were more likely to report exposure to PLDF. Among current smokers, high exposure to PLDF was associated with fewer cigarettes smoked per day (odds ratio [OR] = 2.0, 95% confidence intervals [CI] = 1.2, 3.2; P = .007), more attempts to quit (OR = 1.6, CI = 1.0, 2.5; P = .06), requests to quit (OR = 2.2, CI = 1.4, 3.5; P < .001), knowledge of how to obtain smoking cessation materials (OR = 2.5, CI = 1.5, 4.0; P < .001), and awareness of smoking cessation raffle (OR = 12.2, CI = 5.3, 28.1; P < .001). Although we cannot exclude self-selection as an alternative explanation, we determined that a culturally appropriate community-based smoking cessation intervention among Hispanic smokers was associated with behaviors that mediate cessation.",yes,no,no,
CS-086,19399,SCOPUS_ID:84930829510,10.2105/AJPH.2015.302619,School start time and adolescent sleep patterns: Results from the US National Comorbidity Survey-adolescent supplement,American Journal of Public Health,2015,Cross-sectional,Other/None,Cross-sectional,TRUE,[],"Objectives. We estimated associations between school start time and adolescent weeknight bedtime, weeknight sleep duration, and weekend compensatory sleep and assessed whether associations differ by age, sex, or urbanicity. Methods. We used a subsample of a nationally representative, cross-sectional survey of 7308 students aged 13 to 18 years attending 245 schools to estimate associations of school start time, reported by school principals, with weeknight bedtime and sleep duration and weekend compensatory sleep, reported during adolescent face-to-face interviews. Results. Start time was positively associated with weeknight bedtime. Associations between start time and weeknight sleep duration were nonlinear and were strongest for start times of 8:00 AM and earlier. Associations differed by sex and urbanicity, with the strongest association among boys in major metropolitan counties. Start time was negatively associated with sleep duration among boys in nonurban counties. Start time was not associated with weekend compensatory sleep. Conclusions. Positive overall associations between school start time and adolescent sleep duration at the national level support recent policy recommendations for delaying school start times. However, the impact of start time delays may differ by sex and urbanicity.",yes,no,no,
CS-087,45272,SCOPUS_ID:85121856544,10.1016/j.ypmed.2021.106931,"Tobacco and cannabis use as moderators of the association between physical activity and alcohol use across the adult lifespan in the United States: NHANES, 2005–2016",Preventive Medicine,2022,Cross-sectional,Other/None,Cross-sectional,FALSE,"['Alcohol drinking', 'Exercise', 'Moderation', 'Polysubstance use', 'Population data']","Physically-active adults are more likely to consume alcohol, but this association may vary if adults also use other substances (i.e., tobacco and/or cannabis), which could increase substance-use related harms. This study examined whether tobacco and/or cannabis use moderated the associations between physical activity, odds of drinking and alcohol drinks/week. We used cross-sectional 2005–2016 National Health and Nutrition Examination Survey data (United States of America). Physical activity was assessed using device-based and self-reported moderate-to-vigorous physical activity (MVPA) and total physical activity hours/week. Individuals were categorized into one of four (poly)substance use categories, no tobacco/no cannabis, tobacco, cannabis, or tobacco/cannabis use. Regression models examined substance use as a moderator of the association between physical activity and the odds of drinking versus not drinking and alcohol drinks/week among light/moderate/heavy drinkers (≥12 drinks/year). Using cannabis or tobacco weakened the significant positive associations between total physical activity and self-reported recreational MVPA hours/week on odds of drinking (ORs = 0.978 and 0.967, respectively), such that the effect was negative or null when using cannabis or tobacco, respectively. Greater total physical activity and device-based MVPA hours/week was associated with consuming greater drinks/week (IRRs = 1.003 and 1.035, respectively). Using tobacco weakened the association between device-based MVPA and alcohol drinks/week (IRR = 0.934, 95% CI: [0.888, 0.982]). Cannabis and tobacco use weakened the association between physical activity and alcohol use. The positive association between physical activity and alcohol use may be limited to single substance users of alcohol and could reflect shared reasons for engaging in these behaviors, such as stress management or social motives.",yes,no,no,
CS-088,43143,SCOPUS_ID:84939501981,10.1016/j.ypmed.2015.07.018,Consumption of ultra-processed foods and obesity in Brazilian adolescents and adults,Preventive Medicine,2015,Cross-sectional,Other/None,Cross-sectional,FALSE,"['Food', 'Nutrition', 'Obesity', 'Prevention', 'Risk factor']","Objectives: The aim of this study was to evaluate the relationship between the consumption of ultra-processed foods and obesity indicators among Brazilian adults and adolescents. Methods: We used cross-sectional data on 30,243 individuals aged ≥. 10. years from the 2008-2009 Brazilian Dietary Survey. Food consumption data were collected through 24-h food records. We classified food items according to characteristics of food processing. Ultra-processed foods were defined as formulations made by the food industry mostly from substances extracted from foods or obtained with the further processing of constituents of foods or through chemical synthesis, with little if any whole food. Examples included candies, cookies, sugar-sweetened beverages, and ready-to-eat dishes. Regression models were fitted to evaluate the association of the consumption of ultra-processed foods (% of energy intake) with body-mass-index, excess weight, and obesity status, controlling for socio-demographic characteristics, smoking, and physical activity. Results: Ultra-processed foods represented 30% of the total energy intake. Those in the highest quintile of consumption of ultra-processed foods had significantly higher body-mass-index (0.94kg/m2; 95% CI: 0.42,1.47) and higher odds of being obese (OR=1.98; 95% CI: 1.26,3.12) and excess weight (OR=1.26; 95% CI: 0.95,1.69) compared with those in the lowest quintile of consumption. Conclusion: Our findings support the role of ultra-processed foods in the obesity epidemic in Brazil.",yes,no,no,
CS-089,11392,SCOPUS_ID:85013177222,10.1016/j.amepre.2016.10.010,Learning About and Using Research Evidence Among Public Health Practitioners,American Journal of Preventive Medicine,2017,Cross-sectional,Other/None,Cross-sectional,TRUE,[],"Introduction Funders and accreditation standards increasingly call on state and local public health agencies to use the best available science. Using research evidence is a key process in practicing evidence-based decision making (EBDM). This study explored preferences for and uses of research evidence, and examined correlates regarding frequency of use. Methods In 2014, eligible staff from 12 state health departments and their partnering agencies were invited to complete an online self-report questionnaire and achieved an 82% response rate (1,237/1,509). The cross-sectional data analyzed in 2015 were baseline to a study on enhancing EBDM capacity and supports. Results Webinars/workshops was the most frequently selected method to learn public health findings among those in state and local health departments, whereas academic journals was the top selection by those in universities and healthcare facilities (p<0.001). Several modifiable EBDM practices were associated with more frequent use of research evidence, including direct supervisor expectations for EBDM use and performance evaluation based partially on EBDM use (AOR=2.5, 95% CI=1.9, 3.2 and AOR=2.5, 95% CI=2.1, 2.9, respectively). Increased numbers of EBDM practices were associated with higher odds of frequent research evidence use. Participant characteristics associated with higher research evidence use and adjusted for were job role, education attainment, and gender. Conclusions To translate research into public health practice, researchers can tailor evidence on intervention implementation and effectiveness and disease burden to accessible and preferred formats for public health workers and partners. Management practices to support evidence-based disease prevention can be instituted and fostered in public health and partnering agencies.",yes,no,no,
CS-090,16559,SCOPUS_ID:17844394155,10.2105/AJPH.2004.050096,Correlates of cigarette smoking among selected Southwest and Northern Plains tribal groups: The AI-SUPERPFP study,American Journal of Public Health,2005,Cross-sectional,Other/None,Cross-sectional,TRUE,[],"Objectives. We describe the prevalence and correlates of cigarette smoking in 2 American Indian tribal groups. Methods. We performed multinomial logistic regression on epidemiological data from a population-based, cross-sectional study of Southwest and Northern Plains American Indians aged 15 to 54 years. Results. We found that 19% of Southwest men, 10% of Southwest women, 49% of Northern Plains men, and 51% of Northern Plains women were current smokers. Male gender and younger age were associated with higher odds of smoking in the Southwest tribe, whereas current or former marriage and having spent less time on a reservation were associated with higher odds of smoking in the Northern Plains population. Alcohol consumption was strongly associated with higher odds of smoking in both groups. Conclusions. Cigarette smoking is a major public health concern among American Indians. Because correlates and smoking patterns vary among different tribal groups, each group's unique characteristics should be considered when designing and implementing comprehensive, culturally appropriate interventions in American Indian communities.",yes,no,no,
CS-091,18703,SCOPUS_ID:84872519577,10.2105/AJPH.2011.300449,"Urban sprawl, physical activity, and body mass index: Nurses' health study and nurses' health study II",American Journal of Public Health,2013,Cross-sectional,Other/None,Cross-sectional,FALSE,[],"Objectives. We evaluated the association between the county sprawl index, a measure of residential density and street accessibility, and physical activity and body mass index (BMI). Methods. We conducted a multilevel cross-sectional analysis in a sample of Nurses' Health Study participants living throughout the United States in 2000 to 2001 (n = 136 592). Results. In analyses adjusted for age, smoking status, race, and husband's education, a 1-SD (25.7) increase in the county sprawl index (indicating a denser, more compact county) was associated with a 0.13 kilograms per meters squared (95% confidence interval [CI] = -0.18, -0.07) lower BMI and 0.41 (95% CI = 0.17, 0.65) more metabolic equivalent (MET) hours per week of total physical activity, 0.26 (95% CI = 0.19, 0.33) more MET hours per week of walking, and 0.47 (95% CI = 0.34, 0.59) more MET hours per week of walking, bicycling, jogging, and running. We detected potential effect modification for age, previous disease status, husband's education level (a proxy for socioeconomic status), and race. Conclusions. Our results suggest that living in a dense, compact county may be conducive to higher levels of physical activity and lower BMI in women. Copyright © 2012 by the American Public Health Association®.",yes,no,no,
CS-092,16274,SCOPUS_ID:9644254419,10.2105/AJPH.94.12.2149,Socioeconomic position and hormone replacement therapy use: Explaining the discrepancy in evidence from observational and randomized controlled trials,American Journal of Public Health,2004,Cross-sectional,Other/None,Cross-sectional,FALSE,[],"Objectives. We assessed the association between life-course socioeconomic status or position (SEP) and hormone replacement therapy (HRT). Methods. We conducted a cross-sectional analysis of 4286 women aged 60 to 79 years. Results. Women experiencing adverse socioeconomic circumstances across the life course were less likely to have used HRT. The associations of childhood socioeconomic measures with HRT use were independent of adult SEP, behavioral risk factors, and physiological risk factors for heart disease. Conclusions. SEP from across the life course is associated with HRT use. Because the association between early life SEP and HRT is not fully explained by adult risk factors, residual confounding (which is not captured by adjustment for adult variables only) may explain some of the disparity between observational studies and randomized controlled trials in this area.",yes,no,no,
CS-093,28298,SCOPUS_ID:84875987378,10.1093/eurpub/cks033,Long-term trends in obesity among Austrian adults and its relation with the social gradient: 1973-2007,European Journal of Public Health,2013,Cross-sectional,Other/None,Cross-sectional,TRUE,[],"Background: The prevalence of obesity is steadily increasing. There is little empirical evidence for the development of obesity in Austria. Therefore, the present study investigated long-term trends in the prevalence of obesity across different age and educational groups in Austrian adults. Methods: Self-reported data were derived from five nationally representative cross-sectional interview surveys (n = 178 818) in the years 1973, 1983, 1991, 1999 and 2006-07 in private homes and long-term care facilities for Austrian adults aged 20-99 years. An adjustment of the self-reported BMI was performed. Obesity was defined as BMI 30 kg m-2. Results: The age-adjusted prevalence of obesity was 11% during the study period (women: 11.3%, 95% CI 11.2-11.6; men: 9.9%, 95% CI 9.7-10.2). Obesity and a high mean BMI were most prevalent among subjects aged 55-74 years and among those with low educational status. The absolute change in obesity prevalence during the study period was significantly highest (P < 0.001) among women aged 75 years (3.0%), and among men aged 55-75 years (3.6%). Concerning educational level, the largest increase in obesity was seen in those with a low educational level (women: 4.1%, men: 2.6%; P < 0.001), whereas the aetiologic fraction was highest in middle-educated men. Relative inequalities for obesity showed a tendency to increase during the study period. Conclusion: Examining trends in subpopulations is important when planning accurate target group-specific prevention strategies. Therefore, in Austria targeted preventive measures should be designed according to age and educational level. © 2012 Published by Oxford University Press on behalf of the European Public Health Association. All rights reserved.",yes,no,no,
CS-094,38985,SCOPUS_ID:85185276889,10.1136/jech-2023-220750,"Time poverty, health and health-related behaviours in a Southern European city: A gender issue",Journal of Epidemiology and Community Health,2024,Cross-sectional,Other/None,Cross-sectional,TRUE,"['employment', 'health', 'health inequalities', 'poverty']","Background Despite its growing interest, time poverty is a neglected issue in public health analysis and policies. The objectives of this study were: (1) to analyse gender differences in paid, unpaid and total working time; (2) to identify gender differences in the factors related to time poverty; and (3) to examine gender differences in the relationship between time poverty, health and health-related behaviours in the city of Barcelona (Spain). Methods Cross-sectional study based on salaried workers aged 16-64 years interviewed in the 2021 Barcelona Health Survey (695 men and 713 women). Time poverty was defined as the top tercile of the total paid and unpaid work. Dependent variables were self-perceived health status, mental health, sleep time, sleep quality and leisure time physical activity. Results Women were more likely to be time poor. In both sexes, time poverty was related to the number of children. Whereas among men time poverty was not associated with any health indicators, among women it was related to poor mental health status (aOR=2.11, 95% CI 1.39 to 3.20), short sleep (aOR=1.54, 95% CI 1.05 to 2.25), poor sleep quality (aOR=1.83, 95% CI 1.25 to 2.68) and low leisure time physical activity (aOR=1.50, 95% CI 1.00 to 2.26). Conclusions This study suggests that time use can be an important social determinant of health and of gender inequalities in health. At the local level, in many European cities, time poverty could be reduced, among other interventions, by increasing affordable and good quality public services for the care of dependent persons.",yes,no,no,
CS-095,45109,SCOPUS_ID:85137301056,10.1016/j.ypmed.2022.107238,"Student tobacco use, secondhand smoke exposure, and policy beliefs before and after implementation of a tobacco-free campus policy: Analysis of five U.S. college and university campuses",Preventive Medicine,2022,Cross-sectional,Other/None,Cross-sectional,TRUE,"['Cigarette smoking', 'College students', 'College tobacco policies', 'E-cigarettes', 'Tobacco policy attitudes', 'Tobacco use']","The adoption of comprehensive tobacco policies by colleges and universities may help reduce student tobacco use. To this end, The American Cancer Society's Tobacco-Free Generation Campus Initiative (TFGCI) awarded grants to 106 higher learning institutions to adopt 100% tobacco-free campus policies. This study measured changes in student tobacco use, reported exposure to secondhand smoke, and support for types of tobacco policies among five TFGCI grantee institutions who implemented 100% tobacco-free policies. Students at five U.S. TFGCI grantee institutions completed two independent cross-sectional online surveys regarding tobacco use, exposure to secondhand smoke, and policy attitudes, once before (n = 2499) and once after (n = 1667) their campuses adopted a tobacco-free policy. Students were less likely to report current cigarette smoking (aOR: 0.73, 95% C.I.: 0.63, 0.85) and exposure to secondhand smoke on campus (aOR: 0.42, 95% C.I.: 0.23, 0.76) following the policy change. In contrast, students were more likely to report past 30-day use of electronic nicotine delivery systems (ENDS) (aOR: 2.16, C.I.: 1.77, 2.63) following the policy change, despite the policy's inclusion of all tobacco and nicotine products. Tobacco-free campus policies can be associated with decreases in tobacco product use and environmental smoke exposure. The extent of their effectiveness may vary by product and the inclusion of tailored messaging, cessation support, and enforcement approaches. To discourage use of these products among students, colleges and universities should adopt 100% tobacco-free policies, monitor product use trends, offer cessation support and messaging customized for specific groups and products, and utilize a comprehensive enforcement strategy.",yes,no,no,
CS-096,32084,SCOPUS_ID:12344306296,10.1093/ije/dyh268,The association of grandmaternal and maternal factors with maternal adult stature,International Journal of Epidemiology,2004,Cross-sectional,Other/None,Cross-sectional,FALSE,"['Birthweight', 'Growth', 'Intergenerational contribution', 'Socioeconomic status', 'Stature']","Background. Stature is an important determinant of several reproductive and non-reproductive health problems. Documentation of secular trends in stature has been based primarily on cross-sectional studies of special populations, primarily of men. The objective of this study is to determine how growth and socio-economic status (SES) factors relate to stature changes among lineal female relatives, maternal grandmothers to mothers. Methods. The study base was derived from a population-based intergenerational cohort which linked several statewide databases to data from the mothers' own birth certificates: the Washington State Intergenerational Cohort. Mothers in these ethnic groups were separately studied: non-Hispanic Whites, African Americans, Native Americans, Hispanics. We generated simple, partial, and multiple correlation coefficients to investigate the association between stature and other growth and SES factors. Results. A mother's stature is determined partly by her own mother's stature and partly by her birthweight. These two measures are individually stronger predictors of stature than are several available SES factors considered in combination - grandmother's age, parity, marital status, and mother's age. The maximal multiple correlation models yielded R2 values from 18% to 28%. Conclusions. Growth measures are stronger predictors of intergenerational changes in stature than are the several available socio-economic factors. However, socio-economic factors are partly responsible for the level of achieved prenatal and postnatal growth. Since grandmother's stature is a determinant of mother's birthweight, which in turn is a determinant of infant birthweight, some environmentally influenced determinants of some birth outcomes are already established before a prospective mother is conceived or born. © International Epidemiological Association 2004; all rights reserved.",no,no,no,This is an intergenerational cohort linkage study
CS-097,42155,SCOPUS_ID:77952584731,10.1016/j.ypmed.2010.02.015,Physical activity levels and differences in the prevalence of diabetes between the United States and Canada,Preventive Medicine,2010,Cross-sectional,Other/None,Cross-sectional,FALSE,"['Physical activity', 'Prevalence of diabetes']","Objective. To examine the American-Canadian difference in physical activity and its association with diabetes prevalence. Methods.We used cross-sectional data from nationally representative samples of adults (8688 persons aged ≥ 18. years) participating in the 2004 Joint Canada/U.S. Survey of Health. Using data on up to 22 activities in the past 3. months, we defined 3 physical activity groups (in metabolic equivalents-hours/day) as low (< 1.5), moderate (1.5-2.9), and high (≥ 3.0). We employed logistic regression models in our analyses. Results. Self-reported diabetes prevalence was 7.6% in the U.S. and 5.4% in Canada. The prevalence of low physical activity was considerably higher in the U.S. (70.9%) than in Canada (52.3%), while levels of moderate and high physical activity were higher in Canada (24.6% and 23.1%, respectively) than in the U.S. (14.3% and 14.8%, respectively). Using nationality (Canada as reference) to predict diabetes status, the adjusted odds ratio was 1.48 (95%CI, 1.22-1.79), and became 1.38 (95%CI, 1.15-1.66) when additionally adjusting for physical activity level. We estimate that 20.8% of the U.S.-Canada difference in diabetes prevalence is associated with physical activity. Conclusions. The difference in the prevalence of diabetes between U.S. and Canadian adults may be partially explained by differences in physical activity between the two countries. © 2010.",yes,no,no,
CS-098,32487,SCOPUS_ID:34447338017,10.1093/ije/dyl273,Women in novel occupational roles: Mental health trends in the UK Armed Forces,International Journal of Epidemiology,2007,Cross-sectional,Other/None,Cross-sectional,FALSE,"['Alcohol misuse', 'Military', 'Psychological health', 'Trends', 'Women']","Background: There is uncertainty about whether women in the military have more psychological symptoms than men and whether psychological symptoms have increased over time. The aims of this study were to assess changes in psychological symptoms in military women over time, to compare them with men, and assess the effect of deployment. Methods: Two cross-sectional studies based on random samples of the Armed Forces were used to assess the effects of deployment to the Gulf and Iraq Wars. We selected for the analyses all the women and a 20% random sample of men who completed a questionnaire stratified by rank. We assessed psychological distress, number of symptoms, post-traumatic stress reaction (PTSR), chronic fatigue and alcohol misuse. Results: There has been an increase in psychological symptoms, including alcohol misuse, in those not deployed to the Gulf or Iraq Wars, especially in women. The odds ratios for PTSR [5.82 (95% CI: 1.27-26.71)], multiple symptoms [8.49 (1.97-36.65)] and alcohol misuse [6.20 (2.09-18.37)] were higher in women than in men in the non-deployed samples. Psychological distress and chronic fatigue was more common in women, and alcohol misuse, was more common in men. In women, psychological symptoms were positively associated with deployment in the Gulf War, but not the Iraq War. Conclusion: Psychological symptoms in the Armed Forces have increased over time regardless of gender, in those not deployed. The association between gender and psychological symptoms has not changed over time. The deployment effect in women is similar to that described in men. © The Author 2007; all rights reserved.",yes,no,no,
CS-099,36328,SCOPUS_ID:33746341168,10.1136/jech.2005.041889,Health underachievement and overachievement in English local authorities,Journal of Epidemiology and Community Health,2006,Cross-sectional,Other/None,Cross-sectional,FALSE,[],"Objective: To identify English local authorities that "" overachieve"" and ""underachieve"" in health terms, given their level of deprivation, sociodemographic context, and region. Design: Cross sectional study using data from the 1991 UK census and mortality data from 2000-2. Setting: England. Participants: 354 local authorities (total population 49 558 000). Main outcome measures: Life expectancy. Residual life expectancy after regression analysis. Results: In general, the more materially deprived the population of a local authority was in 1991, the lower its life expectancy a decade later, with men being more sensitive to the effects of deprivation than women. Many local authorities, however, did not follow this general trend, and these shared common characteristics. Mining, Manufacturing and Industry, and Urban Fringe authorities collectively had lower life expectancies than predicted by their level of deprivation, as did authorities located in the north west. Outer London and Education Centres and Inner London authorities had much higher life expectancies than predicted, as did authorities located in the east, south east, and south west. Given their level of deprivation, sociodemographic context, and region, 11 local authorities significantly overachieved for male life expectancy and 10 underachieved, while 12 overachieved for female life expectancy and three underachieved. Conclusions: Life expectancy in English local authorities is strongly associated not only with material deprivation, but with the local sociodemographic context and the region where the authority is located. Some authorities defy their contexts, however, and overachieve in health terms, while others, including some in affluent areas, underachieve.",yes,no,no,
CS-100,42278,SCOPUS_ID:79960606250,10.1016/j.ypmed.2011.04.014,Prevalence and correlates of objectively measured physical activity and sedentary behavior among US pregnant women,Preventive Medicine,2011,Cross-sectional,Other/None,Cross-sectional,FALSE,"['Exercise', 'Inactivity', 'Physical activity', 'Pregnancy', 'Recommendations', 'Recreational activity', 'Surveillance']","Objective: Physical activity is recommended for pregnant women without medical or obstetric complications. This study described the prevalence and correlates of objectively-measured physical activity and sedentary behavior among United States pregnant women. Methods: Using cross-sectional data collected from the 2003 to 2006 National Health and Nutrition Examination Survey (NHANES), 359 pregnant women ≥16. years wore an accelerometer for 1. week. Results: Women participated in a mean of 12.0. minutes/day (standard error (SE) 0.86) of moderate activity and 0.3. minutes/day (SE 0.08) of vigorous activity. Mean moderate to vigorous physical activity varied by trimester: 11.5. minutes/day in first trimester, 14.3. minutes/day in second trimester, and 7.6. minutes/day in third trimester. On average, women spent 57.1% of their monitored time in sedentary behaviors. In multivariable adjusted models, moderate to vigorous physical activity was higher in the first (p = 0.02) and second (p < 0.001) trimesters compared to the third trimester, and among women with higher household income (p = 0.03) compared to lower household income. In multivariable adjusted models, average counts/minute was higher in the second compared to the third trimester (p = 0.04). Conclusion: Most pregnant women spent more than half of the monitored day in sedentary behaviors and did not meet recommendations for physical activity. © 2011 Elsevier Inc.",yes,no,no,