review_id,source_row_index,scopus_id,doi,title,journal,publication_year,design_title,design_abstract,design_strict,design_keywords,design_combined,design_combined_unambiguous,is_methodological,is_excluded_sensitivity,is_policy_analysis_eval,is_methods_qe,llm_policy_claim,keywords,abstract,manual_check1,manual_check2
DES-001,18494,SCOPUS_ID:84879781393,10.2105/ajph.2013.301458,A randomized trial of a hepatitis care coordination model in methadone maintenance treatment,American Journal Of Public Health,2013,Experimental,Experimental,Experimental,Other/None,Experimental,Experimental,False,False,False,False,False,,"Objectives. We evaluated the efficacy of a hepatitis care coordination intervention to improve linkage to hepatitis A virus (HAV) and hepatitis B virus (HBV) vaccination and clinical evaluation of hepatitis C virus (HCV) infection among methadone maintenance patients. Methods. We conducted a randomized controlled trial of 489 participants from methadone maintenance treatment programs in San Francisco, California, and New York City from February 2008 through June 2011. We randomized participants to a control arm (n = 245) and an intervention arm (n = 244), which included on-site screening, motivational-enhanced education and counseling, on-site vaccination, and case management services. Results. Compared with the control group, intervention group participants were significantly more likely (odds ratio [OR] = 41.8; 95% confidence interval [CI] = 19.4, 90.0) to receive their first vaccine dose within 30 days and to receive an HCV evaluation within 6 months (OR = 4.10; 95% CI = 2.35, 7.17). A combined intervention adherence outcome that measured adherence to HAV-HBV vaccination, HCV evaluation, or both strongly favored the intervention group (OR = 8.70; 95% CI = 5.56, 13.61). Conclusions. Hepatitis care coordination was efficacious in increasing adherence to HAV-HBV vaccination and HCV clinical evaluation among methadone patients.",,
DES-002,11590,SCOPUS_ID:85046675352,10.1016/j.amepre.2018.02.005,State Legislative Approach to Enumerating Behavioral Health Workforce Shortages: Lessons Learned in New Mexico,American Journal Of Preventive Medicine,2018,Other/None,Other/None,Other/None,Other/None,Other/None,Other/None,False,False,False,False,False,,"Nationally, the behavioral health workforce is in crisis because of a lack of resources, culturally responsive services, quality clinical supervision, sufficient training in evidence-based practices, and targeted recruitment and retention. Disparities in access to behavioral health care are particularly significant in New Mexico, where 25% of the population live in rural areas, and behavioral health shortages are among the highest in the nation. Additionally, as a Medicaid expansion state, New Mexico providers experience increased demand for services at a time when the state is challenged with limited workforce capacity. To address this issue, the Health Care Work Force Data Collection, Analysis and Policy Act was legislatively enacted in 2011 to systematically survey all state licensed health professionals to determine reasons for the healthcare shortage and address the shortage through policy. The Act was amended in 2012 to transfer all data to the University of New Mexico Health Sciences Center. In 2015, a total of 4,488 behavioral health providers completed a survey as a mandatory part of their license renewal. Findings from the survey indicate a dearth of licensed behavioral health providers representative of the populations served, limited access to services via Medicaid and Medicare payer sources, limited access to providers working in public health settings, and limited access to Health Information Technology. This paper describes the workforce context in New Mexico, the purpose of the legislation, the analytic findings from the survey, the policies implemented as a result of these efforts, lessons learned, and a discussion of the relevancy of the New Mexico model for other states. Supplement information: This article is part of a supplement entitled The Behavioral Health Workforce: Planning, Practice, and Preparation, which is sponsored by the Substance Abuse and Mental Health Services Administration and the Health Resources and Services Administration of the U.S. Department of Health and Human Services.",,
DES-003,2012,SCOPUS_ID:2642668471,10.1093/oxfordjournals.aje.a009467,Differential misclassification and the assessment of gene-environment interactions in case-control studies,American Journal Of Epidemiology,1998,Other/None,Case-control,Case-control,Case-control,Case-control,Case-control,True,True,False,True,False,Case-control studies; Epidemiologic methods; Misclassification,"In case-control studies of interactions between genetic and environmental exposures, differential misclassification of the environmental exposure with respect to disease status can introduce spurious heterogeneity of the stratum-specific odds ratios. In this paper, the authors identify conditions under which differential misclassification does not introduce bias in the interaction parameter when no multiplicative interaction is present, and it biases the interaction parameter toward the null value when a multiplicative interaction is present. The conditions are that (i) conditional on potential confounders, the environmental exposure is independent of the genotype among the controls, and (ii) misclassification of the environmental exposure is nondifferential with respect to the genotype. These conditions can be tested from the misclassified data in the control group, since a test of the independence of the genotype and the misclassified environmental exposure among the controls is a test of the joint hypothesis that conditions (i) and (ii) are both true. Therefore, the authors propose a two-step test for interaction which first tests conditions (i) and (ii) and then goes on to test for interaction, provided the first step hypothesis is not rejected. A summary test procedure to test for gene-environment interactions in the presence of misclassification, based on both a conventional test for interaction and the two-step test, is recommended, and is illustrated with data from a case-control study of the role of diet as a modifier of the association between a metabolic polymorphism and lung cancer.",,
DES-004,33913,SCOPUS_ID:85070813724,10.1093/ije/dyz060,Unmasking herd protection by an oral cholera vaccine in a cluster-randomized trial,International Journal Of Epidemiology,2019,Experimental,Experimental,Experimental,Experimental,Experimental,Experimental,False,False,False,False,False,Cholera; cluster-randomized trial; fried-egg design; vaccine effectiveness,"Background: Several studies have shown that inactivated, whole-cell oral cholera vaccines (OCVs) confer both direct protection on vaccinees and herd protection on populations. Because our earlier cluster-randomized effectiveness trial (CRT) in urban Bangladesh failed to detect OCV herd protection, we reanalysed the trial to assess whether herd effects were masked in our original analysis. Methods: A total of 267 270 persons were randomized to 90 approximately equal-sized clusters. In 60 clusters persons aged 1 year and older were eligible to receive OCV and in 30 clusters persons received no intervention and served as controls. We analysed OCV protection against severely dehydrating cholera for the entire clusters, as in our original analysis, and for subclusters consisting of residents of innermost households. We hypothesized that if OCV herd protection was attenuated by cholera transmission into the clusters from the outside in this densely populated setting, herd protection would be most evident in the innermost households. Results: During 2 years of follow-up of all residents of the clusters, total protection (protection of OCV recipients relative to control residents) was 58% [95% confidence interval (CI): 43%, 70%; P<0.0001], indirect protection (protection of non-OCV recipients in OCV clusters relative to control participants) was 16% (95% CI: -20%, 41%; P=0.35) and overall OCV protection (protection of all residents in the OCV clusters relative to control residents) was 46% (95% CI: 30%, 59%; P<0.0001). Analyses of the inner 75% and 50% households of the clusters showed similar findings. However, total protection was 75% (95% CI: 50%, 87%, P<0.0001), indirect protection 52% (95% CI: -9%, 79%; P=0.08) and overall protection 72% (95% CI: 49%, 84%; P<0.0001) for the innermost 25% households. Conclusion: Consistent with past studies, substantial OCV herd protective effects were identified, but were unmasked only by analysing innermost households of the clusters. Caution is needed in defining clusters for analysis of vaccine herd effects in CRTs of vaccines.",,
DES-005,14023,SCOPUS_ID:0027233773,10.2105/ajph.83.5.711,Treatment for glaucoma: Adherence by the elderly,American Journal Of Public Health,1993,Other/None,Cohort,Cohort,Other/None,Cohort,Cohort,False,False,False,False,False,,"Objectives. The purpose of this study was to determine the extent of nonadherence to treatment for glaucoma among elderly patients. Methods. This was a retrospective cohort study of 2440 patients older than age 65 who were enrolled in the New Jersey Medicaid Program and who were newly initiated on a topical agent for the treatment of glaucoma. Two patient-specific measures of nonadherence were employed: (1) no filled prescription for any glaucoma medication over a 12-month period after the initiation of therapy and (2) number of days without therapy for glaucoma during this 12-month period. Results. By the first measure, 569 patients (23%) were found to be nonadherent. The mean number of days without therapy during the study year was 112. Factors associated with nonadherence included the use of glaucoma medication requiring more than 2 administrations per day and the presence of multiple other medications in the patient's drug regimen. Patients started on multiple glaucoma medications were more adherent than those started on a single agent. Age and sex were not found to be predictors of nonadherence. Conclusions. Substantial nonadherence was found to be common in this population. More attention to the issue of nonadherence could result in important benefits in the preservation of sight.",,
DES-006,1230,SCOPUS_ID:0029034410,10.1093/oxfordjournals.aje.a117619,Psychotropic drugs and risk of recurrent falls in ambulatory nursing home residents,American Journal Of Epidemiology,1995,Other/None,Cohort,Cohort,Other/None,Cohort,Cohort,False,False,False,False,True,Accidental falls; Aged; Nursing homes; Psychotropic drugs,"Although psychotropic drug use has been associated with increased risk of falls in long-term care settings, this association may be confounded by the high prevalence of dementia and depression and other fall risk factors. This question was addressed in a prospective cohort study of recurrent falls among 282 ambulatory residents of 12 Tennessee nursing homes during 1991-1992. Eligible subjects were ≥65 years of age, ambulatory, able to provide study data, and expected to remain in the nursing home for ≥3 months. Baseline data collected for each cohort member included symptoms of dementia (cognitive impairment and behavior problems) and depression, medication use, and other potential fall risk factors. Falls were ascertained from facility incident reports and nursing home charts. During follow-up, 111 residents had ≥2 falls, an incidence rate of 54.9 recurrent falls per 100 person-years. With the use of Cox proportional hazards modeling, the authors found incidence density ratios (95% confidence intervals (Cl)) showing that the following risk factors were independently associated with recurrent falls: age ≥75 years (1.66 (1.01-2.72)); ≥4 assisted activities of daily living (1.94 (1.09-3 47)); middle (2.08 (1 20-3.61)) and upper (2.54 (1.44-1.49)) tertiles of balance impairment; fall in the 90 days preceding assessment (2.01 (1.32-3.06)); and upper tertile of behavior problems (1.65 (1.03-2.64)). The rate of recurrent falls increased tenfold as the number of these risk factors increased from 0 to 5 (21.4 to 231.5 per 100 person-years, r{cyrillic} ≤0.0002). After controlling for symptoms of dementia and depression and other fall risk factors, the incidence density ratio for recurrent falls in baseline regular psychotropic drug users (n = 178) compared with nonusers (n = 104) was 1.97 (95%Cl 1.28%3.05). Within groups defined by number of other independent fall risk factors present, regular psychotropic users had a recurrent fall rate that was greater than that for nonusers: 44 1 versus 22.9 per 100 person-years (r{cyrillic} = 0.03) in the low nsk (>2 factors) groupand 98.7 versus 64.3 (r{cyrillic} = 0.08) in the high risk (>2 factors) group. The attributable risk of recurrent falls for regular psychotropic drug users was 36%, which suggests optimal management of psychopharmacotherapy is an essential component of fall prevention programs for ambulatory nursing home residents. © 1995 by The Johns Hopkins University School of Hygiene and Public Health.",,
DES-007,41092,SCOPUS_ID:12144290469,10.1016/j.ypmed.2003.11.005,Focus groups of Y-K Delta Alaska Natives: Attitudes toward tobacco use and tobacco dependence interventions,Preventive Medicine,2004,Other/None,Other/None,Other/None,Qualitative,Qualitative,Qualitative,False,False,False,False,False,Focus group; Intervention; Tobacco cessation; Tobacco use,"Background. Tobacco dependence interventions developed for Alaska Natives are virtually nonexistent. Alaska Natives residing on the Yukon-Kuskokwim (Y-K) Delta in southwestern Alaska use a unique form of smokeless tobacco (ST) known as Iqmik. This study employed focus group methodology to explore attitudes toward tobacco use and tobacco dependence interventions among Alaska Natives residing on the Y-K Delta. Methods. Twelve focus groups of former and current tobacco users were conducted in four villages in the Y-K Delta. Participants were 35 adults (83% female) and 22 adolescents (27% female). Participants completed a brief demographic and tobacco use history form. Statements from the focus groups were transcribed for content coding and analysis of the major themes. Results. Use of Iqmik in the villages is thought to be ubiquitous. Y-K Delta Alaska Natives are introduced to Iqmik at a very young age. Iqmik is mostly used and prepared by young Alaska Natives and adult women. There are few perceived adverse health effects of Iqmik or other tobacco use. Although there is interest in stopping, there is a perceived lack of availability of tobacco dependence interventions. The major barriers to preventing the initiation of and stopping tobacco use are the social acceptance and widespread use and availability of tobacco. Conclusion. The attitudes toward tobacco and identified barriers to stopping will be useful in developing tobacco dependence interventions for Alaska Natives. © 2003 The Institute For Cancer Prevention and Elsevier Inc. All rights reserved.",,
DES-008,34541,SCOPUS_ID:85166442516,10.1093/ije/dyad054,A longitudinal study evaluating adverse childhood experiences and obesity in adulthood using the Canadian Longitudinal Study on Aging (CLSA),International Journal Of Epidemiology,2023,Cohort,Cohort,Cohort,Other/None,Cohort,Cohort,False,False,False,False,False,Adverse childhood experiences; CLSA; nutrition; obesity; stress,"Background: Adverse childhood experiences (ACEs) are a risk factor for obesity; however, the causal mechanisms are not well understood. Objectives were to measure the impact of ACEs on adulthood obesity and to investigate whether the association was mediated by nutrition and stress. Methods: A longitudinal study was conducted using adults aged 46–90 years (n = 26 615) from the Canadian Longitudinal Study on Aging. Participants were asked to recall ACEs from <18 years of age. Body mass index (BMI), waist circumference and per cent body fat were measured (2015–18) and obesity was defined using standard cut points. Nutrition was measured using data from the Short Diet Questionnaire and stress was measured using allostatic load. Multinomial logistic regression was used to estimate odds ratios (ORs) and 95% CIs for each obesity measure. Causal mediation methods were used to determine whether nutrition and stress were mediators. Results: There were 66% of adults who had experienced one or more ACE. The odds of obesity defined by BMI and waist circumference increased in a dose–response manner with increasing number of ACEs (P trend <0.001). For instance, adults with four to eight ACEs, compared with none, had greater odds of obesity, defined by BMI (adjusted OR: 1.54; 95% CI: 1.28–1.75) and waist circumference (adjusted OR: 1.30; 95% CI: 1.15–1.47). There was no evidence of mediation by stress or nutrition. Conclusions: Adversity experienced in early life is strongly associated with obesity among Canadian adults. Further research is needed to identify other mechanisms for this association to inform obesity prevention strategies.",,
DES-009,28429,SCOPUS_ID:84904963525,10.1093/eurpub/cku014,Association between economic fluctuations and road mortality in OECD countries,European Journal Of Public Health,2014,Other/None,Other/None,Other/None,Other/None,Other/None,Other/None,False,True,False,True,False,,"Using longitudinal data from 32 Organization for Economic Co-operation and Development (OECD) countries (1970-2010), this article investigates association between annual variations in road mortality and the economic fluctuations. Two regression models (fixed-effects and random-coefficients) were adopted for estimation. The cross-country data analyses suggested that road mortality is pro-cyclical and that the cyclicality is symmetric. Based on data from 32 OECD countries, an increase of on average 1% in economic growth is associated with a 1.1% increase in road mortality, and vice versa. © 2014 The Author.",,
DES-010,28971,SCOPUS_ID:85076307058,10.1093/eurpub/ckz024,The influence of patient case mix on public health area statistics for cancer stage at diagnosis: A cross-sectional study,European Journal Of Public Health,2019,Cross-sectional,Other/None,Cross-sectional,Other/None,Cross-sectional,Cross-sectional,False,False,False,False,True,,"Background: Summary statistics comparing the stage at diagnosis of geographically defined populations of cancer patients are increasingly used in public reporting to monitor geographical inequalities but may be confounded by patient case mix. We explore the impact of case-mix adjustment on a publicly reported measure of early stage at diagnosis in England. Methods: We analyzed data used for publicly reported statistics about the stage of patients diagnosed with 1 of 11 solid tumours in 2015 in England, including information on cancer site (bladder, breast, colon, rectum, kidney, lung, melanoma, non-Hodgkin lymphoma, ovarian, prostate, endometrial), age, gender, income deprivation and population-based commissioning organization. We investigated how cancer site and other patient characteristics influence organizational comparisons and attainment of early-stage targets (≥60% of all cases diagnosed in TNM stages I-II). Results: Adjusting for patient case mix reduced between-organization variance by more than 50%, resulting in appreciable discordance in organizational ranks (Kendall's tau = 0.53), with 18% (37/207) of organizations being reclassified as meeting/failing the early-stage target due to case mix. Conclusion: Summary statistics on stage of cancer diagnosis for geographical populations currently used as public health surveillance tools to monitor organizational inequalities need to account for patient sociodemographic characteristics and cancer site case mix.",,
DES-011,8897,SCOPUS_ID:0242289627,10.1016/s0749-3797(03)00218-6,Relationships between body mass indices and surgical replacements of knee and hip joints,American Journal Of Preventive Medicine,2003,Other/None,Case-control,Case-control,Other/None,Case-control,Case-control,False,False,False,False,False,,"Background: Osteoarthritis is both the most common form of arthritis and the most common reason for joint replacement surgery. Obese persons are believed to be more likely to develop generalized osteoarthritis that leads not only to knee but also to hip joint replacement surgeries. We hypothesized that obesity is also a risk for partial joint replacements and surgical revisions. Methods: A frequency-matched case-control study was conducted in Utah. Between 1992 and 2000, 840 hip and 911 knee joint replacement surgery patients, aged 55 to 74 years, were included in this study. Cases were randomly matched to 5578 controls, defined as Utah residents enrolled in a cancer screening trial. Odds ratios (ORs) were calculated using ICD-9 (International Classification of Diseases, 9th revision) procedural codes and body mass index (BMI) groups. Results: There was a strong association between increasing BMI and both total hip and knee replacement procedures. In males, the highest OR was for those weighing 37.50 to 39.99 kg/m2 (total hip: OR=9.37, 95% confidence interval [CI] 2.64-33.31; total knee: OR=16.40; 95% CI 5, 19-51.86). In females, the highest OR was for those weighing ≥40 kg/m2 (total hip: OR=4.47; 95% CI, 2.13-9.37; total knee: OR=19.05; 95% CI, 9.79-37.08). There were slight gender-specific differences in risk found for partial hip replacement procedures. Unexpectedly, no statistically significant association was found between obesity and the risk for hip or knee revision procedures. Conclusions: While there is an association between obesity and hip and knee joint replacement surgeries, obesity does not appear to confer an independent risk for hip or knee revision procedures.",,
DES-012,12585,SCOPUS_ID:85125459648,10.1016/j.amepre.2021.12.012,Sustained Impact of the Philadelphia Beverage Tax on Beverage Prices and Sales Over 2 Years,American Journal Of Preventive Medicine,2022,Other/None,Quasi-experimental,Quasi-experimental,Other/None,Quasi-experimental,Quasi-experimental,False,True,False,True,False,,"Introduction: It is unclear whether changes in beverage price and sales after beverage tax implementation can be sustained long term. This study aims to quantify the changes in beverage prices and sales in large retailers 2 years after the implementation of the 1.5 cents per ounce Philadelphia beverage tax. Methods: Data on price and volume sales of beverages and potential food substitutes were collected from 109 supermarkets, 45 mass merchandizers, and 350 pharmacies in Philadelphia, Baltimore (control), and Pennsylvania ZIP codes bordering Philadelphia (to investigate potential cross-border shopping for tax avoidance). Difference-in-differences analyses compared beverage prices and volume sales in the year before tax implementation (2016) to 2 years after (2018). Data were analyzed in 2020–2021. Results: Difference-in-differences analyses found that after tax implementation, taxed beverage prices in Philadelphia increased by 1.02 cents per ounce (95% CI=0.94, 1.11; 68% pass through), and taxed beverage volume sales in stores decreased by 50% (95% CI=36%, 61%). After accounting for cross-border shopping, taxed beverage volume sales decreased in Philadelphia by 35% in 2018. Volume sales of nontaxed beverages did not change after tax implementation (difference-in-differences=4%, 95% CI= −3%, 12%). Volume sales of nontaxed beverage concentrates increased on average by 34% (95% CI=19%, 51%), but there was no evidence of substitution to high-calorie foods. Conclusions: There was a large reduction in taxed beverage volume sales 2 years after Philadelphia tax implementation, even after accounting for cross-border shopping. Increases in nontaxed beverage concentrate sales likely partially offset this decline, but there was no evidence of post-tax food substitution.",,
DES-013,3601,SCOPUS_ID:26444566662,10.1093/aje/kwi262,Association of Chlamydia trachomatis with persistence of high-risk types of human papillomavirus in a cohort of female adolescents,American Journal Of Epidemiology,2005,Other/None,Cohort,Cohort,Other/None,Cohort,Cohort,False,False,False,False,False,"Adolescent; Chlamydia trachomatis; Longitudinal studies; Neisseria gonorrhoeae; Papillomavirus, human; Sexually transmitted diseases; Trichomonas vaginalis; Vaginosis, bacterial","Human papillomavirus (HPV) infection is a necessary but not sufficient cause of cervical cancer. While chlamydia infection has been associated with cervical cancer, the meaning of this association remains unclear. The authors' objective was to investigate this association by evaluating whether concurrent genital tract infections are associated with HPV persistence, a precursor to cervical cancer. Interview data and biologic samples for HPV, Chlamydia trachomatis, Neisseria gonorrhoeae, Trichomonas vaginalis, and bacterial vaginosis testing were collected from female adolescents in an Atlanta, Georgia, longitudinal cohort study at 6-month visits (1999-2003). Associations with persistence (detection of the same HPV type at two sequential visits (visit pair)) were assessed among subjects with 2-5 visits and ≥6 months of follow-up. Associations were evaluated by logistic regression using methods for correlated data. Type-specific persistence of high-risk HPV types was detected in 77 of 181 (43%) analyzed visit pairs. Concurrent infection with C. trachomatis was independently associated with persistence of high-risk HPV types (adjusted odds ratio = 2.1, 95% confidence interval: 1.0, 4.1). Infection with more than one HPV type at the initial visit was also associated with high-risk persistence (adjusted odds ratio = 2.8, 95% confidence interval: 1.6, 4.9). The association between chlamydia infection and cervical cancer may be due to an effect of chlamydia infection on persistence of high-risk HPV. Copyright © 2005 by the Johns Hopkins Bloomberg School of Public Health. All rights reserved.",,
DES-014,38733,SCOPUS_ID:85127816411,10.1136/jech-2021-217266,Time trend analysis of social inequalities in psychological distress among young adults before and during the pandemic: evidence from the UK Household Longitudinal Study COVID-19 waves,Journal Of Epidemiology And Community Health,2022,Cohort,Cohort,Cohort,Other/None,Cohort,Cohort,False,False,False,False,True,,"Background Despite concerns about mental health problems among those aged 16–24 in England, which social groups have been most at risk, both over the past decade and during the COVID-19 pandemic, remains unclear. Methods We examined trends in psychological distress among young adults 16–24 years old in England using data from the UK Household Longitudinal Study. Using longitudinal data as repeated cross-sectional waves, we examined differences over time in mean General Health Questionnaire (GHQ) scores from wave 1 (2009–2010) to wave 10 (2018–2019) and six COVID-19 waves collected between April and November 2020, by economic activity, cohabitation with parents, parental education, area deprivation, ethnicity, age and sex. Results Compared with 2009–2010, increases in GHQ scores in 2018–2019 were higher in women than men (2.1 vs 1.3), those aged 16–18 than aged 22–24 (2.6 vs 0.9), those from white UK group versus other ethnic minorities, and those out of the labour force (3.6) or employed part time (2.2) than those employed full time (0.8). Compared with 2018–2019, psychological distress in 2020 also further increased among young adults residing in the most deprived areas (4.1 vs 1.2 in the least deprived areas). In 2020, losing one’s job or most of one’s work hours was associated with higher psychological distress and attenuated the differences between deprivation quartiles by 17%. Conclusion In England, inequalities in psychological distress among young adults may have changed and increased during the COVID-19 pandemic. Investing in opportunities for young adults, particularly in more deprived areas, may be key to improve population levels of mental health.",,
DES-015,42562,SCOPUS_ID:84887824395,10.1016/j.ypmed.2013.10.006,American adults eligible for the supplemental nutritional assistance program consume more sugary beverages than ineligible adults,Preventive Medicine,2013,Other/None,Cross-sectional,Cross-sectional,Other/None,Cross-sectional,Cross-sectional,False,False,False,False,False,Adults; SNAP; Sugar-sweetened bevearge consumption,"Background: There is considerable debate about whether sugar-sweetened beverages (SSBs) should be allowable purchases with benefits from the Supplemental Nutrition Assistance Program (SNAP). Purpose: To examine national patterns in adult consumption of SSBs by SNAP eligibility. Methods: Cross-sectional analysis of 24-hour dietary recall data obtained from the National Health and Nutrition Examination Survey 2003-2010 (N = 17,198), analyzed in 2013. Results: In 2003-2010, 65% of adults receiving SNAP consumed SSBs, averaging 307. cal daily, and 74. g of sugar. Compared to adults ineligible for SNAP, adults receiving SNAP consumed a higher percentage of SSBs (65% vs. 59%, p < 0.001), more calories from SSB per capita (210. kcal vs. 175. kcal, p = 0.001), and more daily calories from SSBs among drinkers (307. kcal vs. 278. kcal, p = 0.008). Overall, per capita consumption from SSBs was highest among adults receiving SNAP (210. kcal, 9% total daily intake), followed by adults eligible but not participating in SNAP (192. kcal, 8% total daily intake) - both of which had significantly higher SSB consumption than ineligible adults (175. kcal, 8% total daily intake) (p < 0.05). Conclusion: Adults eligible for SNAP benefits consume more SSBs than ineligible adults. © 2013 Elsevier Inc.",,
DES-016,2828,SCOPUS_ID:0035863438,10.1093/aje/153.2.114,Excess incidence of squamous cell esophageal cancer among US black men: Role of social class and other risk factors,American Journal Of Epidemiology,2001,Other/None,Case-control,Case-control,Case-control,Case-control,Case-control,False,False,False,False,True,Alcohol drinking; Case-control studies; Diet; Esophageal neoplasms; Racial stocks; Risk factors; Social class; Tobacco,"Data from a population-based case-control study were used to evaluate the relation between social class factors and squamous cell esophageal cancer and the extent to which alcohol, tobacco, diet, and low income contribute to the higher incidence among Black men than among White men in the United States. A total of 347 male cases (119 White, 228 Black) and 1,354 male controls (743 White, 611 Black) were selected from three US geographic areas (Atlanta, Georgia, Detroit, Michigan, and New Jersey). Cases were residents of the study areas aged 30-79 years who had been diagnosed with histologically confirmed esophageal cancer between 1986 and 1989. The adjusted odds ratios for subjects with annual incomes less than $10,000 versus incomes of $25,000 or more were 4.3 (95% confidence interval: 2.1, 8.7) for Whites and 8.0 (95% confidence interval: 4.3, 15.0) for Blacks. The combination of all four major risk factors - low income, moderate/heavy alcohol intake, tobacco use, and infrequent consumption of raw fruits and vegetables - accounted for almost all of the squamous cell esophageal cancers in Whites (98%) and Blacks (99%) and for 99% of the excess incidence among Black men. Thus, lifestyle modifications, especially a lowered intake of alcoholic beverages, would markedly decrease the incidence of squamous cell esophageal cancer in both racial groups and would narrow the racial disparity in risk. Further studies on the determinants of social class may help to identify a new set of exposures for this tumor that are amenable to intervention.",,
DES-017,11916,SCOPUS_ID:85059576723,10.1016/j.amepre.2018.08.024,"Bringing “The Real Cost” to Life Through Breakthrough, Evidence-Based Advertising",American Journal Of Preventive Medicine,2019,Other/None,Other/None,Other/None,Other/None,Other/None,Other/None,False,False,False,False,False,,"Building on the success “The Real Cost” campaign has already achieved requires the constant development of new audience insights, novel ideas, and unconventional ways of bringing the campaign to life. This article provides a high-level overview of the campaign's approach to developing and testing breakthrough advertising that has proven effective in preventing smoking initiation among a skeptical, hard-to-reach, at-risk youth audience. This approach is informed by evidence-based communication best practices for youth behavior change campaigns; insights from published literature and subject matter experts with decades of experience in youth health marketing and tobacco prevention; and findings from formative research studies conducted as part of the campaign development process. The paper also explores two campaign advertisements to showcase the research-based creative development process in action. This article is a collaboration between federal government officials, campaign managers, ad agency creatives, and researchers, and thus provides a unique, multidisciplinary examination into the research and creative processes that go into creating a national health communication effort. Supplement information: This article is part of a supplement entitled Fifth Anniversary Retrospective of “The Real Cost,” the Food and Drug Administration's Historic Youth Smoking Prevention Media Campaign, which is sponsored by the U.S. Food and Drug Administration.",,
DES-018,19133,SCOPUS_ID:84896499895,10.2105/ajph.2013.301837,Effectiveness of the cigarette ignition propensity standard in preventing unintentional residential fires in Massachusetts,American Journal Of Public Health,2014,Other/None,Quasi-experimental,Quasi-experimental,Other/None,Quasi-experimental,Other/None,False,True,False,True,True,,"Objectives. We evaluated the Massachusetts Fire Safe Cigarette Law's (FSCL's) effectiveness in preventing residential fires. Methods. We examined unintentional residential fires reported to the Massachusetts Fire Incident Reporting Systemfrom 2004 to 2010.We analyzed FSCL effect on the likelihood of cigarette- versus noncigarette-caused fires and effect modification by fire scenario factors by using an interrupted time series regression model. We analyzed the effect of FSCL on monthly fire rates with Poisson regression. Results. Cigarettes caused 1629 unintentional residential fires during the study period. The FSCL was associated with a 28% (95% confidence interval = 12%, 41%) reduction in the odds of cigarette- versus noncigarette-caused fires, although not in analyses restricted to casualty fires, with smaller sample size. The largest reductions were among fires in which human factors were involved; that were first ignited on furniture, bedding, or soft goods; that occurred in living areas; or that occurred in the summer or winter. Conclusions. The FSCL appears to have decreased the likelihood of cigarettecaused residential fires, particularly in scenarios for which the ignition propensity standard was developed. Current standards should be adopted, and the need for strengthening should be considered.",,
DES-019,11751,SCOPUS_ID:85073516094,10.1016/j.amepre.2019.06.019,Sugar-Sweetened Beverage Health Warnings and Purchases: A Randomized Controlled Trial,American Journal Of Preventive Medicine,2019,Experimental,Other/None,Experimental,Other/None,Experimental,Experimental,False,False,False,False,True,,"Introduction: Five U.S. states have proposed policies to require health warnings on sugar-sweetened beverages, but warnings’ effects on actual purchase behavior remain uncertain. This study evaluated the impact of sugar-sweetened beverage health warnings on sugar-sweetened beverage purchases. Study design: Participants completed one study visit to a life-sized replica of a convenience store in North Carolina. Participants chose six items (two beverages, two foods, and two household products). One item was randomly selected for them to purchase and take home. Participants also completed a questionnaire. Researchers collected data in 2018 and conducted analyses in 2019. Setting/participants: Participants were a demographically diverse convenience sample of 400 adult sugar-sweetened beverage consumers (usual consumption ≥12 ounces/week). Intervention: Research staff randomly assigned participants to a health warning arm (sugar-sweetened beverages in the store displayed a front-of-package health warning) or a control arm (sugar-sweetened beverages displayed a control label). Main outcome measures: The primary trial outcome was sugar-sweetened beverage calories purchased. Secondary outcomes included reactions to trial labels (e.g., negative emotions) and sugar-sweetened beverage perceptions and attitudes (e.g., healthfulness). Results: All 400 participants completed the trial and were included in analyses. Health warning arm participants were less likely to be Hispanic and to have overweight/obesity than control arm participants. In intent-to-treat analyses adjusting for Hispanic ethnicity and overweight/obesity, health warnings led to lower sugar-sweetened beverage purchases (adjusted difference, −31.4 calories; 95% CI= −57.9, −5.0). Unadjusted analyses yielded similar results (difference, −32.9 calories; 95% CI= −58.9, −7.0). Compared with the control label, sugar-sweetened beverage health warnings also led to higher intentions to limit sugar-sweetened beverage consumption and elicited more attention, negative emotions, thinking about the harms of sugar-sweetened beverage consumption, and anticipated social interactions. Trial arms did not differ on perceptions of sugar-sweetened beverages’ added sugar content, healthfulness, appeal/coolness, or disease risk. Conclusions: Brief exposure to health warnings reduced sugar-sweetened beverage purchases in this naturalistic RCT. Sugar-sweetened beverage health warning policies could discourage sugar-sweetened beverage consumption. Trial registration: This study is registered at www.clinicaltrials.gov NCT03511937.",,
DES-020,18448,SCOPUS_ID:84886412652,10.2105/ajph.2013.301283,Medicaid expansion initiative in Massachusetts: Enrollment among substance-abusing homeless adults,American Journal Of Public Health,2013,Other/None,Quasi-experimental,Quasi-experimental,Other/None,Quasi-experimental,Other/None,False,True,False,True,True,,"Objectives. We assessed whether homeless adults entering substance abuse treatment in Massachusetts were less likely than others to enroll in Medicaid after implementation of the MassHealth Medicaid expansion program in 1997. Methods. We used interrupted time-series analysis in data on substance abuse treatment admissions from the Treatment Episode Data Set (1992-2009) to evaluate Medicaid coverage rates in Massachusetts and to identify whether trends differed between homeless and housed participants. We also compared Massachusetts data with data from 17 other states and the District of Columbia combined. Results. The percentage of both homeless and housed people entering treatment with Medicaid increased approximately 21% after expansion (P = .01), with an average increase of 5.4% per year over 12 years (P = .01). The increase in coverage was specific to Massachusetts, providing evidence that the MassHealth policy was the cause of this increase. Conclusions. Findings provide evidence in favor of state participation in the Medicaid expansion in January 2014 under the Affordable Care Act and suggest that hard-to-reach vulnerable groups such as substance-abusing homeless adults are as likely as other population groups to benefit from this policy. Copyright © 2013 by the American Public Health Association®.",,
DES-021,23978,SCOPUS_ID:85196885941,10.1097/ede.0000000000001740,Scarring in Utero: An Attempt to Validate with Data Unconfounded by Migration and Medical Care,Epidemiology,2024,Other/None,Cohort,Cohort,Other/None,Cohort,Cohort,False,False,False,False,False,Environmental stressors; Gestation; Longevity; Scarring,"Background: ""Scarring in utero""posits that populations exposed to injurious stressors yield birth cohorts that live shorter lives than expected from history. This argument implies a positive historical association between period life expectancy (i.e., average age at death in year t) and cohort life expectancy (i.e., average lifespan of persons born in year t). Tests of the argument have not produced consistent results and appear confounded by autocorrelation, migration, and access to medical care. Here we test whether, as predicted by scarring in utero, sex-specific period and cohort life expectancy appear positively related among Swedes born from 1751 through 1800. If scarring has ever influenced longevity, we should detect signals of its effects in these cohorts because, unlike other populations with known life span, they aged in place and unlikely benefitted from increased access to efficacious medical care. Methods: We use Box-Jenkins methods to control autocorrelation and measure associations. Results: Contrary to the scarring hypothesis, we find an inverse association between period and cohort life expectancy. Our findings imply that, among males, variation in injurious stress on the population predicted changes in cohort life span ranging from a gain of approximately 67 weeks to a loss of about 45 weeks of life and among females from a gain of approximately 68 weeks to a loss of about 38 weeks of life. Conclusion: Epidemiologists trying to understand and explain temporal variation in cohort life expectancy should view the scarring argument with greater skepticism than currently found in the literature.",,
DES-022,3381,SCOPUS_ID:4544377996,10.1093/aje/kwh260,Intussusception and oral poliovirus vaccination: Is there an association?,American Journal Of Epidemiology,2004,Other/None,Case-control,Case-control,Other/None,Case-control,Case-control,False,False,False,False,False,"Intussusception; Poliovirus vaccine, oral","Oral rotavirus vaccine was voluntarily withdrawn from the market after studies observed an increased risk of intussusception within 2 weeks after immunization. Concern has been raised that other orally administered vaccines, such as oral poliovirus vaccine (OPV), may also be associated with intussusception. In this 1990-1998 case-control study, the authors examined the association between OPV and intussusception in the Washington State Medicaid population, evaluating receipt of OPV during the month prior to intussusception among 119 cases and 589 controls matched by date of birth. Analysis was conducted via matched conditional logistic regression, 1 controlling for sex. Between 1990 and 1998, 119 children younger than age 2 years had a therapeutic enema, surgical reduction, or hospitalization for intussusception and had been enrolled in Medicaid for at least 1 month prior to their intussusception date. There was no significantly elevated risk of intussusception associated with receipt of OPV; 9.2% (11/119) of cases and 8.5% (50/589) of controls were given OPV 0-28 days prior to the case's intussusception date (odds ratio = 1.1, 95% confidence interval: 0.5, 2.2). However, to address the hypothesis that risk of intussusception is related to receipt of a particular dose of OPV, a larger study would be required.",,
DES-023,9518,SCOPUS_ID:42949162520,10.1016/j.amepre.2008.03.005,"Did Augmenting the VERB<sup>™</sup> Campaign Advertising in Select Communities Have an Effect on Awareness, Attitudes, and Physical Activity?",American Journal Of Preventive Medicine,2008,Other/None,Quasi-experimental,Quasi-experimental,Other/None,Quasi-experimental,Quasi-experimental,False,True,False,True,False,,"Background: Although VERB™ was designed as a national media campaign, funding and donated media time enabled more-intensive advertising and marketing in certain communities. To investigate the effect of increased advertising on physical activity outcomes, six ""high-dose"" communities were selected to receive more hours of advertising and additional promotional activities. Design: Longitudinal quasi-experimental design comparing outcomes in six communities that received additional VERB marketing activities with outcomes in a comparison group that received only the national dose of advertising. Setting/participants: Two cohorts of dyads of youth aged 9-13 years (tweens) and one parent at baseline (2002), followed for 2 years. Intervention: During the first year of the VERB campaign, each of the six high-dose communities received 50% more advertising and conducted special campaign activities. During the second year, only four of the six communities received the larger dose of advertising and additional promotional activities because of reduced funding. Main outcome measures: Awareness and understanding of VERB messages; attitudes about physical activity (self-efficacy, social influences, and outcome expectations); and physical activity behaviors. Results: After 1 year, tweens in the high-dose communities reported higher levels of awareness and understanding of VERB and scored higher on the social influences scale than did tweens in a comparison group in areas that received only the national dose of advertising. After 2 years, tweens in the high-dose communities reported higher awareness and understanding of VERB, greater self-efficacy, more sessions of free-time physical activity per week, and were more active on the day before being surveyed than tweens in the comparison group who received the average national dose. Conclusions: Providing communities with a higher dose of marketing activities and sustaining those activities over time yields more positive outcomes. © 2008 American Journal of Preventive Medicine.",,
DES-024,28826,SCOPUS_ID:85059268535,10.1093/eurpub/cky100,"The association between discrimination and health: Findings on Russian, Somali and Kurdish origin populations in Finland",European Journal Of Public Health,2018,Other/None,Other/None,Other/None,Other/None,Other/None,Other/None,False,False,False,False,True,,"Background: The Second European Union Minorities and Discrimination Survey recently demonstrated widespread discrimination across EU countries, with high discrimination rates observed in countries like Finland. Discrimination is known to negatively impact health, but fewer studies have examined how different types of perceived discrimination are related to health. Methods: This study examines (i) the prevalence of different types of perceived discrimination among Russian, Somali and Kurdish origin populations in Finland, and (ii) the association between different types of perceived discrimination (no experiences; subtle discrimination only; overt or subtle and overt discrimination) and health (self-rated health; limiting long-term illness (LLTI) or disability; mental health symptoms). Data are from the Finnish Migrant Health and Wellbeing Study (n = 1795). Subtle discrimination implies reporting being treated with less courtesy and/or treated with less respect than others, and overt discrimination being called names or insulted and/or threatened or harassed. The prevalence of discrimination and the associations between discrimination and health were calculated with predicted margins and logistic regression. Results: Experiences of subtle discrimination were more common than overt discrimination in all the studied groups. Subtle discrimination was reported by 29% of Somali origin persons and 35% Russian and Kurdish origin persons. The prevalence of overt discrimination ranged between 22% and 24%. Experiences of discrimination increased the odds for poor self-reported health, LLTI and mental health symptoms, particularly among those reporting subtle discrimination only. Conclusions: To promote the health of diverse populations, actions against racism and discrimination are highly needed, including initiatives that promote shared belonging.",,
DES-025,31698,SCOPUS_ID:0033855597,10.1093/ije/29.4.629,"High-risk mammographic parenchymal patterns, hormone replacement therapy and other risk factors: A case-control study",International Journal Of Epidemiology,2000,Case-control,Case-control,Case-control,Other/None,Case-control,Case-control,False,False,False,False,True,Breast parenchymal patterns; Hormone replacement therapy; Mammography; Menopausal status,"Background. Mammographic parenchymal patterns are of particular interest because the denser patterns reduce screening sensitivity as well as increasing breast cancer risk, and because they have been shown to be affected by exogenous oestrogens. Methods. We designed a case-control study comprising 200 cases with high-risk (P2 and DY) pattern and 200 controls with low-risk (N1 and P1) pattern. Mammograms were evaluated according to the Wolfe classification. Results. Parity, body mass index (BMI) and current smoking were inversely and independently associated, whereas late age of menarche and history of benign breast disease were positively associated with high-risk mammographic patterns. Current-users of hormone replacement therapy (HRT) were more than twice as likely to have a high-risk pattern than never-users (OR= 2.48, 95% CI : 1.32-4.61). Women who used HRT for more than 5 years were almost three times more likely to have a high-risk pattern than never-users (OR = 2.77, 95% CI : 1.11-6.91). Relative to never-users, women who started HRT before the menopause were more than twice as likely to have a high-risk pattern (OR = 2.53, 95% CI : 1.31-4.87). Conclusions. Careful clinical and mammographical follow-up might be appropriate in women undergoing HRT. The HRT-induced mammographic pattern might be regarded as a new baseline and changes with respect to this new pattern could then be monitored over time.",,
DES-026,44871,SCOPUS_ID:85103981569,10.1016/j.ypmed.2021.106546,Gains in insurance coverage following the affordable care act and change in preventive services use among non-elderly US immigrants,Preventive Medicine,2021,Other/None,Quasi-experimental,Quasi-experimental,Other/None,Quasi-experimental,Quasi-experimental,False,True,False,True,False,,"Immigrants have lower and disproportionate use of preventive care. We use longitudinal panel data to examine how the 2014 full implementation of the ACA mandates affected change in preventive services (PS) use among immigrants that gained insurance. We used data on Foreign-Born (FB) and US-Born (USB) adults, ages 26–64 years, from the 2013/16 Medical Expenditures Panel Survey longitudinal files to examine within-person change in yearly utilization of age/sex specific United States Preventive Services Task Force (USPSTF) recommended services. We included five primary care (e.g., influenza immunization), three behavioral (e.g., diet), and seven cancer screening (e.g., mammography) measures. We used generalized estimating equations and difference-in-differences tests to assess the effects of insurance gain on: (1) change in PS utilization, and (2) reduction in utilization disparities between USB and FB adults, adjusting for predisposing, health enabling, and health needs factors. Our results showed that newly-insured FB adults substantially increased their use of all primary care checks, and exercise and diet advice. We also found improvements in use of endoscopies, two modalities of colon cancer screening, and prostate cancer screening, but not in receipt of mammography and clinical breast exams. Newly-insured FB PS use remained lower than use among continuously-insured USB adults, but some of the differences were explained by adjustment to enabling and health needs factors. Briefly, health insurance gains among immigrants translated into substantial improvements in use of recommended PS. Still, notable disparities persist among the newly-insured FB, and more so among the 1 in 5 that remain continuously uninsured.",,
DES-027,29463,SCOPUS_ID:85102213306,10.1093/eurpub/ckaa153,Hospital practices for the implementation of patient partnership in a multi-national European region,European Journal Of Public Health,2021,Other/None,Cross-sectional,Cross-sectional,Other/None,Cross-sectional,Cross-sectional,False,False,False,False,False,,"Background: The extent to which patients are involved in their care can be influenced by hospital policies and interventions. Nevertheless, the implementation of patient participation and involvement (PPI) at the organisational (meso) level has rarely been assessed systematically. The aim of this study was to assess the occurrence of PPI practises in hospitals in Belgium, France, Germany and Luxembourg and to analyze if, and to what extent, the hospital vision and the presence of a patient committee influence the implementation of PPI practises. Methods: A cross-sectional study was carried out using an online questionnaire in hospitals in the border regions of the four countries. The data were analyzed for differences between regions and the maturity of PPI development. Results: Full responses were obtained from 64 hospitals. A wide range of practices were observed, the degree of maturity was mixed. A majority of hospitals promoted patient partnership in the hospital's philosophy of care statement. However, the implementation of specific interventions for PPI was not found uniformly and differences could be observed between the countries. Conclusions: Hospitals in the region seem to be motivated to include patients more fully, however, implementation of PPI interventions seems incomplete and only partially integrated into the general functioning of the hospitals. The implementation of the concept seems to be more mature in the francophone part of the region perhaps due, in part, to a more favourable political context.",,
DES-028,31772,SCOPUS_ID:0035171270,10.1093/ije/30.5.1156,Comparing like with like: Some historical milestones in the evolution of methods to create unbiased comparison groups in therapeutic experiments,International Journal Of Epidemiology,2001,Other/None,Experimental,Experimental,Other/None,Experimental,Experimental,False,False,False,False,False,,"Histories of clinical trials have recorded and analysed the development of quantification in therapeutic evaluation, the emergence of probabilistic thinking, the application of statistical methods and theory, and the sociology, ethics and politics of clinical trials; but it is surprising that they only rarely identify as a distinct theme the development of efforts to control biases. An exception is Kaptchuk's recent account of the history of blinding and placebos for reducing observer biases. In this complementary paper I introduce and discuss some milestones between 1662 and 1948 in the development of methods to control selection biases when assembling therapeutic comparison groups, to ensure, as far as possible, that 'like is compared with like'. In the paper I note (i) that treatment allocation based on strict alternation abolishes selection bias as effectively as treatment allocation based on strict random allocation; (ii) that use of schedules based on random numbers is more likely to prevent foreknowledge of allocation schedules, and thus the risk of introducing selection bias at the point of recruitment to trials; (iii) that a concern to conceal allocation schedules was the rationale for using schedules based on random numbers in the Medical Research Council trials of vaccination for whooping cough and streptomycin for pulmonary tuberculosis; and (iv) that the introduction of allocation concealment more than half a century ago remains the most recent substantive milestone in the history of efforts to control selection biases in therapeutic experiments.",,
DES-029,6799,SCOPUS_ID:85049005667,10.1093/aje/kwx353,Early Onset of Distress Disorders and High-School Dropout: Prospective Evidence from a National Cohort of Australian Adolescents,American Journal Of Epidemiology,2018,Other/None,Other/None,Other/None,Other/None,Other/None,Other/None,False,False,False,False,True,adolescence; education; high-school incompletion; longitudinal; mental health,"Prior research examining whether depression and anxiety lead to high-school dropout has been limited by a reliance on retrospective reports, the assessment of mental health at a single point in time (often remote from the time of high-school exit), and the omission of important measures of the social and familial environment. The present study addressed these limitations by analyzing 8 waves of longitudinal data from a cohort of Australian adolescents (n = 1,057) in the Household, Income and Labor Dynamics in Australia (HILDA) Survey (2001-2008). Respondents were followed from the age of 15 years through completion of or exit from high school. Discrete-time survival analysis was used to assess whether the early experience of a distress disorder (indicated by scores <50 on the 5-item Mental Health Inventory from the Short Form Health Survey) predicted subsequent high-school dropout, after controlling for household and parental socioeconomic characteristics and for tobacco smoking and alcohol consumption. Adolescents with a prior distress disorder had twice the odds of high-school dropout compared with those without (odds ratio = 1.99, 95% confidence interval: 1.24, 3.17). This association was somewhat attenuated but remained significant in models including tobacco and alcohol consumption (odds ratio = 1.74, 95% confidence interval: 1.74; 1.09, 2.78). These results suggest that improving the mental health of high-school students may promote better educational outcomes.",,
DES-030,12224,SCOPUS_ID:85108980788,10.1016/j.amepre.2021.04.022,Helpline Calls Associated With Preventable Emergency Department Utilization,American Journal Of Preventive Medicine,2021,Other/None,Cross-sectional,Cross-sectional,Other/None,Cross-sectional,Cross-sectional,False,False,False,False,True,,"Introduction: Unmet social needs are linked with greater healthcare utilization, but most studies lack timely and granular data on these needs. The 2-1-1 helpline is a telephone helpline focused on social needs. The objective of the study is to determine whether the number of 2-1-1 requests per 1,000 people is associated with preventable emergency department visits and compare the strength of the association with another commonly used predictor, Area Deprivation Index. Methods: This cross-sectional study linked 2-1-1 requests to emergency department visits from uninsured and Medicaid-insured patients by ZIP code for a large urban hospital system from January 1, 2016 to August 31, 2019. Negative binomial regression analysis was used to estimate the association of 2-1-1 service requests and Area Deprivation Index with preventable emergency department visits. Results: A total of 233,146 preventable emergency department visits and 520,308 2-1-1 requests were analyzed. For every 1-SD increase in 2-1-1 requests per 1,000 population, preventable emergency department visits increased by a factor of 3.05, even after controlling for local area deprivation and other population characteristics (p<0.001). Conclusions: Requests to 2-1-1 helplines are strongly associated with preventable emergency department visits. This information may help hospital leaders and policymakers target social needs interventions to the neighborhoods with the greatest need.",,
DES-031,40324,SCOPUS_ID:0032703868,10.1006/pmed.1998.0570,Using mass media to promote healthy eating: A community-based demonstration project,Preventive Medicine,1999,Other/None,Quasi-experimental,Quasi-experimental,Other/None,Quasi-experimental,Quasi-experimental,False,True,False,True,False,Advertising; Diet; Food habits; Health behavior; Health education; Mass media; Milk; Nutrition; Primary prevention; Public relations,"Background. Many question whether mass media, in the absence of other programming, can produce significant and sustained behavior change. Methods. The 1% Or Less campaign in Wheeling, West Virginia (population 35,000), used paid advertising and public relations to encourage members of one community to switch from whole or 2% milk (high-fat milk) to 1% or fat-free milk (low- fat milk). The study used a quasi-experimental research design with one intervention city and one comparison city. The effectiveness of the campaign was evaluated by collecting milk sales data from supermarkets and conducting pre- and post-intervention telephone surveys in intervention and comparison cities. Results. In the intervention city, low-fat milk sales increased from 29% of overall milk sales before the campaign to 46% of sales in the month following the campaign. The increase was maintained at the 6-month follow up. According to the telephone surveys, 34.1% of high-fat-milk drinkers reported switching to low-fat milk in the intervention community compared with 3.6% in the comparison community (z = 13.1, P < 0.0001). Conclusions. A media-only approach was sufficient to encourage a significant proportion of the people in one community to alter the dietary habit targeted by the intervention.",,
DES-032,6413,SCOPUS_ID:84959929928,10.1093/aje/kwv205,Associations of Inter- and Intraday Temperature Change with Mortality,American Journal Of Epidemiology,2016,Other/None,Ecological / Time-series,Ecological / Time-series,Other/None,Ecological / Time-series,Ecological / Time-series,False,False,False,False,False,ambient temperature; diurnal temperature range; mortality; temperature variation,"In this study we evaluated the association between temperature variation and mortality and compared it with the contribution due to mean daily temperature in 6 cities with different climates. Quasi-Poisson time series regression models were applied to estimate the associations (relative risk and 95% confidence interval) of mean daily temperature (99th and 1st percentiles, with temperature of minimum mortality as the reference category), interday temperature variation (difference between the mean temperatures of 2 neighboring days) and intraday temperature variation (diurnal temperature range (DTR)) (referred to as median variation) with mortality in 6 cities: London, United Kingdom; Madrid, Spain; Stockholm, Sweden; New York, New York; Miami, Florida; and Houston, Texas (date range, 1985-2010). All cities showed a substantial increase in mortality risk associated with mean daily temperature, with relative risks reaching 1.428 (95% confidence interval (CI): 1.329, 1.533) for heat in Madrid and 1.467 (95% CI: 1.385, 1.555) for cold in London. Inconsistent results for inter-/intraday change were obtained, except for some evidence of protective associations on hot and cold days (relative risk (RR) = 0.977 (95% CI: 0.955, 0.999) and RR = 0.981 (95% CI: 0.971, 0.991), respectively) in Madrid and on cold days in Stockholm (RR = 0.989, 95% CI: 0.980, 0.998). Our results indicate that the association between mortality and temperature variation is generally minimal compared with mean daily temperatures, although further research on intraday changes is needed.",,
DES-033,41425,SCOPUS_ID:14644395473,10.1016/j.ypmed.2004.07.018,Job stress and cardiovascular risk factors in male workers,Preventive Medicine,2005,Other/None,Other/None,Other/None,Other/None,Other/None,Other/None,False,False,False,False,False,Blood pressure; Cardiovascular risk factors; Cholesterol; Decision latitude; Homocystein; Job strain; Job stress; Smoking; Work demand,"Background. This study examined whether job stress (work demand and decision latitude) is associated with smoking, blood pressure, lipid level (total cholesterol, triglyceride, HDL cholesterol), and homocystein as risk factors for cardiovascular disease in Korean male workers. Methods. Study subjects of this study were recruited from a sample of 1,071 workers in 20 companies of W city and H counties, and they were grouped into four categories (high strain group, active group, passive group, and low strain group) based on the postulation of Karasek's Job Strain Model. Of them, we invited 160 male workers (40 people each subgroup) using a stratified sampling, and finally, 152 eligible participants were analyzed. Results. In multivariate analyses, we found that decision latitude was associated with cholesterol, triglyceride, and homocystein and that work demand was related to smoking and systolic blood pressure. Job strain (the combination of high work demand with low decision latitude) was significantly related to higher levels of homocystein after controlling for age, BMI, smoking, and social support at workplace. Conclusions. These results indicate that job stress is associated with cardiovascular risk factors and might contribute to the development of cardiovascular disease. Some considerations for the future research were discussed. © 2004 The Institute For Cancer Prevention and Elsevier Inc. All rights reserved.",,
DES-034,4167,SCOPUS_ID:34447282814,10.1093/aje/kwm013,Anthropometrics and prostate cancer risk,American Journal Of Epidemiology,2007,Other/None,Cohort,Cohort,Cohort,Cohort,Cohort,False,False,False,False,False,Body height; Body mass index; Body weight; Body weight changes; Cohort studies; Longitudinal studies; Prostatic neoplasms,"Studies on obesity and prostate cancer risk are inconsistent, perhaps because of differential effects on aggressive and nonaggressive cancers. Participants included 34,754 men residing in Washington State (aged 50-76 years at baseline) in a prospective cohort study who were recruited between 2000 and 2002; 383 developed aggressive (regional/distant stage or Gleason sum 7-10) and 437 developed nonaggressive disease through December 2004. Compared with normal-weight men (body mass index (kg/m2) <25), obese men (≥30 kg/m2) had a reduced risk of nonaggressive disease (hazard ratio = 0.69, 95% confidence interval: 0.52, 0.93; p for trend = 0.01). Overweight men (25-29.9 kg/m2) had an increased risk of aggressive disease (hazard ratio = 1.4, 95% confidence interval: 1.1, 1.8), but there was no increased risk for obese men (p for trend = 0.69). Body mass index of >25 at age 18 years was associated with increased risk of aggressive prostate cancer; obesity at ages 30 and 45, but not 18, years was associated with reduced risk of nonaggressive prostate cancer. Height (fourth vs. first quartile) was associated with an increased risk of total prostate cancer (hazard ratio = 1.3, 95% confidence interval: 1.1, 1.6), which did not differ by aggressiveness. There were no associations of prostate cancer with age at which maximum height was reached. Results from this study demonstrate the complexity of prostate cancer epidemiology and the importance of examining risk factors by tumor characteristics. Copyright © 2007 by the Johns Hopkins Bloomberg School of Public Health All rights reserved.",,
DES-035,19655,SCOPUS_ID:84990228591,10.2105/ajph.2016.303371,Replicating cuídate: 6-month impact findings of a randomized controlled trial,American Journal Of Public Health,2016,Experimental,Experimental,Experimental,Other/None,Experimental,Experimental,False,False,False,False,False,,"Objectives. To test whether Cuídate, a program culturally adapted for Hispanic youths, affects sexual risk behavior. Methods. We evaluated 3 replications of Cuídate in California, Arizona, and Massachusetts in a randomized controlled trial (registry no. NCT02540304) in which 2169 primarily Hispanic participants were randomly assigned to an intervention (n = 1326) or a control (n = 870) group.Youths were surveyed at baseline (September 2012-April 2014) and 6 months postbaseline (March 2013-October 2014). We estimated pooled and subgroup impacts using a regression framework with baseline covariates to increase statistical precision (1216 youths analyzed in the treatment group, 806 analyzed in the control group). Results. We found no impacts on the study's primary outcomes of recent sexual activity or recent unprotected sexual activity. However, Cuídate improved knowledge (10%-20% increase; P <.001), attitudes (effect size =.24; P <.001), and skills (effect size =.14; P =.002). Exploratory subgroup analyses suggest potentially problematic effects for some groups. Conclusions. Findings suggest that Cuídate was effective in improving youths' knowledge and attitudes. However, after 6 months, these changes did not translate to improvements in reported sexual risk behaviors.",,
DES-036,8587,SCOPUS_ID:0033777398,10.1016/s0749-3797(00)00227-0,Severe dating violence and quality of life among South Carolina high school students,American Journal Of Preventive Medicine,2000,Other/None,Cross-sectional,Cross-sectional,Other/None,Cross-sectional,Cross-sectional,False,False,False,False,True,,"Background: Little research has addressed the impact of dating violence and forced-sex victimization and perpetration on adolescent well-being. In this cross-sectional study, we provide (1) estimates of severe dating violence (SDV) by victimization and perpetration status, (2) estimates of lifetime forced-sex victimization and perpetration, (3) demographic and health behaviors correlated with SDV, and (4) associations between SDV and forced sex and well-being as assessed by (1) health-related quality of life (H-R QOL) and (2) life satisfaction measures. Methods: We used a stratified cluster sample of 5414 public high school students, grades 9 through 12, who responded to the 1997 self-administered South Carolina Youth Risk Behavior Survey. Results: Nearly 12% of adolescents self-reported SDV as a victim (7.6%) or a perpetrator (7.7%), and SDV rates (victimization/perpetration combined) are higher in girls (14.4%) than boys (9.1%). Race, aggressive behaviors, substance use, and sexual risk-taking are correlates of SDV. Among young women, SDV victimization, not perpetration, was associated with recent poor H-R QOL and suicide ideation or attempts, but not lower life-satisfaction scores. Among young men, SDV perpetration, not victimization, was strongly associated with poor H-R QOL and suicide attempts, and lower scores for all domains of life satisfaction. Conclusions: This research provides evidence that SDV and forced sex are associated with poor H-R QOL, low life-satisfaction scores, and adverse health behaviors in adolescent female victims and male perpetrators. Screening for dating violence is needed to identify and intervene early to reduce the impact of dating violence. (C) 2000 American Journal of Preventive Medicine.",,
DES-037,37745,SCOPUS_ID:84934766877,10.1136/jech-2014-204971,Are fluoride levels in drinking water associated with hypothyroidism prevalence in england? A large observational study of GP practice data and fluoride levels in drinking water,Journal Of Epidemiology And Community Health,2015,Other/None,Cross-sectional,Cross-sectional,Other/None,Cross-sectional,Cross-sectional,False,False,False,False,True,,"Background While previous research has suggested that there is an association between fluoride ingestion and the incidence of hypothyroidism, few population level studies have been undertaken. In England, approximately 10% of the population live in areas with community fluoridation schemes and hypothyroidism prevalence can be assessed from general practice data. This observational study examines the association between levels of fluoride in water supplies with practice level hypothyroidism prevalence. Methods We used a cross-sectional study design using secondary data to develop binary logistic regression models of predictive factors for hypothyroidism prevalence at practice level using 2012 data on fluoride levels in drinking water, 2012/2013 Quality and Outcomes Framework (QOF) diagnosed hypothyroidism prevalence data, 2013 General Practitioner registered patient numbers and 2012 practice level Index of Multiple Deprivation scores. Findings We found that higher levels of fluoride in drinking water provide a useful contribution for predicting prevalence of hypothyroidism. We found that practices located in the West Midlands (a wholly fluoridated area) are nearly twice as likely to report high hypothyroidism prevalence in comparison to Greater Manchester (non-fluoridated area). Interpretation In many areas of the world, hypothyroidism is a major health concern and in addition to other factors-such as iodine deficiency- fluoride exposure should be considered as a contributing factor. The findings of the study raise particular concerns about the validity of community fluoridation as a safe public health measure.",,
DES-038,15637,SCOPUS_ID:0033922364,10.2105/ajph.90.7.1049,The social geography of AIDS and hepatitis risk: Qualitative approaches for assessing local differences in sterile-syringe access among injection drug users,American Journal Of Public Health,2000,Qualitative,Other/None,Qualitative,Other/None,Qualitative,Qualitative,False,False,False,False,False,,"While significant gains have been achieved in understanding and reducting AIDS and hepatitis risks among injection drug users (IDUs), it is necessary to move beyond individual-level characteristics to gain a fuller understanding of the impact of social context on risk. In this study, 6 qualitative methods were used in combination with more traditional epidemiologic survey approaches and laboratory bioassay procedures to examine neighborhood differences in access to sterile syringes among IDUs in 3 northeastern cities. These methods consisted of (1) neighborhood-based IDU focus groups to construct social maps of local equipment acquisition and drug use sites; (2) ethnographic descriptions of target neighborhoods; (3) IDU diary keeping on drug use and injection equipment acquisition; (4) ethnographic day visits with IDUs in natural settings; (5) interviews with IDUs about syringe acquisition and collection of syringes for laboratory analysis; and (6) focused field observation and processual interviewing during drug injection. Preliminary findings from each these methods are reported to illustrate the methods' value in elucidating the impact of local and regional social factors on sterile syringe access.",,
DES-039,31431,SCOPUS_ID:0032723302,10.1093/ije/28.5.982,American cutaneous leishmaniasis in Southeast Brazil: Space-time clustering,International Journal Of Epidemiology,1999,Other/None,Ecological / Time-series,Ecological / Time-series,Other/None,Ecological / Time-series,Ecological / Time-series,False,False,False,False,False,American cutaneous leishmaniasis; Cluster analysis; Geography; Herd immunity; Temporal series; Temporal-space patterns,"Background. American cutaneous leishmaniasis (ACL) is endemic in many rural areas of Brazil where different transmission patterns of the disease have been described. This ecological study was carried out in a municipality located in Southeast Brazil and aimed to investigate the space-temporal patterns of the disease and environmental risk factors from 1966 to 1996. Methods. Incident ACL cases were defined by clinical diagnosis, confirmed by a positive skin test and/or parasitological examination. Age-adjusted morbidity rate of ACL was calculated by year for this municipality and their different census enumeration districts. The homogeneity χ2 test, Moran and empirical Bayes index and Knox procedure were employed for testing the significance of clusters in time, space and in time-space, respectively. A Poisson regression model was used to identify environmental factors related to rate variability. Results. A total of 1712 new ACL cases were reported with a yearly incidence rate of 48/100,000 inhabitants. Higher incidence rates were detected in 1968, 1974, and 1988 (100, 160, and 190 cases/100,000, respectively) with evidence of spatial clustering from 1986 to 1993. Significant space-time clustering with epidemic peaks followed by low incidence in subsequent periods was observed. The incidence rates of ACL were independently associated with rural areas; areas lacking sanitary installations and with higher proportion of exposed garbage (P < 0.01). Conclusions. This study suggests that ACL rates vary across space and time. Rural areas and some environmental factors could explain part of this variation. Environmental modifications in the vicinity of households over time and accumulation of susceptible individuals are discussed as possible factors responsible for variability.",,
DES-040,45670,SCOPUS_ID:85196510896,10.1016/j.ypmed.2024.108041,Serious psychological distress and higher associations with tobacco and cannabis use among college students in the United States,Preventive Medicine,2024,Other/None,Cross-sectional,Cross-sectional,Other/None,Cross-sectional,Cross-sectional,False,False,False,False,True,Cannabis; Cigarettes; College students; E-cigarettes; Serious psychological distress; Tobacco,"Objective: To examine associations between serious psychological distress (SPD) and tobacco and cannabis use among college students in the United States. Methods: This cross-sectional study included 257,626 college students from the 2019–2022 National College Health Assessment survey. SPD was defined as having symptoms in the past month. Current tobacco (i.e., cigarettes, e-cigarettes) and cannabis use was defined as past month use. Multiple product use was categorized for single, dual, or triple products. Adjusted logistic regression models were used to examine associations between SPD, tobacco, cannabis, and multiple product use. Results: SPD increased over time (18.4% to 23.8%) among students and nearly 30% of tobacco or cannabis users reported SPD. Cigarette, e-cigarette, or cannabis use was associated with about a 50–60% increased likelihood of reporting SPD than non-current use of each product, with the highest associations in Fall 2020. Triple product users had double the likelihood of reporting SPD, followed by dual users at 70% and single users at 47%, relative to non-current users. Daily users also had nearly twice the likelihood of reporting SPD, followed by non-daily users at 13–35%, relative to non-current users. Conclusions: College students have an increasing burden of SPD which is significantly associated with tobacco and cannabis use. There is a dose-response relationship between the number of tobacco and cannabis products used, as well as the frequency of use, and SPD among U.S. college students. Colleges addressing student mental health should prioritize the implementation of screening and treatment support for tobacco, cannabis, and multiple product use.",,
DES-041,38082,SCOPUS_ID:85032588206,10.1136/jech-2017-208899,Mental health impacts of flooding: A controlled interrupted time series analysis of prescribing data in England,Journal Of Epidemiology And Community Health,2017,Quasi-experimental,Quasi-experimental,Quasi-experimental,Other/None,Quasi-experimental,Other/None,False,True,False,True,False,,"Background There is emerging evidence that people affected by flooding suffer adverse impacts on their mental well-being, mostly based on self-reports. Methods We examined prescription records for drugs used in the management of common mental disorder among primary care practices located in the vicinity of recent large flood events in England, 2011-2014. A controlled interrupted time series analysis was conducted of the number of prescribing items for antidepressant drugs in the year before and after the flood onset. Pre- post changes were compared by distance of the practice from the inundated boundaries among 930 practices located within 10 km of a flood. Results After control for deprivation and population density, there was an increase of 0.59% (95% CI 0.24 to 0.94) prescriptions in the postflood year among practices located within 1 km of a flood over and above the change observed in the furthest distance band. The increase was greater in more deprived areas. Conclusions This study suggests an increase in prescribed antidepressant drugs in the year after flooding in primary care practices close to recent major floods in England. The degree to which the increase is actually concentrated in those flooded can only be determined by more detailed linkage studies.",,
DES-042,25704,SCOPUS_ID:79151483327,10.1007/s10654-010-9521-x,LifeGene - A large prospective population-based study of global relevance,European Journal Of Epidemiology,2011,Other/None,Cohort,Cohort,Cohort,Cohort,Cohort,False,False,False,False,False,Biobank; Cohort study; Epidemiology; Population genetics; Prospective study; Questionnaires,"Studying gene-environment interactions requires that the amount and quality of the lifestyle data is comparable to what is available for the corresponding genomic data. Sweden has several crucial prerequisites for comprehensive longitudinal biomedical research, such as the personal identity number, the universally available national health care system, continuously updated population and health registries and a scientifically motivated population. LifeGene builds on these strengths to bridge the gap between basic research and clinical applications with particular attention to populations, through a unique design in a research-friendly setting. LifeGene is designed both as a prospective cohort study and an infrastructure with repeated contacts of study participants approximately every 5 years. Index persons aged 18-45 years old will be recruited and invited to include their household members (partner and any children). A comprehensive questionnaire addressing cutting-edge research questions will be administered through the web with short follow-ups annually. Biosamples and physical measurements will also be collected at baseline, and re-administered every 5 years thereafter. Event-based sampling will be a key feature of LifeGene. The household-based design will give the opportunity to involve young couples prior to and during pregnancy, allowing for the first study of children born into cohort with complete pre-and perinatal data from both the mother and father. Questions and sampling schemes will be tailored to the participants' age and life events. The target of LifeGene is to enrol 500,000 Swedes and follow them longitudinally for at least 20 years. © 2010 Springer Science+Business Media B.V.",,
DES-043,12592,SCOPUS_ID:85122516860,10.1016/j.amepre.2021.11.004,"Appropriateness of Antibiotic Prophylaxis Before Dental Procedures, 2016–2018",American Journal Of Preventive Medicine,2022,Other/None,Cohort,Cohort,Other/None,Cohort,Cohort,False,False,False,False,True,,"Introduction: Prescribing antibiotic prophylaxis is common yet unnecessary for many dental visits. In this analysis, our objective was to assess whether the appropriateness of antibiotic prophylaxis has improved over time. Methods: A retrospective cohort study was conducted using dental visits from 2016 to 2018 (data analyzed in 2021) using medical and prescriptions claims data of patients from the U.S. with commercial dental insurance. Antibiotic prophylaxis was defined as a ≤2 days’ supply prescription dispensed within 7 days before a dental visit. Appropriateness of prophylaxis was defined on the basis of the manipulation of the gingiva/tooth periapex or oral mucosa perforation in patients with appropriate cardiac diagnoses. Associations between patient and visit characteristics and appropriateness of antibiotic prophylaxis were assessed using multiple Poisson regression. Results: Unnecessary antibiotic prophylaxis was highly prevalent in this cohort, ranging from 77.0% in 2016 to 78.5% in 2018. In the adjusted analysis, factors associated with unnecessary antibiotic prophylaxis included younger age, female sex, geographic region, rurality, type of antibiotic, and certain dental procedures. The factors associated with the highest risk of unnecessary prophylaxis in the adjusted analysis were orthodontic procedures and having a history of a prosthetic joint. Notably, the risk of unnecessary antibiotic prophylaxis decreased over time in the adjusted analysis. Conclusions: Unnecessary prescription of antibiotic prophylaxis by dentists continues to be common. Antimicrobial stewardship strategies are needed to improve prescribing by dentists.",,
DES-044,33810,SCOPUS_ID:85050484953,10.1093/ije/dyx271,NMR metabolomic signatures reveal predictive plasma metabolites associated with long-term risk of developing breast cancer,International Journal Of Epidemiology,2018,Other/None,Case-control,Case-control,Other/None,Case-control,Case-control,False,False,False,False,False,Breast neoplasm; Metabolomics; Nuclear magnetic resonance; Plasma; Prospective study,"Background: Combination of metabolomics and epidemiological approaches opens new perspectives for ground-breaking discoveries. The aim of the present study was to investigate for the first time whether plasma untargeted metabolomic profiles, established from a simple blood draw from healthy women, could contribute to predict the risk of developing breast cancer within the following decade and to better understand the aetiology of this complex disease. Methods: A prospective nested case-control study was set up in the Supplémentation en Vitamines et Minéraux Antioxydants (SU.VI.MAX) cohort, including 206 breast cancer cases diagnosed during a 13-year follow-up and 396 matched controls. Untargeted nuclear magnetic resonance (NMR) metabolomic profiles were established from baseline plasma samples. Multivariable conditional logistic regression models were computed for each individual NMR variable and for combinations of variables derived by principal component analysis. Results: Several metabolomic variables from 1D NMR spectroscopy were associated with breast cancer risk. Women characterized by higher fasting plasma levels of valine, lysine, arginine, glutamine, creatine, creatinine and glucose, and lower plasma levels of lipoproteins, lipids, glycoproteins, acetone, glycerol-derived compounds and unsaturated lipids had a higher risk of developing breast cancer. P-values ranged from 0.00007 [odds ratio (OR)T3vsT1=0.37 (0.23-0.61) for glycerol-derived compounds] to 0.04 [ORT3vsT1=1.61 (1.02-2.55) for glutamine]. Conclusion: This study highlighted associations between baseline NMR plasma metabolomic signatures and long-term breast cancer risk. These results provide interesting insights to better understand complex mechanisms involved in breast carcinogenesis and evoke plasma metabolic disorders favourable for carcinogenesis initiation. This study may contribute to develop screening strategies for the identification of at-risk women for breast cancer well before symptoms appear.",,
DES-045,32036,SCOPUS_ID:0038187649,10.1093/ije/dyg056,"Mortality among pilots and cabin crew in Greece, 1990-1997",International Journal Of Epidemiology,2003,Other/None,Cohort,Cohort,Cohort,Cohort,Cohort,False,False,False,False,False,Airline pilots; Cabin crew; Cohort study; Cosmic radiation; Follow-up study; Mortality; Standardized mortality ratio,"Background. Specific health hazards, among them radiation of cosmic origin, have caused some concern among aircrew in civil aviation in recent years. Several cohort studies in Northern countries have investigated mortality and cancer incidence among aircrew. Our goal was to study the pattern of mortality among Greek commercial airline cockpit and cabin crew. Methods. We performed a retrospective cohort study including 843 Olympic Airways cockpit crew and 1835 cabin attendants. Standardized mortality ratios (SMR) were calculated based on death rates of the Greek population. Duration of employment as a proxy for occupational exposure was used to stratify the cohort. Results. For cockpit crew, the overall SMR was 0.7 (n = 65, 95% CI: 0.5-0.9). The SMR for all cancers was also significantly decreased (n = 17; SMR = 0.6; 95% CI: 0.3-0.9). Most of this reduction was due to a large deficit in lung cancer deaths (SMR = 0.1; 95% CI: 0.0-0.5). Slight but non-significant increases were noted for brain and liver cancer. The SMR for cardiovascular death was close to unity. Among female cabin attendants the SMR for all causes was 0.8 (95% CI: 0.4-1.3). The SMR for all cancers was 0.8 (95% CI: 0.3-1.7). Mortality from breast cancer was not increased. Among male cabin crew, SMR for all causes was 0.5 (95% CI: 0.3-0.9). Analyses according to duration of employment showed no pattern. Conclusions. In this first-ever occupational cohort study in Greece, Greek aircrew had a low overall and cancer mortality. Due to the small number of events, the strength of our study is limited. The Greek data will be included in a pooled analysis of European studies.",,
DES-046,12120,SCOPUS_ID:85079077460,10.1016/j.amepre.2019.09.024,Health for Hearts United Longitudinal Trial: Improving Dietary Behaviors in Older African Americans,American Journal Of Preventive Medicine,2020,Other/None,Quasi-experimental,Quasi-experimental,Other/None,Quasi-experimental,Quasi-experimental,False,True,False,True,False,,"Introduction: Church-based interventions have been shown to improve the dietary health of underserved populations, yet few studies have examined sustainability of health behavior change over time. This paper examines dietary outcomes over a 24-month period (baseline and 6, 18, and 24 months) for fruit and vegetable and fat consumption behaviors of African-American participants in the Health for Hearts United church-based intervention in North Florida. Study design: This quasi-experimental, longitudinal trial was conducted from 2009 to 2012. Data were analyzed in 2018. Setting/participants: Six churches in a 2-county area (3 treatment, 3 comparison) were selected for the study using community-based participatory research approaches. Participants were African-American adults (aged ≥45 years; n=211 at baseline) randomly selected from the churches, stratified by age and sex. Intervention: Health for Hearts United intervention was developed by the 3 treatment churches. The 18-month intervention was implemented in 3 6-month phases, framed around 3 conceptual components, which included 4 types of programs and 4 key messages. Main outcome measures: Fruit and vegetable consumption was assessed using a single item (fruit and vegetable intake) and the National Cancer Institute Fruit and Vegetable Screener. Fat consumption was determined using a single item (fat intake) and the National Cancer Institute Fat Screener. Background characteristics included age, sex, educational level, and marital status. Results: Significant time effects only were found for daily fruit and vegetable intake (p<0.001), fat intake (p<0.001), and the Fat Screener (p<0.001) with dietary improvements in both treatment and comparison groups across the intervention phases. Fruit and Vegetable Screener results showed that time (p<0.001) and the interaction between time and treatment (p<0.01) were significant, with increases in fruit and vegetable consumption over time for both the treatment and comparison groups and with the increase differing between groups. Post hoc analysis revealed that the treatment group had greater increases in fruit and vegetable consumption than the comparison group between Phases 1 and 3 (p=0.03). Conclusions: Dietary behaviors of mid-life and older African Americans can be improved and sustained over 24 months using a church-based heart health intervention, with similar improvements noted for both comparison and treatment participants. Trial registration: This study is registered at www.clinicaltrials.gov NCT03339050.",,
DES-047,41584,SCOPUS_ID:36549007719,10.1016/j.ypmed.2007.07.025,R-rated film viewing and adolescent smoking,Preventive Medicine,2007,Other/None,Cross-sectional,Cross-sectional,Other/None,Cross-sectional,Cross-sectional,False,False,False,False,False,Adolescent; Intention; Motion pictures; Smoking,"Objectives.: As smoking is very common in R-rated films, we sought to determine if viewing R-rated films is associated with adolescent smoking. Methods.: Three annual cross-sectional surveys conducted of 88,505 Year 10 students of largely European, Maori, Asian or Pacific Islander ethnicity in secondary schools in New Zealand between 2002 and 2004. Outcomes of interest were: intention to smoke among never smokers; past experimentation with smoking among current non-smokers; current smoking status; and current frequency of smoking. Results.: Dose-response relationships were observed between the frequency of viewing R-rated films and all outcome measures controlling for age, gender, ethnicity, peer smoking, parental smoking, socioeconomic status, pocket money and household smoking rules. Compared to never viewing R-rated films, viewing at least weekly nearly tripled the relative risk (2.81; 95% confidence interval 2.57, 3.09) of never smokers being susceptible to smoking, and more than doubled the risk of both past experimentation (2.28; 95% CI 2.12, 2.45) and smoking ≥ monthly (2.31; 95% CI 2.10, 2.54). Each of these risks was seen across all ethnic groups. Conclusions.: Our results extend the association that has been demonstrated between viewing R-rated films and current smoking in American youth by demonstrating the same association in youth of different ethnic and cultural backgrounds in New Zealand. © 2007 Elsevier Inc. All rights reserved.",,
DES-048,31882,SCOPUS_ID:0034763698,10.1093/ije/30.suppl_1.s59,Differences in cardiovascular disease mortality and major risk factors between districts in Oslo. An ecological analysis,International Journal Of Epidemiology,2001,Ecological / Time-series,Other/None,Ecological / Time-series,Other/None,Ecological / Time-series,Ecological / Time-series,False,False,False,False,False,Blood pressure; Cardiovascular mortality; Coronary heart disease; Lipids; Risk factors; Smoking; Socioeconomic factors,"Background. The level of mortality from cardiovascular disease (CVD), coronary heart disease (CHD) and from all causes varies considerably within Oslo. The purpose of this study was to examine these differences according to cardiovascular risk factors and socioeconomic variables at the district level. Methods. Total mortality rates and cardiovascular mortality rates for subjects aged 45-74 years in 1991-1995, and their relationship to cardiovascular risk factors and socioeconomic indicators in the 25 districts of Oslo were studied. Cardiovascular risk factors were based on data from 40 year olds in 1985-1988. The following variables were used as independent variables in the regression analyses to explain differences between the districts: daily smoking, cholesterol level, systolic blood pressure, education and income. Results. Mortality rates were strongly related to cardiovascular risk factors and to socioeconomic indicators, with correlation coefficients (Pearson) of 0.74 for smoking and CVD mortality, and -0.78 for high income and CHD mortality. Smoking explained 70% of the differences in mortality from all causes for men and 46% for women, and 61% and 49% of the differences in CVD mortality for men and women respectively. Diastolic blood pressure and total cholesterol were closely related to socioeconomic indicators and to smoking, but the relative strength of the cardiovascular risk factors in the multivariate analyses differed for males and females. Conclusion. Cardiovascular risk factors and socioeconomic indicators at the population level were strongly related to mortality, and explained a large proportion of the differences in mortality between different districts of Oslo in the 1990s.",,
DES-049,5503,SCOPUS_ID:84861413864,10.1093/aje/kwr467,"Genetic variants on 15q25.1, smoking, and lung cancer: An assessment of mediation and interaction",American Journal Of Epidemiology,2012,Other/None,Case-control,Case-control,Other/None,Case-control,Case-control,False,False,False,False,False,gene-environment interaction; lung neoplasms; mediation; pathway analysis; smoking,"Genome-wide association studies have identified variants on chromosome 15q25.1 that increase the risks of both lung cancer and nicotine dependence and associated smoking behavior. However, there remains debate as to whether the association with lung cancer is direct or is mediated by pathways related to smoking behavior. Here, the authors apply a novel method for mediation analysis, allowing for gene-environment interaction, to a lung cancer case-control study (1992-2004) conducted at Massachusetts General Hospital using 2 single nucleotide polymorphisms, rs8034191 and rs1051730, on 15q25.1. The results are validated using data from 3 other lung cancer studies. Tests for additive interaction (P = 2 × 10 -10 and P = 1 × 10 -9) and multiplicative interaction (P = 0.01 and P = 0.01) were significant. Pooled analyses yielded a direct-effect odds ratio of 1.26 (95% confidence interval (CI): 1.19, 1.33; P = 2 × 10 -15) for rs8034191 and an indirect-effect odds ratio of 1.01 (95% CI: 1.00, 1.01; P = 0.09); the proportion of increased risk mediated by smoking was 3.2%. For rs1051730, direct-and indirect-effect odds ratios were 1.26 (95% CI: 1.19, 1.33; P = 1 × 10 -15) and 1.00 (95% CI: 0.99, 1.01; P = 0.22), respectively, with a proportion mediated of 2.3%. Adjustment for measurement error in smoking behavior allowing up to 75% measurement error increased the proportions mediated to 12.5% and 9.2%, respectively. These analyses indicate that the association of the variants with lung cancer operates primarily through other pathways. © The Author 2012. Published by Oxford University Press on behalf of the Johns Hopkins Bloomberg School of Public Health. All rights reserved.",,
DES-050,23339,SCOPUS_ID:84992365394,10.1097/ede.0000000000000580,Daylight savings time transitions and the incidence rate of unipolar depressive episodes,Epidemiology,2017,Other/None,Ecological / Time-series,Ecological / Time-series,Other/None,Ecological / Time-series,Ecological / Time-series,False,False,False,False,False,,"Background: Daylight savings time transitions affect approximately 1.6 billion people worldwide. Prior studies have documented associations between daylight savings time transitions and adverse health outcomes, but it remains unknown whether they also cause an increase in the incidence rate of depressive episodes. This seems likely because daylight savings time transitions affect circadian rhythms, which are implicated in the etiology of depressive disorder. Therefore, we investigated the effects of daylight savings time transitions on the incidence rate of unipolar depressive episodes. Methods: Using time series intervention analysis of nationwide data from the Danish Psychiatric Central Research Register from 1995 to 2012, we compared the observed trend in the incidence rate of hospital contacts for unipolar depressive episodes after the transitions to and from summer time to the predicted trend in the incidence rate. Results: The analyses were based on 185,419 hospital contacts for unipolar depression and showed that the transition from summer time to standard time were associated with an 11% increase (95% CI = 7%, 15%) in the incidence rate of unipolar depressive episodes that dissipated over approximately 10 weeks. The transition from standard time to summer time was not associated with a parallel change in the incidence rate of unipolar depressive episodes. Conclusion: This study shows that the transition from summer time to standard time was associated with an increase in the incidence rate of unipolar depressive episodes. Distress associated with the sudden advancement of sunset, marking the coming of a long period of short days, may explain this finding. See video abstract at, http://links.lww. com/EDE/B179.",,
DES-051,3415,SCOPUS_ID:3442877527,10.1093/aje/kwh190,Impact of a financial incentive on case and control participation in a telephone interview,American Journal Of Epidemiology,2004,Other/None,Other/None,Other/None,Case-control,Case-control,Case-control,True,True,False,True,False,Case-control studies; Colorectal neoplasms; Epidemiologic methods,"The authors investigated the effect of a $5.00 incentive on participation in a telephone interview among cases and controls in an ongoing study of colorectal cancer. Cases and matched community controls were sent a letter introducing the study. One week later, a nurse called to invite the person to participate in a 30-minute telephone interview. After 1 year of data collection (which began in June 2001), the authors began enclosing a $5.00 bill in the initial letter as an incentive. Incentives were mailed to all potential controls. The authors randomized 50% of a subset of cases to receive the incentive. In the year prior to institution of the incentive, 44.2% of 851 controls participated in the interview, as compared with 56.2% of 1,043 controls in the year after the incentive was instituted (p < 0.001). Among cases randomized to receive the incentive (n = 199), 63.8% participated as compared with 68.4% in the nonincentive group (n = 193) (p > 0.05). Among cases aged 60-69 years, the response rate in the incentive group was reduced by 17% (p = 0.03). Thus, among controls, a small monetary incentive appears to promote a feeling of goodwill toward the research. It does not seem to have an equivalent effect among cases, and in the worst case it may insult or annoy some cases who may otherwise have participated.",,
DES-052,19213,SCOPUS_ID:84943808029,10.2105/ajph.2015.302765,What women want: A qualitative study of contraception in jail,American Journal Of Public Health,2015,Qualitative,Other/None,Qualitative,Other/None,Qualitative,Qualitative,False,False,False,False,True,,"Objectives. We undertook this study to understand women's perceptions of receiving contraception at Rikers Island Jail. Methods. We conducted semi-structured in-depth interviews in 2011 to 2012 with 32 women incarcerated at Rikers Island Jail. We analyzed the data using standard qualitative techniques. Results. Almost all participants believed that contraception should be provided at the jail. However, many said they would hesitate to use these services themselves. Reservations were caused in part by women's negative views of health care services at the jail. Fears about the safety of birth control, difficulties associated with follow-up in the community, and desire for pregnancy were other factors that influenced interest in accepting contraception. Conclusions. Contraception at the jail must be provided by trusted medical providers delivering high quality care with the goal of allowing women to control their own fertility; this would ensure that women could access birth control and cease using birth control when desired.",,
DES-053,29781,SCOPUS_ID:85147457833,10.1093/eurpub/ckac133,Women's health in migrant populations: A qualitative study in France,European Journal Of Public Health,2023,Qualitative,Other/None,Qualitative,Other/None,Qualitative,Qualitative,False,False,False,False,True,,"Background: In 2019, there are 6.5 million migrants living in France. Numerous quantitative studies show inequalities in access and quality of care, in particular in women's health. This study aimed to explore migrant women's experience of gynaecological care. Methods: We conducted 17 semi-structured in-depth interviews with migrant women in Toulouse (France). We used a Grounded Theory approach to perform the analysis. Results: Although migrant women were generally satisfied with the gynaecological care received, they also reported dysfunctions. Positive elements were the French health insurance system, the human qualities of the healthcare providers and the performance of the health system. Although reassuring, the structured framework was perceived to have little flexibility. This was sometimes felt as oppressive, paternalistic or discriminatory. These obstacles, amplified by the women's lifestyle instability and precariousness, the language barrier and the difficulty to understand a totally new healthcare system, made women's health care and, especially, preventive care, a difficult-to-achieve and low-priority objective for the women. Conclusions: Migrant women's overall satisfaction with the healthcare system contrasted with the known health inequalities in these populations. This is a good example of the concept of acculturation. Healthcare professionals need to make an introspective effort to prevent the emergence of stereotypes and of discriminatory and paternalistic behaviours. A better understanding and respect of the other person's culture is an indispensable condition for intercultural medicine, and thus for reducing the health inequalities that migrant women experience.",,
DES-054,23807,SCOPUS_ID:85128245611,10.1097/ede.0000000000001464,"Long-term Exposure to Fine Particulate Matter and Mortality A Longitudinal Cohort Study of 400,459 Adults",Epidemiology,2022,Cohort,Cohort,Cohort,Other/None,Cohort,Cohort,False,False,False,False,False,Adults; Long-term exposure; Mortality; PM air pollution 2.5; Taiwan,"Background: Cohort studies on the association between long-term exposure to fine particulate matter (PM2.5) and mortality have been well established for America and Europe, but limited and inconsistent in Asia with much higher air pollution. This study aims to investigate the associations between ambient PM2.5and all-cause and cause-specific mortality over a period of rising and then declining PM2.5. Methods: We enrolled a total of 400,459 adults from an open cohort between 2001 and 2016, and followed them up until 31 May 2019. We obtained mortality data from the National Death Registry maintained by the Ministry of Health and Welfare in Taiwan. We estimated ambient PM2.5exposures using a satellite-based spatiotemporal model. We performed a Cox regression model with time-dependent covariates to investigate the associations of PM2.5with deaths from all causes and specific causes. Results: This study identified 14,627 deaths and had a total of 5 million person-years of follow-up. Each 10 µg/m3increase in PM2.5was associated with an increased hazard risk of 29% (95% confidence interval: 24%-35%) in all-cause mortality. Risk of death increased by 30% for natural causes, 20% for cancer, 42% for cardiovascular disease (CVD) causes, and 53% for influenza and pneumonia causes, for each 10 µg/m3increase in PM2.5. Sensitivity analyses generally yielded similar results. Conclusion: Long-term exposure to ambient PM2.5was associated with increased risks of all-cause mortality and deaths from cancers, natural causes, CVD, and influenza and pneumonia. Longitudinal study design should be encouraged for air pollution epidemiologic investigation.",,
DES-055,20081,SCOPUS_ID:85040615105,10.2105/ajph.2017.304108,Effect of the Affordable Care Act on Breastfeeding Outcomes,American Journal Of Public Health,2018,Other/None,Quasi-experimental,Quasi-experimental,Other/None,Quasi-experimental,Quasi-experimental,False,True,False,True,False,,"Objectives. To assess how the 2012 Affordable Care Act (ACA) policy change, which required most private health insurance plans to cover lactation-support services and breastfeeding equipment (without cost-sharing), affected breastfeeding outcomes. Methods. We used a regression-adjusted difference-in-differences approach with cross-sectional observational data from the US National Immunization Survey from 2008 to 2014 to estimate the effect of the ACA policy change on breastfeeding outcomes, including initiation, duration, and age at first formula feeding. The sample included children aged 19 to 23 months covered by private health insurance or Medicaid. Results. The ACA policy change was associated with an increase in breastfeeding duration by 10% (0.57 months; P = .007) and duration of exclusive breastfeeding by 21% (0.74 months; P = .001) among the eligible population. Results indicate no significant effects on breastfeeding initiation and age at first formula feeding. Conclusions. Reducing barriers to receiving support services and breastfeeding equipment shows promise as part of a broader effort to encourage breastfeeding, particularly the duration of breastfeeding and the amount of time before formula supplementation.",,
DES-056,963,SCOPUS_ID:0027993023,10.1093/oxfordjournals.aje.a117296,"Parity, contraception, infertility, and the risk of epithelial ovarian cancer",American Journal Of Epidemiology,1994,Other/None,Case-control,Case-control,Other/None,Case-control,Case-control,False,False,False,False,False,Contraception; Infertility; Ovarian neoplasms; Parity; Pregnancy; Reproduction; Retrospective studies,"A case-control study of reproductive factors and cancer of the ovary was conducted during 1989-1992 in metropolitan Toronto and nearby areas of Southern Ontario, Canada. In total, 450 women aged 35-79 years with histologically verified new primary epithelial ovarian cancers were interviewed concerning their reproductive histories. Over the same time period, 564 randomly selected population controls, frequency-matched to the cases according to three 15-year age groups, were also interviewed. Continuous unconditional logistic regression methods were used for analysis. It was found that childbearing and use of oral contraceptives were associ ated with significant decreasing trends in risk of ovarian cancer; the respective odds ratios were 0.78 for each full-term pregnancy (p < 10-8) and 0.92 for each year of use (p < 10-6). Hysterectomy was also associated with reduced risk, even after more than 20 years. Among parous women, infertility did not appear to affect risk; for nulliparous women, some evidence of increased risk was present, although fertility problems were reported by only a small fraction of nulliparae. It is suggested that the relatively lower parity of cases as compared with controls may be due to voluntary choices for having fewer children. © 1994 by The Johns Hopkins University School of Hygiene and Public Health.",,
DES-057,17202,SCOPUS_ID:43049167431,10.2105/ajph.2007.113639,Reduction of state victim compensation disparities in disadvantaged crime victims through active outreach and assistance: A randomized trial,American Journal Of Public Health,2008,Experimental,Experimental,Experimental,Other/None,Experimental,Experimental,False,False,False,False,True,,"Objectives. We examined whether providing active outreach and assistance to crime victims as part of comprehensive psychosocial services reduced disparities in access to state compensation funds. Methods. We analyzed data from a randomized trial of injured crime victims (N=541) and compared outcomes from comprehensive psychosocial services with usual community care. We examined the impact of outreach and assistance on disparities in applying for victim compensation by testing for interactions between victim characteristics and treatment condition in logistic regression analyses. Results. Victims receiving comprehensive services were much more likely to apply for victim compensation than were victims receiving usual care. Comprehensive services decreased disparities associated with younger age, lower levels of education, and homelessness. Conclusions. State-level victim compensation funds are available to help individuals recover physically, psychologically, and financially from crime victimization. However, few crime victims apply for victim compensation, and there are particularly low application rates among young, male, ethnic minority, and physical assault victims. Active outreach and assistance can address disparities in access to victim compensation funds for disadvantaged populations and should be offered more widely to victims of violent crime.",,
DES-058,27739,SCOPUS_ID:68449090003,10.1093/eurpub/ckp061,"Television exposure is related to fear of avian flu, an Ecological Study across 23 member states of the European Union",European Journal Of Public Health,2009,Ecological / Time-series,Ecological / Time-series,Ecological / Time-series,Ecological / Time-series,Ecological / Time-series,Ecological / Time-series,False,False,False,False,False,Avian influenza (H5N1); Ecological study; Fear; Pandemic; Television exposure,"Background: A pandemic outbreak of H5N1 avian influenza is believed to coincide with large-scale panic. Even without an outbreak fear of infection may be widespread. Mass media coverage of the risks of a pandemic may lead to higher levels of fear. Methods: An ecological study looked at data from 23 member states of the European Union and controlled for population size, level of education, age distribution and income and wealth. Results: When the findings for Cyprus were excluded each additional hour of average TV viewing was associated with a 15.6 increase in the proportion of people worrying about the virus. TV viewing explained 52 of the variance. Conclusion: Fear of a pandemic precedes any real pandemic and may have to be dealt with separately. Exposure to television is highly associated with worrying about the virus. This relationship merits further study.",,
DES-059,22498,SCOPUS_ID:49849100273,10.1097/ede.0b013e3181761fa3,Prepregnant obesity and risks of selected Birth Defects in Offspring,Epidemiology,2008,Other/None,Case-control,Case-control,Other/None,Case-control,Case-control,False,False,False,False,False,,"Prepregnant obesity has been shown to be related to several birth defects, most notably neural tube defects. We investigated the previously observed association between obesity and spina bifida and also possible associations between obesity and other birth defects. Results: We conducted a case-control study of fetuses and liveborn infants among California births, July 1999 and June 2004. Of those eligible, 80% of case mothers (n = 659) and 77% of control mothers (n = 700) were interviewed. Cases were 147 infants with anenceph-aly, 191 with spina bifida, 142 with d-transposition of great arteries, and 181 with tetralogy of Fallot. Maternal body mass index (BMI) was based on prepregnant weight and height. Results: The odds ratios of birth defects with obesity (BMI ≥30 relative to normal BMI) were 1.6 for anencephaly (95% confidence intervals = 1.0-2.6); 1.4 for spina bifida (0.8-2.2); 0.7 for d-transposition of great arteries (0.4-1.4); and 0.8 for tetralogy of Fallot (0.4-1.4). Modestly elevated odds ratios were observed with obesity among women who reported weight gain in their waist before pregnancy - for anencephaly, 2.4 (1.2-5.1) and for spina bifida, 1.8 (0.9-3.6). Conclusion: These data do not fully support earlier findings with respect to the relationships of obesity with anencephaly and spina bifida. Copyright © 2008 by Lippincott Williams & Wilkins.",,
DES-060,37147,SCOPUS_ID:79952334191,10.1136/jech.2009.094847,Deaths in collective dwellings and inequalities in small-area mortality: An ecological study in the Madrid region (Spain),Journal Of Epidemiology And Community Health,2011,Ecological / Time-series,Ecological / Time-series,Ecological / Time-series,Other/None,Ecological / Time-series,Ecological / Time-series,False,False,False,False,True,,"Background: Increasing numbers of elderly persons reside and die in institutions, yet there are few studies that analyse the effect of this on mortality in small areas and its ensuing effect on the association between material deprivation and mortality. Methods A cross-sectional, ecological study in the region of Madrid covering 3906 census tracts (median 1000 inhabitants), using mortality data for 1996-2003 and socioeconomic deprivation from the 2001 census. Standardised mortality ratios (SMR) were calculated for each census tract. Using the Besag-York-Mollié model, RR of dying and their 95% CI according to the deprivation index considered (with the fourth quartile, Q, being the most unfavourable situation) were calculated for deaths among: the total population and the population excluding residents who died in institutions. Results 6% of the deceased had been residing in institutions, which affected 16.5% of census sections (644) and accounted for 17% of the variability in SMR among men and 10% among women, p<0.001. Mortality increased with socioeconomic deprivation, whereas the RR for the total population in Q4 with respect to Q1 was 1.46 among men (95% CI 1.41 to 1.50) and 1.12 among women (95% CI 1.08 to 1.17), these figures rose to 1.48 (95% CI 1.43 to 1.53) and 1.14 (95% CI 1.10 to 1.18), respectively, for the population excluding residents who died in institutions. Conclusions Deaths of residents in institutions affect the variation in small-area mortality, and confound the relationship between mortality and socioeconomic deprivation. This variable should be recorded in mortality statistics so that its effect can be controlled for in subsequent analyses.",,
DES-061,12640,SCOPUS_ID:85121231252,10.1016/j.amepre.2021.08.030,Access to Contraceptives in School-Based Health Centers: Progress and Opportunities,American Journal Of Preventive Medicine,2022,Other/None,Cross-sectional,Cross-sectional,Other/None,Cross-sectional,Cross-sectional,False,False,False,False,False,,"Introduction: The U.S. has a higher adolescent pregnancy rate than other industrialized countries. School-based health centers can improve access to contraceptives among youth, which can prevent unplanned pregnancies. This cross-sectional study examines the characteristics and predictors of contraceptive provision at school-based health centers in 2016–2017 and changes in and barriers to provision between 2001 and 2017. Methods: In 2020–2021, the authors conducted analyses of the National School-Based Health Care Census data collected from 2001 to 2017. The primary outcome of interest was whether adolescent-serving school-based health centers dispense contraceptives, and a secondary outcome of interest was the policies that prohibit school-based health centers from dispensing contraceptives. A multivariate regression analysis examined the associations between contraceptive provision and various covariates, including geographic region, years of operation, and provider team composition. Results: Less than half of adolescent-serving school-based health centers reported providing contraceptives on site. Those that provided contraceptives were more likely located in the Western and Northeastern regions of the U.S., older in terms of years of operation, and staffed by a wide variety of health provider types. Among school-based health centers that experienced policy barriers to providing access to contraceptive methods, most attributed the source to the school or school district where the school-based health center was located. Conclusions: School-based health centers are an evidence-based model for providing contraceptives to adolescents but not enough are providing direct access. Understanding the predictors, characteristics, and barriers influencing the provision of contraceptives at school-based health centers may help to expand the number doing so.",,
DES-062,33615,SCOPUS_ID:85030458185,10.1093/ije/dyx043,Epidemiology of sudden cardiac death in Cameroon: The first population-based cohort survey in sub-Saharan Africa,International Journal Of Epidemiology,2017,Other/None,Other/None,Other/None,Other/None,Other/None,Other/None,False,False,False,False,False,SCD epidemiology; SCD incidence; Sub-Saharan Africa; Sudden cardiac death,"Background: Incidence estimates of sudden cardiac death (SCD) in sub-Saharan Africa (SSA) are unknown. Method: Over 12 months, the household administrative office and health community committee within neighbourhoods in two health areas of Douala, Cameroon, registered all deaths among 86 188 inhabitants aged > 18 years. As part of an extended multi-source surveillance system, the Emergency Medical Service (EMS), local medical examiners and district hospital mortuaries were also surveyed. Whereas two physicians investigated every natural death, two cardiologists reviewed all unexpected natural deaths. Results: There were 288 all-cause deaths and 27 (9.4%) were SCD. The crude incidence rate was 31.3 [95% confidence interval (CI): 20.3-40.6]/100 000 person-years. The agestandardized rate by the African standard population was 33.6 (95% CI: 22.4-44.9)/ 100 000 person-years. Death occurred at night in 37% of cases, including 11% of patients who died while asleep. Out-of-hospital sudden cardiac arrest occurred in 63% of cases, 55.5% of which occurred at home. Of the 88.9% cases of witnessed cardiac arrest, 63% occurred in the presence of a family member and cardiopulmonary resuscitation was attempted only in 3.7%. Conclusion: The burden of SCD in this African population is heavy with distinct characteristics, whereas awareness of SCD and prompt resuscitation efforts appear suboptimal. Larger epidemiological studies are required in SSA in order to implement preventive measures, especially in women and young people.",,
DES-063,17921,SCOPUS_ID:80053003417,10.2105/ajph.2010.197285,"Social support, exposure to violence and transphobia, and correlates of depression among male-to-female transgender women with a history of sex work",American Journal Of Public Health,2011,Other/None,Other/None,Other/None,Other/None,Other/None,Other/None,False,False,False,False,True,,"We determined racial/ethnic differences in social support and exposure to violence and transphobia, and explored correlates of depression among male-to-female transgender women with a history of sex work (THSW). Methods. A total of 573 THSW who worked or resided in San Francisco or Oakland, California, were recruited through street outreach and referrals and completed individual interviews using a structured questionnaire. Results. More than half of Latina and White participants were depressed on the basis of Center For Epidemiologic Studies Depression Scale scores. About three quarters of White participants reported ever having suicidal ideation, of whom 64% reported suicide attempts. Half of the participants reported being physically assaulted, and 38% reported being raped or sexually assaulted before age 18 years. White and African American participants reported transphobia experiences more frequently than did others. Social support, transphobia, suicidal ideation, and levels of income and education were significantly and independently correlated with depression. Conclusions. For THSW, psychological vulnerability must be addressed in counseling, support groups, and health promotion programs specifically tailored to race/ethnicity.",,
DES-064,43792,SCOPUS_ID:85016251533,10.1016/j.ypmed.2017.03.019,Acculturation and weight change in Asian-American children: Evidence from the ECLS-K:2011,Preventive Medicine,2017,Other/None,Cohort,Cohort,Other/None,Cohort,Cohort,False,False,False,False,True,Acculturation; Asian; Child; Ethnicity; Longitudinal; Overweight and obesity,"Despite relatively low rates of overweight and obesity among Asian-American children, disparities exist based on acculturation, socioeconomic status, and Asian ethnicity. The purpose of this study was to examine the association between acculturation and weight change in Asian-American children. Secondary aims were to compare changes by Asian ethnic group and acculturation x socioeconomic status. Participants included 1200 Asian-American children from the Early Childhood Longitudinal Study, Kindergarten Class of 2010–11, a longitudinal study of U.S. children attending kindergarten in 2010–2011. Multinomial logistic regressions were conducted to predict weight change based on body mass indices in kindergarten (spring 2011) and second grade (spring 2013): consistently healthy weight, consistently overweight/obese, healthy weight change, and unhealthy weight change. Models included demographic, household, socioeconomic status, and acculturation measures, specifically mother's English proficiency and percentage of life spent in the U.S. Overall, 72.3% of children were at healthy weights in kindergarten and second grade. Of all Asian ethnic groups, Filipino children had the highest rate of being consistently overweight/obese (24.8%) and the lowest rate of being consistently healthy weight (62.9%). In addition, mother's English proficiency predicted unhealthy weight change (OR: 0.83; 95% CI: 0.75–0.92) and healthy weight change (OR: 0.75; 95% CI: 0.65–0.86), relative to “consistently healthy weight.” English proficiency also predicted being consistently overweight/obese for children with less educated mothers. Findings enhance our understanding of obesity disparities within Asian Americans and highlight the need to disaggregate the population. Obesity interventions are needed for Filipino children and families with low socioeconomic status but high English proficiency.",,
DES-065,39784,SCOPUS_ID:0027997439,10.1006/pmed.1994.1064,Hispanic/white differences in dietary fat intake among low educated adults and children,Preventive Medicine,1994,Other/None,Cross-sectional,Cross-sectional,Other/None,Cross-sectional,Cross-sectional,False,False,False,False,False,,"Background. This comparative study tests for ethnic differences in dietary fat consumption in a community-based sample of Hispanic and white adults with low educational attainment (<12 years of schooling) and a separate sample of their children. Methods. Data are presented for adults (age 20-64, n = 886) and youths (age 12-19, n = 170) from four California cities who participated in one of four sequential cross-sectional surveys (1981-1990). Results. After adjustment for age, sex, city of residence, and time of survey, white adults were significantly (P < 0.03) more likely than Hispanic adults to have eaten high-fat foods in the last 24 hr, such as red meat (75.7% vs 68.4%), cured meats, (39.1% vs 25.8%), and cheese (41.4% vs 32.7%). Furthermore, white adults consumed significantly (P < 0.001) more fat, as measured by percentage of calories from total fat (37.7% vs 33.3%) and saturated fat (13.7% vs 11.8%), and consumed significantly less dietary carbohydrate (45.5% vs 49.7%) and fiber (17.1 g vs 26.0 g) than Hispanic adults. Ethnic differences were similar for the youth sample (except for carbohydrates), but were generally not significant. A graded relationship was found between acculturation and dietary measures, where more acculturated Hispanics (English-speaking) were intermediate between less acculturated Hispanics (Spanish-speaking) and whites in their dietary intake. Conclusions. This study illustrates the high dietary fat consumption of whites with low educational attainment, the increasing fat consumption of Hispanics at higher levels of acculturation, and the need for effective dietary interventions for low educated whites and Hispanics. © 1994 Academic Press Inc.",,
DES-066,14414,SCOPUS_ID:0029120834,10.2105/ajph.85.8_pt_1.1153,Risk factors for homelessness among women with schizophrenia,American Journal Of Public Health,1995,Other/None,Case-control,Case-control,Other/None,Case-control,Case-control,False,False,False,False,False,,"A study of risk factors for homelessness among the severely mentally ill was extended to include women, and a case-control study of 100 indigent women with schizophrenia meeting criteria for literal homelessness and 100 such women with no history of homelessness was conducted. Subjects were recruited from shelters, clinics, and inpatient psychiatric programs in New York City. Clinical interviewers used standardized research instruments to probe three domains of risk factors: severity of mental illness, family background, and prior mental health service use. Findings adjusted for ethnicity revealed that homeless women had higher rates of a concurrent diagnosis of alcohol abuse, drug abuse, and antisocial personality disorder. Homeless women also had less adequate family support.",,
DES-067,19372,SCOPUS_ID:84937397113,10.2105/ajph.2015.302578,Mandated coverage of preventive care and reduction in disparities: Evidence from colorectal cancer screening,American Journal Of Public Health,2015,Other/None,Quasi-experimental,Quasi-experimental,Other/None,Quasi-experimental,Quasi-experimental,False,False,False,False,False,,"Objectives. We identified correlates of racial/ethnic disparities in colorectal cancer screening and changes in disparities under state-mandated insurance coverage. Methods. Using Behavioral Risk Factor Surveillance System data, we estimated a Fairlie decomposition in the insured population aged 50 to 64 years and a regression-adjusted difference-in-difference-in-difference model of changes in screening attributable to mandates. Results. Under mandated coverage, blood stool test (BST) rates increased among Black, Asian, and Native American men, but rates among Whites also increased, so disparities did not change. Endoscopic screening rates increased by 10 percentage points for Hispanic men and 3 percentage points for non- Hispanic men. BST rates fell among Hispanic relative to non-Hispanic men. We found no changes for women. However, endoscopic screening rates improved among lower income individuals across all races and ethnicities. Conclusions. Mandates were associated with a reduction in endoscopic screening disparities only for Hispanic men but may indirectly reduce racial/ ethnic disparities by increasing rates among lower income individuals. Findings imply that systematic differences in insurance coverage, or health plan fragmentation, likely existed without mandates. These findings underscore the need to research disparities within insured populations.",,
DES-068,38521,SCOPUS_ID:85102513162,10.1136/jech-2020-215836,Longitudinal effects of perinatal social support on maternal depression: A marginal structural modelling approach,Journal Of Epidemiology And Community Health,2021,Other/None,Other/None,Other/None,Other/None,Other/None,Other/None,False,False,False,False,True,depression; developing country; maternal health; psychosocial factors,"Background Depression in the perinatal period, during pregnancy or within 1 year of childbirth, imposes a high burden on women with rippling effects through her and her child's life course. Social support may be an important protective factor, but the complex bidirectional relationship with depression, alongside a paucity of longitudinal explorations, leaves much unknown about critical windows of social support exposure across the perinatal period and causal impacts on future depressive episodes. Methods This study leverages marginal structural models to evaluate associations between longitudinal patterns of perinatal social support and subsequent maternal depression at 6 and 12 months postpartum. In a cohort of women in rural Pakistan (n=780), recruited in the third trimester of pregnancy and followed up at 3, 6 and 12 months postpartum, we assessed social support using two well-validated measures: the Multidimensional Scale of Perceived Social Support (MSPSS) and the Maternal Social Support Index (MSSI). Major depressive disorder was assessed with the Structured Clinical Interview for Diagnostic and Statistical Manual of Mental Disorders (DSM IV). Results High and sustained scores on the MSPSS through the perinatal period were associated with a decreased risk of depression at 12 months postpartum (0.35, 95% CI: 0.19 to 0.63). Evidence suggests the recency of support also matters, but estimates are imprecise. We did not find evidence of a protective effect for support based on the MSSI. Conclusions This study highlights the protective effect of sustained social support, particularly emotional support, on perinatal depression. Interventions targeting, leveraging and maintaining this type of support may be particularly important for reducing postpartum depression.",,
DES-069,44221,SCOPUS_ID:85071352155,10.1016/j.ypmed.2019.105776,Does the built environment influence the effectiveness of behavioral weight management interventions?,Preventive Medicine,2019,Other/None,Quasi-experimental,Quasi-experimental,Other/None,Quasi-experimental,Quasi-experimental,False,True,False,True,False,Built environment; Fitness facility; Intervention; Neighborhood; Obesity; Park; Walkability; Weight loss,"Outcomes of behavioral lifestyle interventions for promoting weight loss vary widely across participants. The effectiveness of a weight management intervention may depend on a person's environmental context. This study compared short- and longer-term effects of a structured nationwide weight management program for people living in neighborhoods with different levels of walkability and different access to recreational places (parks, fitness facilities). Drawing on the health production model, we tested competing hypotheses for whether treatment effects of the program complement environmental supports or substitute for environmental constraints. We studied the US Department of Veterans Affairs (VA) MOVE! weight management program using VA electronic heath record data (2009–2014) and a difference-in-differences design with an inverse propensity score matched comparison group. A total of 114,256 program participants and 498,494 non-participants comprised the sample. Built environment features were measured within one-mile of each person's home. We estimated program effects on body mass index (BMI) for subgroups with different built environments at 6-, 12-, 18-, and 24-month follow-up using linear regressions with person and year fixed effects. At 6 months, the program reduced BMI by 0.4–0.6 kg/m2 among men and 0.3–0.5 kg/m2 among women. The effect diminished at 12, 18, and 24 months. The program effect did not vary significantly across subgroups with different walkability, park access, or fitness facility access. The MOVE! program was not sensitive to environmental context. Results did not lend support to either hypothesis that the MOVE! program complements or substitutes for a person's built environment to affect weight management outcomes.",,
DES-070,25469,SCOPUS_ID:38649097199,10.1007/s10654-007-9216-0,"Prior health care utilization as a potential determinant of enrollment in a 21-year prospective study, the Millennium Cohort Study",European Journal Of Epidemiology,2008,Cohort,Cohort,Cohort,Cohort,Cohort,Cohort,False,False,False,False,False,Cohort studies; Military medicine; Military personnel; Response bias; Veterans,"Results obtained from self-reported health data may be biased if those being surveyed respond differently based on health status. This study was conducted to investigate if health, as measured by health care use preceding invitation, influenced response to invitation to a 21-year prospective study, the Millennium Cohort Study. Inpatient and outpatient diagnoses were identified among more than 68,000 people during a one-year period prior to invitation to enroll. Multivariable logistic regression defined how diagnoses were associated with response. Days spent hospitalized or in outpatient care were also compared between responders and nonresponders. Adjusted odds of response to the questionnaire were similar over a diverse range of inpatient and outpatient diagnostic categories during the year prior to enrollment. The number of days hospitalized or accessing outpatient care was very similar between responders and nonresponders. Study findings demonstrate that, although there are some small differences between responders and nonresponders, prior health care use did not affect response to the Millennium Cohort Study, and it is unlikely that future study findings will be biased by differential response due to health status prior to enrollment invitation. © 2008 Springer Science+Business Media B.V.",,
DES-071,16370,SCOPUS_ID:2542431296,10.2105/ajph.94.6.1049,What patients expect from complementary therapy: A qualitative study,American Journal Of Public Health,2004,Qualitative,Other/None,Qualitative,Other/None,Qualitative,Qualitative,False,False,False,False,False,,"Objectives. Complementary and alternative therapies have become popular with patients in Western countries. Studies have suggested motivations for patients' choosing a wide range of complementary therapies. Data on the expectations of patients who use complementary therapy are limited. We assessed the expectations of patients who use complementary therapy. Methods. Patients attending a British National Health Service (NHS) outpatient department that provided acupuncture, osteopathy, and homoeopathy were asked to complete a qualitative survey. Results. Patients expected symptom relief, information, a holistic approach, improved quality of life, self-help advice, and wide availability of such therapies on the NHS. Conclusions. Physicians' understanding of patients' expectations of complementary therapies will help patients make appropriate and realistic treatment choices.",,
DES-072,1928,SCOPUS_ID:0032527827,10.1093/oxfordjournals.aje.a009618,"Occupational status and cardiovascular disease risk factors in the rapidly developing, high-risk population of Mauritius",American Journal Of Epidemiology,1998,Other/None,Other/None,Other/None,Cross-sectional,Cross-sectional,Cross-sectional,False,False,False,False,False,Cardiovascular diseases; Cross-sectional studies; Occupations; Risk factors; Socioeconomic factors,"This study examined the relation between occupation and cardiovascular disease (CVD) risk factors in 2,795 individuals between ages 35 and 54 years from the rapidly developing island nation of Mauritius. Participants attended a 1992 population-based survey of noncommunicable disease (89.1% response rate). Occupational status, physical activity in the previous year, cigarette smoking, and alcohol consumption were assessed by questionnaire. Anthropometric and metabolic measures included body mass index (kg/m2), waist-to-hip ratio, fasting serum high density lipoprotein cholesterol and low density lipoprotein cholesterol (LDL cholesterol), triglycerides, 2-hour postload plasma glucose and serum insulin concentrations, and blood pressure. In comparison with professional/skilled workers, age-adjusted means of insulin and glucose, LDL cholesterol, triglycerides, and systolic and diastolic blood pressures were significantly (p < 0.05) lower, and the age- adjusted mean for high density lipoprotein cholesterol was significantly higher for unskilled men. In women, risk factors other than LDL cholesterol varied significantly (p < 0.05) across occupational categories, with homemakers tending to have the least favorable profile. Unskilled workers reported significantly more physical activity (p < 0.01), alcohol consumption, and cigarette smoking (men only) (p < 0.05) than did the other groups. Adjustment for multiple covariates revealed an independent association between occupational status and most CVD risk factors, with physical activity attenuating this association. These results elucidate mediating behaviors of CVD risk across occupational categories that could be applied to intervention strategies in Mauritius.",,
DES-073,2624,SCOPUS_ID:0035887888,10.1093/aje/154.8.687,Limitations of the case-only design for identifying gene-environment interactions,American Journal Of Epidemiology,2001,Other/None,Case-control,Case-control,Cohort,Case-control,Case-control,True,True,False,True,False,Case-control studies; Cohort studies; Environment; Genes; Genetics,"The case-only design, which requires only diseased subjects, allows for estimation of multiplicative interactions between factors known to be independent in the study population. The design is being used as an alternative to the case-control design to study gene-environment interactions. Estimates of gene-environment interactions have been shown to be very efficient relative to estimates obtained with a case-control study under the assumption of independence between the genetic and environmental factors. In this paper, the authors explore the robustness of this procedure to uncertainty about the independence assumption. By using simulations, they demonstrate that inferences about the multiplicative interaction with the case-only design can be highly distorted when there is departure from the independence assumption. They illustrate their results with a recent study of gene-environment interactions and risk of lung cancer incidence in a cohort of miners from the Yunnan Tin Corporation in southern China. Investigators should be aware that the increased efficiency of the case-only design is a consequence of a strong assumption and that this design can perform poorly if the assumption is violated.",,
DES-074,22018,SCOPUS_ID:1542682328,10.1097/01.ede.0000086881.84657.98,Sun exposure as a risk factor for nuclear cataract,Epidemiology,2003,Other/None,Case-control,Case-control,Other/None,Case-control,Case-control,False,False,False,False,False,Cataract; Ultraviolet radiation,"Background: Cataracts are the leading cause of blindness and visual impairment throughout the world. An association of sun exposure with cortical cataract has been well established, but the association with nuclear cataract remains unclear. Methods: This case-control study was nested within the Nambour (Australia) Trial of Skin Cancer Prevention conducted between 1992 and 1996. We compared 195 cases who had a nuclear opacity of grade 2.0 or greater with 159 controls. Structured questionnaires were used to ascertain lifetime sun exposure history, eyeglasses and sunglasses use, and potentially confounding variables such as education and smoking. Results: There was a strong positive association of occupational sun exposure between the ages of 20 and 29 years with nuclear cataract (odds ratio = 5.9; 95% confidence interval = 2.1-17.1). Exposure later in life resulted in weaker associations. Wearing sunglasses, particularly during these early years, afforded some protective effect. Conclusions: This study provides new evidence to support a link between sun exposure and nuclear cataract. Risk was highest among those with high sun exposure at younger ages. Copyright © 2003 by Lippincott Williams & Wilkins.",,
DES-075,18674,SCOPUS_ID:84874058630,10.2105/ajph.2012.300917,"Impact evaluation of a public bicycle share program on cycling: A case example of BIXI in Montreal, Quebec",American Journal Of Public Health,2013,Other/None,Quasi-experimental,Quasi-experimental,Other/None,Quasi-experimental,Quasi-experimental,False,True,True,True,False,,"Objectives. We examined associations between residential exposure to BIXI (BIcycle-taXI)-a public bicycle share program implemented in Montreal, Quebec, in 2009, which increases accessibility to cycling by making available 5050 bicycles at 405 bicycle docking stations-and likelihood of cycling (BIXI and non- BIXI) in Montreal over the first 2 years of implementation. Methods. Three population-based samples of adults participated in telephone surveys. Data collection occurred at the launch of the program (spring 2009), and at the end of the first (fall 2009) and second (fall 2010) seasons of implementation. Difference in differences models assessed whether greater cycling was observed for those exposed to BIXI compared with those not exposed at each time point. Results. We observed a greater likelihood of cycling for those exposed to the public bicycle share program after the second season of implementation (odds ratio = 2.86; 95% confidence interval = 1.85, 4.42) after we controlled for weather, built environment, and individual variables. Conclusions. The implementation of a public bicycle share program can lead to greater likelihood of cycling among persons living in areas where bicycles are made available.",,
DES-076,3219,SCOPUS_ID:0037675048,10.1093/aje/kwg083,Changes in smoking status affect women more than men: Results of the lung health study,American Journal Of Epidemiology,2003,Other/None,Experimental,Experimental,Experimental,Experimental,Experimental,False,False,False,False,False,"Clinical trials; Lung diseases, obstructive; Sex; Smoking cessation; Spirometry","Lung Health Study participants were smokers aged 35-60 years with mild lung function impairment who participated in a 5-year, 10-center (nine in the United States, one in Canada) clinical trial in 1986-1994. The authors compared the relation of randomized treatment assignments and of smoking history during the study with changes in lung function between men and women. Spirometry was performed annually, and 3,348 men and 1,998 women attended the follow-up clinic visit that included spirometry at year 5. This paper reports on an analysis of changes in lung function by gender, treatment group, and three smoking history categories: sustained quitters, intermittent quitters, and continuing smokers. Among participants who quit smoking in the first year, mean forced expiratory volume in 1 second (FEV1) expressed as a percentage of the predicted value of FEV1 given the person's age, height, gender, and race (FEV1%) increased more in women (3.7% of predicted) than in men (1.6% of predicted) (p < 0.001). Across the 5-year follow-up period, among sustained quitters, women gained more in FEV1% of predicted than did men. Methacholine reactivity was more strongly related to rates of decline in women than in men (p < 0.001). Therefore, among persons at risk for chronic obstructive pulmonary disease, smoking cessation has an even clearer advantage for women than it does for men.",,
DES-077,24421,SCOPUS_ID:0032774187,10.1023/a:1007581907654,Cigarette smoking and risk of benign proliferative epithelial disorders of the breast,European Journal Of Epidemiology,1999,Other/None,Experimental,Experimental,Other/None,Experimental,Experimental,False,False,False,False,False,Benign breast disease; Breast cancer; Cigarette smoking,"Benign proliferative epithelial disorders (BPED) of the breast are conditions which are thought to have premalignant potential. The purpose of the present investigation was to study the association between cigarette smoking and risk of BPED. The study was undertaken within the 56,837 women within Canadian National Breast Screening Study (NBSS) who completed self- administered lifestyle and dietary questionnaires. (The NBSS is a randomized controlled trial of screening for breast cancer in women aged 40-59 at recruitment.) During the course of the follow-up period, a total of 691 women in the dietary cohort were diagnosed with biopsy-confirmed incident BPED. For comparative purposes, a subcohort consisting of a random sample of 5681 women (including 65 of the subjects with BPED) was selected from the full cohort. After exclusions for various reasons, the analyses were based on 691 cases and 5443 non-cases. Overall, the results of the present study are almost uniformly null, and provide little support for an association between cigarette smoking and risk of BPED, Analyses conducted separately in the screened and control arms of the NBSS also failed to provide strong support for associations, and there was little difference between the results for screen-detected and interval-detected BPED. There was some suggestion of an increase in risk in post-menopausal exsmokers, but the trend in risk with cigarette-years of exposure in this group was not statistically significant. Risk in ex-smokers varied little by years since smoking cessation. There was little evidence for associations with either atypical or non-atypical forms of BPED.",,
DES-078,29648,SCOPUS_ID:85180011747,10.1093/eurpub/ckad157,Effective policies to promote sugar reduction in soft drinks: lessons from a comparison of six European countries,European Journal Of Public Health,2023,Other/None,Quasi-experimental,Quasi-experimental,Other/None,Quasi-experimental,Quasi-experimental,False,True,False,True,False,,"Background: Many countries have sought to incentivise soft drinks manufacturers to reduce sugar in their products as part of efforts to address a growing prevalence of obesity. Are their policies effective? Methods: Using a difference-in-differences design, we compared trends in the sugar content of 10 695 new sugar-sweetened beverages (SSB) launched between 2010 and 2019 in six European markets, including the UK and France (taxes designed to incentivise reformulation), the Netherlands (policy based on voluntary agreements to reduce sugar), Germany, Italy and Spain (no national policies). Results: The announcement in 2016 and adoption in 2018 of the UK tax led to yearly reductions in average sugar content of 17% (95% CI: 15–19%) to 31% (13–48%) between 2016 and 2019, compared to 2015, while the 2018 French tax produced a 6% (95% CI: 5–7%) sugar reduction only in 2018, compared to 2017, shortly after it was redesigned to provide a stronger incentive for reformulation. Voluntary agreements implemented in the Netherlands in 2014 led to an 8% (95% CI: 4–13%) sugar reduction only in 2015, compared to 2013. Conclusion: The analysis supports the conclusions that sugar reductions in new SSBs have been greater in countries that have adopted specific policies to encourage them; a sugar-based tax design encourages more sugar reductions than a volume-based tax design; the tax rate and the amount of the tax reduction from switching to the next lower tier in a sugar-based tax design may be critical to incentivize reformulation.",,
DES-079,9824,SCOPUS_ID:77952393513,10.1016/j.amepre.2010.02.008,Chlamydia Screening and Pelvic Inflammatory Disease. Insights from Exploratory Time-Series Analyses,American Journal Of Preventive Medicine,2010,Ecological / Time-series,Ecological / Time-series,Ecological / Time-series,Other/None,Ecological / Time-series,Ecological / Time-series,False,False,False,False,False,,"Background: Screening for chlamydia has been reported to reduce pelvic inflammatory disease (PID) at the individual level. However, information on population-level association (or causality) is scant. Purpose: This study aims to examine the association between chlamydia and gonorrhea screening and PID diagnoses using time-series analyses. Methods: Monthly chlamydia and gonorrhea screening and PID diagnosis rates were extracted for a cohort of 207,695 continuously enrolled privately insured women from January 2001 to December 2006. An autoregressive integrated moving average model was used to examine whether rates of PID diagnoses in a given month were associated with rates of chlamydia and gonorrhea screening in previous months. Results: Monthly screening rates increased from about 300 to almost 700 per 100,000 for chlamydia and from 250 to almost 650 per 100,000 for gonorrhea, whereas PID diagnosis rates declined during the same period (40-20 per 100,000). Increases in screening rates were associated with decreases in PID diagnosis rates 4 months later. On average, a one-unit (or 10%) increase in the growth of chlamydia and gonorrhea screening rates, separately, in the prior fourth month was significantly associated with a 0.36 (or 3.6%, p<0.05) and 0.32 (or 3.2%, p<0.10) decrease in the growth rate of the PID diagnosis rate, respectively. Conclusions: Although analyses such as these cannot prove causality, the results are consistent with the hypothesis that increases in chlamydia and gonorrhea screening coverage can lead to reductions in PID at the population level. A population-level focus offers advantages over individual-level analyses of screening and PID, such as the ability to capture indirect benefits of increased screening.",,
DES-080,15292,SCOPUS_ID:0031661866,10.2105/ajph.88.10.1503,Misclassification rates for current smokers misclassified as nonsmokers,American Journal Of Public Health,1998,Other/None,Other/None,Other/None,Other/None,Other/None,Other/None,False,False,False,False,False,,"Objectives. This paper provides misclassification rates for current cigarette smokers who report themselves as nonsmokers. Such rates are important in determining smoker misclassification bias in the estimation of relative risks in passive smoking studies. Methods. True smoking status, either occasional or regular, was determined for individual current smokers in 3 existing studies of nonsmokers by inspecting the cotinine levels of body fluids. The new data, combined with an approximately equal amount in the 1992 Environmental Protection Agency (EPA) report on passive smoking and lung cancer, yielded misclassification rates that not only had lower standard errors but also were stratified by sex and US minority/majority status. Results. The misclassification rates for the important category of female workers misclassified as never smokers were, respectively, 0.8%, 6.0%, 2.8%, and 15.3% for majority regular, majority occasional, US minority regular, and US minority occasional smokers. Misclassification rates for males were mostly somewhat higher. Conclusions. The new information supports EPA's conclusion that smoker misclassification bias is small. Also, investigators are advised to pay attention to minority/majority status of cohorts when correcting for smoker misclassification bias.",,
DES-081,5990,SCOPUS_ID:84900341226,10.1093/aje/kwu031,Self-reported whole-grain intake and plasma alkylresorcinol concentrations in combination in relation to the incidence of colorectal cancer,American Journal Of Epidemiology,2014,Other/None,Case-control,Case-control,Other/None,Case-control,Case-control,False,False,False,False,False,biological markers; cereals; colorectal neoplasms; questionnaire,"Self-reported food frequency questionnaires (FFQs) have occasionally been used to investigate the association between whole-grain intake and the incidence of colorectal cancer, but the results from those studies have been inconsistent. We investigated this association using intakes of whole grains and whole-grain products measured via FFQs and plasma alkylresorcinol concentrations, a biomarker of whole-grain wheat and rye intake, both separately and in combination (Howe's score with ranks). We conducted a nested case-control study in a cohort from a research project on Nordic health and whole-grain consumption (HELGA, 1992-1998). Incidence rate ratios and 95% confidence intervals were calculated using conditional logistic regression. Plasma alkylresorcinol concentrations alone and Howe's score with ranks were inversely associated with the incidence of distal colon cancer when the highest quartile was compared with the lowest (for alkylresorcinol concentrations, incidence rate ratio = 0.34, 95% confidence interval: 0.13, 0.92; for Howe's score with ranks, incidence rate ratio = 0.35, 95% confidence interval: 0.15, 0.86). No association was observed between whole-grain intake and any colorectal cancer (colon, proximal, distal or rectum cancer) when using an FFQ as the measure/exposure variable for whole-grain intake. The results suggest that assessing whole-grain intake using a combination of FFQs and biomarkers slightly increases the precision in estimating the risk of colon or rectal cancer by reducing the impact of misclassification, thereby increasing the statistical power of the study. © 2014 The Author 2014. Published by Oxford University Press on behalf of the Johns Hopkins Bloomberg School of Public Health. All rights reserved.",,
DES-082,4994,SCOPUS_ID:77952344839,10.1093/aje/kwq039,Helmet use and risk of neck injury in skiers and snowboarders,American Journal Of Epidemiology,2010,Other/None,Case-control,Case-control,Other/None,Case-control,Case-control,False,False,False,False,False,Head protective devices; Neck; Skiing; Sports; Wounds and injuries,"In a case-control study, the authors examined the relation between helmet use and neck injury among Québec, Canada, skiers and snowboarders using 10 years of ski patrol data (1995-1996 to 2004-2005). Cases were defined as persons with any neck injury (n = 2,986), an isolated neck injury requiring ambulance evacuation (n = 522), or a cervical spine fracture or dislocation (n = 318). The control group included persons with non-head, non-neck injuries (n = 97,408) in an unmatched analysis. The authors also matched cases with controls injured at the same ski area, during the same activity (skiing vs. snowboarding), and during the same season. Helmet use was the primary exposure variable. For the unmatched analysis, the authors used unconditional logistic regression and adjusted for clustering by ski area and other covariates. They used conditional logistic regression for the matched analysis. Multiple imputation was used to address missing values. The adjusted odds ratio was 1.09 (95% confidence interval (CI): 0.95, 1.25) for any neck injury, 1.28 (95% CI: 0.96, 1.71) for isolated ambulance-evacuated neck injuries, and 1.02 (95% CI: 0.79, 1.31) for cervical spine fractures or dislocations. Similar results were found in the conditional logistic regression analysis and in analyses restricted to children under age 11 years. These results do not suggest that helmets increase the risk of neck injuries among skiers and snowboarders. © 2010 The Author.",,
DES-083,34339,SCOPUS_ID:85144587054,10.1093/ije/dyac093,A secondary data analysis of a cluster randomized controlled trial: improved cookstoves associated with reduction in incidence of low birthweight in rural Malawi,International Journal Of Epidemiology,2022,Experimental,Experimental,Experimental,Other/None,Experimental,Experimental,False,False,False,False,False,birth outcomes; birthweight; cookstove; household pollution; Maternal health; neonatal health,"Background: In northern rural Malawi, the majority of households cook using open fires and there is also a high burden of adverse birth outcomes. The use of open fires or highly polluting cookstoves is associated with low birthweight in babies. There is mixed evidence on whether implementation of cleaner burning cookstoves reduces the number of babies born with low birthweight. Methods: This is a secondary analysis of a cluster randomized control trial in Malawi, conducted over 2014-17. Households were randomized to receive improved cookstoves or to continue current practices. For this analysis, the primary outcome was low birthweight in households under routine demographic surveillance, among births occurring within the trial time frame (N = 4010). A subset of data with stricter exposure definitions respecting the original randomized allocation was also analysed (N = 1050). A causal, forwards modelling approach was used. Results: The main dataset showed evidence of effect of the intervention on low birthweight [adjusted odds ratio (aOR) 0.69; 95% CI 0.48-0.99, n = 2788). The subset analysis lacked power to provide evidence of association between improved cookstoves and low birthweight in the stricter exposure definition (aOR 0.62; 95% CI 0.35-1.09, n = 932). Conclusions: This study provides some evidence that an improved cookstove intervention in rural Malawi reduced the number of babies born with low birthweight by 30%. This direction of the effect was also seen in the subset analysis. The analysis suggests that the intervention reduced the number of infants born prematurely or with intra-uterine growth restriction, indicating that improved cookstoves could be a useful maternal health intervention.",,
DES-084,440,SCOPUS_ID:0026021709,10.1093/oxfordjournals.aje.a115806,Nonresponse and intensity of follow-up in an epidemiologic study of vietnam-era veterans,American Journal Of Epidemiology,1991,Other/None,Other/None,Other/None,Other/None,Other/None,Other/None,True,True,False,True,False,Bias; Epidemiologic methods; Follow-up studies,"Characteristics of nonrespondents, respondents who were easy to locate, and respondents who were hard to locate were examined with the use of data from a telephone health survey of male, US Army, Vietnam-era veterans. Of 17,867 eligible men discharged from active military duty in the late 1960s and early 1970s, 15,288 (86%) were successfully located and interviewed during 1985-1986. Veterans who could not be located were more likely than respondents to possess baseline character istics predictive of increased mortality. In contrast, subjects who were located but refused to be interviewed were similar to respondents. Among veterans who were interviewed, those who were hardest to locate had the highest prevalence of known risk factors for diminished health status and reported many health problems with higher relative frequencies than respondents who were easier to locate. Odds ratios comparing the prevalence of each of 11 health outcomes in men who had served in Vietnam with that in men who had served elsewhere did not vary appreciably by intensity of follow-up. In particular, the subgroup of respondents that was located and interviewed within 2 weeks of initiation of follow-up (comprising 25% of all respondents) produced odds ratios for 10 of the 11 outcomes that were not appreciably different from odds ratios based on all respondents. Am J Epidemiol 1991;133:83-95. © 1991 by The Johns Hopkins University School of Hygiene and Public Health.",,
DES-085,30607,SCOPUS_ID:0028159236,10.1093/ije/23.5.1082,"The epidemiology of melioidosis in Ubon Ratchatani, Northeast Thailand",International Journal Of Epidemiology,1994,Other/None,Other/None,Other/None,Other/None,Other/None,Other/None,False,False,False,False,False,,"Background: Melioidosis, or infection with Pseudomonas pseudoniallei is an important cause of morbidity and mortality in South East Asia and Northern Australia. The epidemiology of melioidosis in Ubon Ratchatani, Northeast Thailand was studied over a 5-year period from 1987 to 1991. Methods: Rates and, when possible, the risks of developing melioidosis were calculated. The numerator was the number of culture-proven cases of melioidosis seen in the 1000-bed referral hospital of the province. The denominators were obtained from the population census, a survey of Health, Welfare and Use of Traditional Medicine, and the North Eastern Meteorological Centre, Thailand. Results: The average incidence of human melioldosis was 4.4 (96% confidence interval [Cl]: 3.8-5.0) per 100 000. The disease affected all ages with the highest incidence in 40-60 years olds. Melioidosrs was 1.4 (96% Cl: 0.4-5.3) times more common in males than females. The disease showed a significant seasonal variation in incidence, and a strong linear correlation with rainfall (r = 0.7, 95% Cl: 0.5-0.9) Adults exposed to soil and water in their work (most were rice farmers) had an increased risk of melioidosis(in the 40-59 year age group, relative risk = 4.1, 95% Cl: 2.4-6.9). Most adult patients had an underlying disease (mainly diabetes mellitus) predisposing them to this infection. Conclusions: Melioidosis may result from either acute exposure to the organism in the soil and water, or 're-activation' of an asymptomatic childhood infection (by an unidentified possibly infective seasonal cofactor). The results from this analysis are consistent with both hypotheses. Further epidemiological studies are needed to identify risk factors so that optimal strategies for control of melioidosis may be developed. © 1994 International Epidemiological Association.",,
DES-086,36657,SCOPUS_ID:39649096956,10.1136/jech.2006.051953,Changes in leisure time and occupational physical activity over 8 years: The Cornellà Health Interview Survey Follow-Up Study,Journal Of Epidemiology And Community Health,2008,Cohort,Cohort,Cohort,Other/None,Cohort,Cohort,False,False,False,False,False,,"Aim: To describe changes in leisure time and occupational physical activity status in an urban Mediterranean population-based cohort, and to evaluate sociodemographic, health-related and lifestyle correlates of such changes. Methods: Data for this study come from the Cornellà Health Interview Survey Follow-Up Study, a prospective cohort study of a representative sample (n = 2500) of the population. Participants in the analysis reported here include 1246 subjects (567 men and 679 women) who had complete data on physical activity at the 1994 baseline survey and at the 2002 follow-up. We fitted Breslow-Cox regression models to assess the association between correlates of interest and changes in physical activity. Results: Regarding leisure time physical activity, 61.6% of cohort members with ""sedentary"" habits in 1994 changed their status to ""light/moderate"" physical activity in 2002, and 70% who had ""light/moderate"" habits in 1994 did not change their activity level. Regarding occupational physical activity, 74.4% of cohort members who were ""active"" did not change their level of activity, and 64.3% of participants with ""sedentary"" habits in 1994 changed to ""active"" occupational physical activity. No clear correlates of change in physical activity were identified in multivariate analyses. Conclusion: While changes in physical activity are evident in this population-based cohort, no clear determinants of such changes were recognised. Further longitudinal studies including other potential individual and contextual determinants are needed to better understand determinants of changes in physical activity at the population level.",,
DES-087,39935,SCOPUS_ID:0029924164,10.1006/pmed.1996.0038,Two sequential randomized trials of community participation to recruit women for mammographic screening,Preventive Medicine,1996,Experimental,Other/None,Experimental,Other/None,Experimental,Experimental,False,False,False,False,False,,"Background. If mammographic screening is to reduce mortality from breast cancer, it is essential that a high proportion of the target population attend for screening. In order to achieve this, effective recruitment strategies are needed. This paper reports two trials of recruitment strategies for mammographic screening involving eight communities in rural New South Wales (NSW), Australia. Methods. Each trial involved two matched pairs of towns in the Hunter Valley region of NSW. Towns were randomly allocated to intervention, receiving either mass media promotion or community participation in Trial 1 and community participation or family physician involvement in Trial 2. Results. In Trial 1, significantly higher attendance rates were observed in the two towns that received the community participation intervention compared with their matched media promotion towns (63% vs 34%, P < 0.001 and 51% vs 34%, P < 0.01). In Trial 2, a significantly higher attendance rate was observed in one town that received the family physician involvement intervention compared with its matched town which received the community participation intervention (68% vs 51%, P < 0.01). There was no significant difference in attendance in the other pair of towns (68% vs 58%, P = 0.11). Conclusions. Both community participation and family practitioner involvement are more promising strategies for the promotion of attendance at mammographic screening facilities than media promotion alone.",,
DES-088,19351,SCOPUS_ID:84937509189,10.2105/ajph.2014.302504,Addressing health disparities in the mental health of refugee children and adolescents through community-based participatory research: A study in 2 communities,American Journal Of Public Health,2015,Other/None,Qualitative,Qualitative,Other/None,Qualitative,Qualitative,False,False,False,False,False,,"Objectives. We sought to understand the problems, strengths, and helpseeking behaviors of Somali Bantu and Bhutanese refugees and determine local expressions of mental health problems among youths in both communities. Methods. We used qualitative research methods to develop community needs assessments and identify local terms for child mental health problems among Somali Bantu and Bhutanese refugees in Greater Boston and Springfield, Massachusetts, between 2011 and 2014. A total of 56 Somali Bantu and 93 Bhutanese refugees participated in free list and key informant interviews. Results. Financial and language barriers impeded the abilities of families to assist youths who were struggling academically and socially. Participants identified resources both within and outside the refugee community to help with these problems. Both communities identified areas of distress corresponding to Western concepts of conduct disorders, depression, and anxiety. Conclusions. There are numerous challenges faced by Somali Bantu and Bhutanese youths, as well as strengths and resources that promote resilience. Future steps include using culturally informed methods for identifying those in need of services and developing community-based prevention programs.",,
DES-089,35560,SCOPUS_ID:0032951069,10.1136/jech.53.5.294,The Health Education Authority's health and lifestyle survey 1993: Who are the low fruit and vegetable consumers?,Journal Of Epidemiology And Community Health,1999,Other/None,Cross-sectional,Cross-sectional,Other/None,Cross-sectional,Cross-sectional,False,False,False,False,False,,"Study objective: Firstly, to determine the demographic and behavioural characteristics of low fruit and vegetable consumers. Secondly, to investigate whether knowledge and attitudes are barriers to consumption of fruit and vegetables. Design: Cross sectional survey: an interviewer administrated questionnaire was used to assess the demographic, knowledge, attitude, and behavioural characteristics of the respondents. Setting: England. Participants: Random sample of 5553 men and women aged between 16 and 74 years. Response rate 70%. Main results: The main demographic characteristics of the respondents identified as low consumers of fruit and vegetables (less than daily consumption of either fruit or vegetables) were age, sex, and smoking status. The adjusted odds ratios were 2.59 for those aged 16-24 years compared with those aged 45-74 years, 2.17 for men compared with women, and 1.77 for current smokers compared with never smokers. The most important knowledge and attitude statements after adjusting for the demographic variables were disagreeing with the statement 'healthy foods are enjoyable' (odds ratio 1.90) and agreeing with the statement 'I don't really care what I eat' (odds ratio 1.76). The impact of knowledge seemed less important than attitudes about a healthy diet in characterising a low fruit and vegetable consumer. Conclusions: These findings are relevant to future strategies for improving intake of fruit and vegetables, but demonstrate the complexity of interventions required, and the dangers inherent in assuming simplistic relations between psychosocial factors and behaviour.",,
DES-090,1632,SCOPUS_ID:0030872603,10.1093/oxfordjournals.aje.a009263,Risk factors for diarrheal disease incidence in early childhood: A community cohort study from Guinea-Bissau,American Journal Of Epidemiology,1997,Cohort,Other/None,Cohort,Cohort,Cohort,Cohort,False,False,False,False,True,Breast feeding; Cohort studies; Cryptosporidium; Diarrhea; Incidence; Infantile; Preventive health services,"To determine risk factors for diarrhea, the authors followed an open cohort of 1,314 children from Guinea-Bissau by weekly diarrhea recall interviews between April 1987 and March 1990. Data on feeding practices and measles infection were available for all children and, for 531 children, comprehensive data on explanatory variables were recorded. Of 57 variables, seven were independently associated with an increased incidence of diarrhea. These were a recent (in the past 14 days) diarrheal episode, male sex, being weaned from breast milk, not being looked after by the mother, head of the household being <30 years old, eating cold leftovers, and drinking water from an unprotected public water supply. In breastfed children, only three variables were associated with diarrhea, including prior diarrhea, male sex, and not being looked after by the mother. Among weaned children, six variables delineated increased rates of diarrhea, including unprotected public water supply, eating of cold leftovers, and lack of maternal education. Major determinants of persistent diarrhea included weaning, lack of maternal education, and having pigs in the home. It is concluded that, in addition to the promotion of breastfeeding, important interventions against diarrhea include improvements in water supply, hygiene, and food handling. However, because of effect modification by breastfeeding, the largest effects of these interventions will probably be among weaned children.",,
DES-091,42970,SCOPUS_ID:84904878302,10.1016/j.ypmed.2014.07.004,Church-based social marketing to motivate older adults to take balance classes for fall prevention: Cluster randomized controlled trial,Preventive Medicine,2014,Experimental,Other/None,Experimental,Other/None,Experimental,Experimental,False,False,False,False,False,Accident prevention; Accidental falls; Aged; Exercise; Injuries; Postural balance; Social marketing,"Objective: Determine whether a church-based social marketing program increases older adults' participation in balance classes for fall prevention. Methods: In 2009-10, 51 churches (7101 total members aged ≥. 60) in Colorado, U.S.A. were randomized to receive no intervention or a social marketing program. The program highlighted benefits of class participation (staying independent, building relationships), reduced potential barriers (providing convenient, subsidized classes), and communicated marketing messages through church leaders, trained ""messengers,"" printed materials and church-based communication channels. Between-group differences in balance class enrollment and marketing message recall among congregants were compared using Wilcoxon Two-Sample Test and regression models. Results: Compared to 25 control churches, 26 churches receiving the social marketing program had a higher median proportion (9.8% vs. 0.3%; p. <. 0.001) and mean number (7.0 vs. 0.5; IRR = 11.2 [95%CI: 7.5, 16.8]) of older adult congregants who joined balance classes. Intervention church members were also more likely to recall information about preventing falls with balance classes (AOR = 6.2; 95% CI: 2.6, 14.8) and availability of classes locally (AOR = 7.7; 95% CI: 2.6, 22.9). Conclusions: Church-based social marketing effectively disseminated messages about preventing falls through balance classes and, by emphasizing benefits and reducing barriers and costs of participation, successfully motivated older adults to enroll in the classes. © 2014 Elsevier Inc.",,
DES-092,36715,SCOPUS_ID:70350212661,10.1136/jech.2008.077016,A qualitative study about immigrant workers' perceptions of their working conditions in Spain,Journal Of Epidemiology And Community Health,2009,Qualitative,Other/None,Qualitative,Other/None,Qualitative,Qualitative,False,False,False,False,True,,"Background: Spain has recently become an inward migration country. Little is known about the occupational health of immigrant workers. This study aimed to explore the perceptions that immigrant workers in Spain had of their working conditions. Methods: Qualitative, exploratory, descriptive study. Criterion sampling. Data collected between September 2006 and May 2007 through semi-structured focus groups and individual interviews, with a topic guide. One hundred and fifty-eight immigrant workers (90 men/68 women) from Colombia (n=21), Morocco (n=39), sub-Saharan Africa (n=29), Romania (n=44) and Ecuador (n=25), who were authorised (documented) or unauthorised (undocumented) residents in five medium to large cities in Spain. Results: Participants described poor working conditions, low pay and health hazards. Perception of hazards appeared to be related to gender and job sector. Informants were highly segregated into jobs by sex, however, so this issue will need further exploration. Undocumented workers described poorer conditions than documented workers, which they attributed to their documentation status. Documented participants also felt vulnerable because of their immigrant status. Informants believed that deficient language skills, non-transferability of their education and training and, most of all, their immigrant status and economic need left them with little choice but to work under poor conditions. Conclusions: The occupational health needs of immigrant workers must be addressed at the job level, while improving the enforcement of existing health and safety regulations. The roles that documentation status and economic need played in these informants' work experiences should be considered and how these may influence health outcomes.",,
DES-093,45431,SCOPUS_ID:85165290956,10.1016/j.ypmed.2023.107607,Association of cardiovascular health using Life's Essential 8 with noncommunicable disease multimorbidity,Preventive Medicine,2023,Other/None,Cross-sectional,Cross-sectional,Other/None,Cross-sectional,Cross-sectional,False,False,False,False,False,Adults; Cardiovascular health; Life's Essential 8; Multimorbidity; NHANES; Noncommunicable disease,"Cardiovascular health (CVH) is closely associated with various noncommunicable diseases (NCDs) and comorbidity; however, the influence of CVH on NCD multimorbidity was not fully elucidated. We aimed to examine the association between CVH using Life's Essential 8 (LE8) and NCD multimorbidity among adults, males, and females in the United States, conducting a cross-sectional analysis using data involving 24,445 participants from the National Health and Nutrition Examination Survey (NHANES) from 2007 to 2018. LE8 was categorized into low, moderate, and high CVH groups. Multivariate logistic regressions and restricted cubic spline regressions were used to estimate the association between LE8 and NCD multimorbidity. Overall, 6162 participants had NCD multimorbidity, of which 1168 (43.5%), 4343 (25.9%), and 651 (13.4%) had low, moderate, and high CVH, separately. After multivariable adjustment, LE8 was negatively associated with NCD multimorbidity among adults (odds ratio (OR) for per 1 standard deviation (SD) increase in LE8 and 95% confidence interval (CI), 0.67 (0.64, 0.69)), and the top 3 NCDs associated with CVH were emphysema, congestive heart failure, stroke, and the dose-response relationships between LE8 and NCD multimorbidity were observed among adults (overall P < 0.001). Similar patterns were also identified among males and females. Higher CVH measured by the LE8 score was associated with lower odds of NCD multimorbidity among adults, males, and females.",,
DES-094,1736,SCOPUS_ID:0031057125,10.1093/oxfordjournals.aje.a009107,Nicotine patches in smoking cessation: A randomized trial among over- the-counter customers in Denmark,American Journal Of Epidemiology,1997,Experimental,Experimental,Experimental,Experimental,Experimental,Experimental,False,False,False,False,False,drug administration routes; drugs; nicotine; non-prescription; placebo effect; randomized controlled trials; smoking cessation,"The authors examined the effect of 24-hour nicotine patches in smoking cessation among over-the-counter customers in Denmark, based on a randomized double-blind placebo-controlled trial. Participants were consecutive customers to whom nicotine patches were offered as the only treatment. Forty- two pharmacies in the areas of Aarhus and Copenhagen in Denmark participated in the trial, and 522 customers who smoked 10 or more cigarettes per day were randomized to either nicotine patches or placebo from January to March 1994. Customers with chronic diseases and pregnant or breastfeeding women were excluded from the trial. Twenty-four-hour patches were offered free of charge during a 3-month period. Those smoking 20 or more cigarettes per day started on a dose of 21-mg/day patches. Customers who smoked less started on patches of 14 mg/day; and for all of the participants, the dose was gradually reduced to 7-mg/day patches during the study period. Smoking behavior and compliance were recorded by means of self-administered questionnaires and telephone interviews. Smoking status was recorded in intervals of 4 weeks, which was fixed to be a treatment period, and 26 weeks after inclusion. There was a significant increase in smoking cessation rates after 8 weeks of follow-up but only among smokers who started on 21-mg/day patches. There was a marked placebo effect at each time of contact during the trial, especially in those smoking fewer than 20 cigarettes per day. Although the noncompliance rate was high overall due to discontinuation in the use of patches by relapsed smokers, noncompliance among successful quitters was low. More side effects were seen in the nicotine group than in the placebo group, but none of the reported side effects were serious. It appears that regular healthy smokers who were customers of nonprescribed nicotine patches and who received 21- mg/day nicotine patches benefited from the active treatment (44.1% stopped smoking after 4 weeks), but almost as many stopped smoking in the placebo group (37.3% after 4 weeks). No significant differences in smoking cessation rates were seen among smokers who started with the low-dose nicotine or placebo patches.",,
DES-095,24600,SCOPUS_ID:0033851958,10.1023/a:1007627332215,"Cancer mortality and exposure to chemical carcinogens in the work place: An ecological study in the Valencian Community, Spain (1981-1995)",European Journal Of Epidemiology,2000,Ecological / Time-series,Ecological / Time-series,Ecological / Time-series,Ecological / Time-series,Ecological / Time-series,Ecological / Time-series,False,False,False,False,False,Cancer; Chemical carcinogens; Ecological study; Geographical differences; Job-exposure; Mortality,"To evaluate the geographical distribution of the mortality from malignant turnouts in relationship with exposure to chemical carcinogens in the work place, and to asses the possible association between these questions and the percentage of population employed in certain high-risk sectors, an ecological study in the Valencian Community (VC), Spain was carried out. Age-adjusted mortality rates for the total number of malignant turnouts, lung, bladder, lymphomas and leukaemia during the periods 1981-1985 and 1991-1995 were calculated for the 34 geographical areas. The percentage of population in each area working in sectors in which they may be exposed to chemical carcinogens was obtained. The relationship between mortality on-the-job exposure was studied using linear regression methods. Large differences in cancer mortality were seen. In men, the geographical pattern was very stable and reveals a significant association with the distribution of certain high-risk jobs. Statistically significant positive correlations (p < 0.001) were found between cancer mortality and the percentage of the population working in metal, wood and furniture sectors. In contrast, a negative and statistically significant (p < 0.001) correlation was observed between cancer mortality and the percentage of the population working in agriculture. In conclusion, although the variability in cancer mortality in men was significantly associated with some occupational sectors in the VC, caution is needed when drawing conclusions about causation from ecological studies.",,
DES-096,42244,SCOPUS_ID:80955144172,10.1016/j.ypmed.2011.08.019,"""If there wasn't the technology then I would probably be out everyday"": A qualitative study of children's strategies to reduce their screen viewing",Preventive Medicine,2011,Qualitative,Other/None,Qualitative,Qualitative,Qualitative,Qualitative,False,False,False,False,False,Children; Focus groups; Physical activity; Screen-viewing; Sedentary lifestyle,"Objective: To explore the views of British 10-11. year old children towards reducing their screen-viewing and their screen-viewing reduction strategies. Method: 10 focus groups were conducted with 55 10-11. year old children (30 girls, 25 boys) in Bristol (UK) in 2010. Data were transcribed and transcripts were analysed using thematic analysis. Results: Three main themes were developed: Reaction to Reduction; Reduction: What, when and what else instead?; and Strategies to reduce screen-viewing. Participants reacted largely positively to reducing their screen-viewing although enjoyment, established routines and favourite TV programmes presented barriers. A range of screen-viewing modes were put forward as candidates for reduction and participants believed they would replace screen-viewing with both physically active and non-screen sedentary behaviours. Reduction strategies identified comprised the provision of alternative activities, facilities and after school clubs, peer-led educational interventions, behavioural strategies such as the use of rewards, charts and time limits which involved children's parents and parent-child collaboration. Unexpectedly, participants identified the focus group itself as a means of encouraging self-reflection and initiating change. Conclusion: Children appeared open to screen-viewing reduction and identified the strategies that they may respond to best. This can inform the development of interventions designed to reduce screen-viewing. © 2011 Elsevier Inc.",,
DES-097,38188,SCOPUS_ID:85042849066,10.1136/jech-2017-209847,Do flexible work policies improve parents' health? A natural experiment based on the UK Millennium Cohort Study,Journal Of Epidemiology And Community Health,2018,Quasi-experimental,Quasi-experimental,Quasi-experimental,Cohort,Quasi-experimental,Other/None,False,True,False,True,True,cohort studies; lngitudinal studies; maternal health; policy; workplace,"Background There is limited evidence of the impact of policies to promote work-family balance on family health. Exploiting the introduction of the UK Flexible Working Act (2003), we examined whether a policy that grants parents the right to request flexible work influences their health and well-being. Methods Using the UK Millennium Cohort Study, we focus on 6424 mothers employed in 2001-2002, when the cohort child was 9 months old, until their child's seventh birthday. We used a difference-in-differences (DiD) approach to compare changes in outcomes before and after the policy among mothers most likely to benefit and mothers unlikely to benefit from the policy. Results Flexible working increased in a small group of mothers (n=548) whose employer did not offer work flexibility before the reform (treatment group). By contrast, among mothers whose employer already offered flexible work before the reform (control group, n=5810), there was little change or a slight decline in flexible working. DiD estimates suggest that the policy was associated with an increase in flexible working (37.5 percentage points, 95% CI 32.9 to 41.6), but it had no impact on self-rated health (.1.6 percentage points, 95% CI .4.4 to 1.1), long-term illness (.1.87 percentage points, 95% CI .4.3 to 0.5) or life satisfaction scores (â=0.04, 95% CI .0.08 to 0.16). Conclusion The Flexible Working Act increased flexible working only among a small group of mothers who had not yet the right to request work flexibility, but it had no impact on their health and well-being. Policies promoting work flexibility may require stronger incentives for both parents and employers.",,
DES-098,12067,SCOPUS_ID:85084603369,10.1016/j.amepre.2019.12.024,Impact of the Centers for Disease Control and Prevention Recommendation and State Law on Birth Cohort Hepatitis C Screening of New York City Medicaid Recipients,American Journal Of Preventive Medicine,2020,Cohort,Quasi-experimental,Quasi-experimental,Other/None,Quasi-experimental,Other/None,False,True,False,True,True,,"Introduction: The Centers for Disease Control and Prevention estimated that, during 1999–2008, people born in 1945–1965 (the baby boomer generation) represented approximately 75% of people infected with hepatitis C virus and 73% of hepatitis C virus–associated deaths and are at greatest risk for hepatocellular carcinoma and liver disease. In 2012, the Centers for Disease Control and Prevention recommended one-time hepatitis C virus screening for people born during 1945–1965. In addition, New York State enacted a Hepatitis C Virus Testing Law in 2014. This analysis assesses the impacts of the 2012 recommendation and 2014 New York State Testing Law on hepatitis C virus screening rates among New York City Medicaid-enrolled recipients born during 1945–1965. Methods: The eligible population was determined quarterly as the number of Medicaid recipients continuously enrolled for 12 months with neither a prior hepatitis C virus diagnosis nor antibody test since 2005. Quarterly screening rates during 2010–2017 were examined using interrupted time series analysis. Data were analyzed in 2018–2019. Results: In 2010–2017, the highest screening rate occurred in the quarter immediately after the law (33.64 per 1,000 Medicaid recipients). There was no change in screening rates after the Centers for Disease Control and Prevention recommendation and a significant increase after the New York State Law, which was not sustained. Conclusions: Hepatitis C virus screening rates increased in the quarter after the 2014 New York State Hepatitis C Virus Testing Law became effective. Additional efforts are needed to screen baby boomers and people who were recently infected with hepatitis C virus related to opioid use.",,
DES-099,6708,SCOPUS_ID:85054250509,10.1093/aje/kwy113,Which Method of Fall Ascertainment Captures the Most Falls in Prefrail and Frail Seniors?,American Journal Of Epidemiology,2018,Other/None,Experimental,Experimental,Other/None,Experimental,Experimental,False,False,False,False,False,aged; ascertainment methods; diaries; falls; frailty; hotlines; seniors,"There is no consensus on the most reliable method of ascertaining falls among the elderly. Therefore, we investigated which method captured the most falls among prefrail and frail seniors from 2 randomized controlled trials conducted in Zurich, Switzerland: an 18-month trial (2009-2010) including 200 community-dwelling prefrail seniors with a prior fall and a 12-month trial (2005-2008) including 173 frail seniors with acute hip fracture. Both trials included the same methods of fall ascertainment: monthly active asking, daily self-report diary entries, and a call-in hotline. We compared numbers of falls reported and estimated overall and positive percent agreement between methods. Prefrail seniors reported 499 falls (fall rate = 2.5/year) and frail seniors reported 205 falls (fall rate = 1.4/year). Most falls (81% of falls in prefrail seniors and 78% in frail seniors) were reported via active asking. Among prefrail seniors, diaries captured an additional 19% of falls, while the hotline added none. Among frail seniors, the hotline added 16% of falls, while diaries added 6%. The positive percent agreement between active asking and diary entries was 100% among prefrail seniors and 88% among frail seniors. While monthly active asking captures most falls in both groups, this method alone missed 19% of falls in prefrail seniors and 22% in frail seniors. Thus, a combination of active asking and diaries for prefrail seniors and a combination of active asking and a hotline for frail seniors is warranted.",,
DES-100,38104,SCOPUS_ID:85052847690,10.1136/jech-2018-210701,Does environment influence childhood BMI? A longitudinal analysis of children aged 3-11,Journal Of Epidemiology And Community Health,2018,Cohort,Cohort,Cohort,Other/None,Cohort,Cohort,False,True,False,True,False,child health; housing; life course / childhood circumstances; longitudinal studies; obesity,"Background Childhood overweight/obesity has been associated with environmental context, such as green space, gardens, crime and deprivation. This paper assesses the longitudinal association between environment and body mass index (BMI) for children across the ages of 3-11 years. It also investigates the relationship between environment and child overweight/obesity Methods 6001 children from the UK Millennium Cohort Study living in England were analysed. We estimated fixed effects linear and logistic regression models of the association between environment (levels of green space, gardens, crime and deprivation) and BMI/overweight of children at four time points between the ages of 3 and 11. Models were adjusted for age-related changes in weight, child sex and education level of the main carer. Results Statistically significant associations were found between environmental measures of both more gardens and lower levels of crime and lower BMI (effect size (95% CI) respectively: 0.02 (0.04 to 0.00), 0.04 (0.07 to 0.02)). Areas with less crime were associated with a slightly lower odds of overweight among children with a higher educated parent (OR 0.93 (0.87-0.99)) Conclusions By exploiting longitudinal measures of environment and BMI this study is able to establish a more causal association between environment and BMI. Environments with more gardens and lower crime tend to result in slightly lower BMI. However, the effect sizes are small and non-significant odds of changing weight status do not support environmental factors as a key determinant of cohort changes in childhood overweight/obesity.",,
DES-101,6972,SCOPUS_ID:85072687046,10.1093/aje/kwz100,Effect Estimates in Randomized Trials and Observational Studies: Comparing Apples with Apples,American Journal Of Epidemiology,2019,Experimental,Experimental,Experimental,Other/None,Experimental,Experimental,False,False,False,False,False,antiretroviral initiation; causal inference; per-protocol effect; target trial,"Effect estimates from randomized trials and observational studies might not be directly comparable because of differences in study design, other than randomization, and in data analysis. We propose a 3-step procedure to facilitate meaningful comparisons of effect estimates from randomized trials and observational studies: 1) harmonization of the study protocols (eligibility criteria, treatment strategies, outcome, start and end of follow-up, causal contrast) so that the studies target the same causal effect, 2) harmonization of the data analysis to estimate the causal effect, and 3) sensitivity analyses to investigate the impact of discrepancies that could not be accounted for in the harmonization process. To illustrate our approach, we compared estimates of the effect of immediate with deferred initiation of antiretroviral therapy in individuals positive for the human immunodeficiency virus from the Strategic Timing of Antiretroviral Therapy (START) randomized trial and the observational HIV-CAUSAL Collaboration.",,
DES-102,18452,SCOPUS_ID:84886400284,10.2105/ajph.2013.301287,Secondhand smoke exposure and smoking behavior among young adult bar patrons,American Journal Of Public Health,2013,Other/None,Cross-sectional,Cross-sectional,Other/None,Cross-sectional,Cross-sectional,False,False,False,False,True,,"Objectives. We described frequency of secondhand smoke (SHS) exposure among young adults patronizing bars and associations between SHS exposure, attitudes, and smoking behavior. Methods. We collected cross-sectional surveys from randomized time-location samples of bar patrons aged 18 to 26 years in San Diego, California, and Oklahoma City and Tulsa, Oklahoma, in 2010 to 2011. Multivariate logistic regression evaluated associations between SHS exposure, attitudes about dangers of SHS, susceptibility to smoking initiation among nonsmokers, and quit attempts among current smokers. Results. More than 80% of respondents reported past 7-day exposure to any SHS, and more than 70% reported exposure at a bar. Current smokers reported more SHS exposure in cars and their own homes than did nonsmokers. Among nonsmokers, SHS exposure was associated with susceptibility to initiation, but those who believed that SHS exposure is harmful were less susceptible. Belief that SHS is dangerous was associated with quit attempts among smokers. Conclusions. Smoke-free environments and education about the harms of SHS may decrease tobacco use among young adults who frequent bars, where they are heavily exposed to SHS. Copyright © 2013 by the American Public Health Association®.",,
DES-103,28666,SCOPUS_ID:85044336737,10.1093/eurpub/ckx148,Maternal serum bisphenol A levels and risk of pre-eclampsia: A nested case-control study,European Journal Of Public Health,2017,Case-control,Case-control,Case-control,Other/None,Case-control,Case-control,False,False,False,False,False,,"Background: Although recent studies have indicated the potential adverse effects of maternal bisphenol A (BPA) exposure on pregnancy such as increasing the risk of pre-eclampsia, epidemiological evidence is limited. We aimed to evaluate the relationship between maternal BPA exposure and the risk of pre-eclampsia. Methods: We conducted a nested case-control study among 173 women (74 cases of pre-eclampsia and 99 controls). BPA concentrations were measured using liquid chromatography-mass spectrometry in the maternal serum samples collected during 16-20 gestational weeks. Multivariate logistic models were used to examine the relationship between maternal serum BPA concentrations and the risk of pre-eclampsia. Results: BPA was detectable (>0.1 μg/l) in 78.6% of the maternal serum samples at three levels: Low (<2.24 μg/l), medium (2.24-4.44 μg/l), and high (>4.44 μg/l). BPA concentrations were significantly higher in the serum samples collected from the pre-eclampsia cases than those from controls (median: 3.40 vs. 1.50 μg/l, P < 0.01). With adjustment for maternal age, primiparous and BMI, the odds of developing pre-eclampsia were significantly elevated in subjects with high serum BPA levels compared with those with low levels (adjusted OR= 16.46, 95%CI = 5.42-49.85) regardless of subcategories of preeclampsia including severity and onset time. Among the pre-eclampsia subjects, the maternal serum concentration of BPA was not different between the early- and late-onset subjects (median: 3.09 vs. 3.50 μg/l, P = 0.57), but surprisingly higher in mild pre-eclampsia subjects compared with severe pre-eclampsia subjects (median: 5.20 vs. 1.80 μg/l, P < 0.01). Conclusions: These results demonstrated that maternal exposure to high level of BPA could be associated with an increased risk of pre-eclampsia.",,
DES-104,29564,SCOPUS_ID:85135501070,10.1093/eurpub/ckac070,"European mature adults and elderly are moving closer to the Mediterranean diet - a longitudinal study, 2013-19",European Journal Of Public Health,2022,Cohort,Cohort,Cohort,Other/None,Cohort,Cohort,False,False,False,False,False,,"Background: The decreasing adherence in Mediterranean Diet (M.D.) during the last decades has been attributed to social, cultural and economic factors. However, recent efforts to improve dietary habits and the economic improvement might be reversing this trend. We analyze the changes in M.D. adherence between 2013 and 2019 among a sample of European mature adults and the elderly. Methods: Using data from the Survey of Health, Ageing and Retirement in Europe for adults over 50 years old, we designed a longitudinal cohort study with a sample of participants from waves 5 (2013) and 8 (2019/20). Logistic regressions were used to model the consumption of M.D. adherence as a function of the year. We then stratified the analyses by education, age and transitions in economic status, employment and self-perceived health. Results: There was in 2019/20 a significant increase in the M.D. adherence (10.8% vs. 14.3%, OR = 1.367, P < 0.01). The rise was mainly related to the decrease of meat and fish (38.4% vs. 30.5%, OR = 0.703, P < 0.01) and growth of legumes and eggs intake (36.3% vs. 41.8%, OR = 1.260 P < 0.01). The results were consistent in all European regions and most sociodemographic groups. Younger people with higher income and education had a greater rise in adherence. Conclusions: Our analysis shows a generalized growth in adherence to the M.D. across most socioeconomic subpopulations and countries in Europe, suggesting a shift to healthier diet patterns. The more noticeable increase among affluent, educated and healthy respondents, may further entrench dietary and health inequalities.",,
DES-105,21309,SCOPUS_ID:0028939653,10.1097/00001648-199505000-00008,An analysis of the process of human immunodeficiency virus sexual risk behavior change,Epidemiology,1995,Other/None,Ecological / Time-series,Ecological / Time-series,Cohort,Ecological / Time-series,Ecological / Time-series,False,False,False,False,False,Cohort study; Data collection; Exposure categorization; HIV/AIDS; Markov models; Pattern; Process; Risk behavior,"Few studies have tried to identify the process of risk behavior change. In this paper, we present a method for the analysis of the process of risk behavior change; the methodology involves using time series data to form transition probability matrices. We apply the method to human immunodeficiency virus (HIV) sexual risk behavioral data from a cohort of gay men in Amsterdam. We determine the process of risk behavior change in this cohort, and we demonstrate that it is not possible to deduce the process simply from an examination of the staticpattern. Our results imply that the risk behavior change that is observed in this cohort may be viewed as a homogeneous one-step Markovian process. This process of risk behavior change has implications for the long-term prediction of HIV seroconversion rates and for the design and evaluation of HIV behavioral intervention studies and vaccine trials. Our results also have implications for the interpretation of relapse behavior. © 1995 Epidemiology Resources Inc.",,
DES-106,3559,SCOPUS_ID:28944452411,10.1093/aje/kwi342,"Physical activity, obesity, energy intake, and the risk of non-Hodgkin's lymphoma: A population-based case-control study",American Journal Of Epidemiology,2005,Case-control,Case-control,Case-control,Case-control,Case-control,Case-control,False,False,False,False,False,Case-control studies; Energy intake; Exercise; Lymphoma; Non-hodgkin; Obesity; Recreation,"The authors conducted a population-based case-control study of 1,030 cases with histologically confirmed, incident non-Hodgkin's lymphoma (NHL) and 3,106 controls to assess the impact of recreational physical activity, obesity, and energy intake on NHL risk in Canada from 1994 to 1997. Compared with those for subjects in the lowest quartiles of total recreational physical activity, multivariable-adjusted odds ratios for subjects in the highest quartile were 0.79 (95% confidence interval (CI): 0.59, 1.05) for men and 0.59 (95% CI: 0.42, 0.81) for women. Obesity (body mass index ≥30 kg/m2) was associated with odds ratios of 1.59 (95% CI: 1.18, 2.12) for men and 1.36 (95% CI: 1.00, 1.84) for women. For men and women with a lifetime maximum body mass index of ≥30 kg/m2, respective odds ratios were 1.55 (95% CI: 1.16, 2.06) and 1.10 (95% CI: 0.83, 1.46). For men and women in the highest quartiles of calorie intake, respective odds ratios were 1.95 (95% CI: 1.45, 2.62) and 1.13 (95% CI: 0.84, 1.52). Some differences were found between histologic subtypes of NHL for these associations. This study suggests that recreational physical activity decreases NHL risk, while obesity and excess calorie intake increase it. More studies are needed to confirm these results, especially the differences between histologic subtypes. Copyright © 2005 by the Johns Hopkins Bloomberg School of Public Health. All rights reserved.",,
DES-107,3764,SCOPUS_ID:13544249699,10.1093/aje/kwi041,Occupational magnetic fields and female breast cancer: A case-control study using Swedish population registers and new exposure data,American Journal Of Epidemiology,2005,Case-control,Other/None,Case-control,Case-control,Case-control,Case-control,False,False,False,False,False,"Breast neoplasms; Case-control studies; Electromagnetic fields; Female; Receptors, estrogen","Several recent epidemiologic studies on occupational magnetic field exposure have suggested an association with female breast cancer. The purpose of this study was to test this hypothesis by using the extensive Swedish population registers in combination with improved exposure assessment. The study base consisted of all women between 1976 and 1999 gainfully employed in Stockholm or Gotland County in Sweden. A total of 20,400 cases of breast cancer were identified from the cancer registry, and 116,227 controls were selected randomly from the study base. Information was available on estrogen receptor status, occupation, socioeconomic status, and age. Parity was available for a subset. The exposure was assessed by linkage to a newly developed job-exposure matrix based on personal magnetic field measurements on women. All risk estimates were close to unity regardless of exposure cutpoint or choice of exposure parameter. The overall odds ratio for women exposed to 0.30 μT or more was 1.01 (95% confidence interval: 0.93, 1.10). The size of the study allowed for estimates with good precision also in subgroups where previous studies have suggested increased risk, but the findings do not support the hypothesis that magnetic fields influence the risk of female breast cancer.",,
DES-108,29794,SCOPUS_ID:85205334652,10.1093/eurpub/ckae083,Differences in colorectal cancer awareness between screening eligible vs. ineligible Palestinians: A national cross-sectional study,European Journal Of Public Health,2024,Cross-sectional,Other/None,Cross-sectional,Other/None,Cross-sectional,Cross-sectional,False,False,False,False,False,,"Background: This study aimed to compare colorectal cancer (CRC) awareness between screening-eligible and ineligible individuals in Palestine. Methods: Convenience sampling was utilized to recruit Palestinian adults from diverse settings, including hospitals, primary healthcare centers and public spaces across 11 governorates. The evaluation of CRC awareness in terms of signs/symptoms, risk factors and causation myths was conducted using Arabic-translated, modified versions of the validated instruments, the Bowel Cancer Awareness Measure and the Cancer Awareness Measure-Mythical Causes Scale. Results: The final analysis included 2698 participants, with 2158 (80.9%) eligible for CRC screening and 540 (19.1%) ineligible for it. The most recognized CRC sign/symptom was 'lump in the abdomen' in both screening-eligible (n = 386, 71.5%) and ineligible (n = 1582, 73.3%) groups. 'Lack of physical activity' was the most recognized risk factor in both groups (eligible: n = 451, 83.5%; ineligible: n = 1766, 81.8%). The most reported causation myth in both groups was 'having a physical trauma' (eligible: n = 340, 63.0%; ineligible: n = 1353, 62.7%). In the screening-eligible group, only 210 participants (38.9%) demonstrated high awareness of CRC signs/symptoms, 213 participants (39.4%) showed high awareness of CRC risk factors and only 46 participants (8.5%) displayed high awareness of CRC causation myths. There were no significant associations between being eligible for screening colonoscopy and the awareness levels of CRC signs/symptoms, risk factors and causation myths. Conclusion: Overall, awareness levels of CRC signs/symptoms, risk factors and causation myths were notably low among screening-eligible participants. There were no differences in awareness levels between individuals eligible for colonoscopy and those who were not.",,
DES-109,16809,SCOPUS_ID:31544435452,10.2105/ajph.2004.059840,Relative effectiveness of worker safety and health training methods,American Journal Of Public Health,2006,Other/None,Quasi-experimental,Quasi-experimental,Other/None,Quasi-experimental,Quasi-experimental,False,True,False,True,False,,"Objectives. We sought to determine the relative effectiveness of different methods of worker safety and health training aimed at improving safety knowledge and performance and reducing negative outcomes (accidents, illnesses, and injuries). Methods. Ninety-five quasi-experimental studies (n = 20991) were included in the analysis. Three types of intervention methods were distinguished on the basis of learners' participation in the training process: least engaging (lecture, pamphlets, videos), moderately engaging (programmed instruction, feedback interventions), and most engaging (training in behavioral modeling, hands-on training). Results. As training methods became more engaging (i.e., requiring trainees' active participation), workers demonstrated greater knowledge acquisition, and reductions were seen in accidents, illnesses, and injuries. All methods of training produced meaningful behavioral performance improvements. Conclusions. Training involving behavioral modeling, a substantial amount of practice, and dialogue is generally more effective than other methods of safety and health training. The present findings challenge the current emphasis on more passive computer-based and distance training methods within the public health workforce.",,
DES-110,28795,SCOPUS_ID:85056722999,10.1093/eurpub/cky095,A qualitative study on primary health care responses to intimate partner violence during the economic crisis in Spain,European Journal Of Public Health,2018,Qualitative,Qualitative,Qualitative,Other/None,Qualitative,Qualitative,False,False,False,False,True,,"Background: The objective of this study was to explore how health professionals perceived the effect of the economic crisis and associated austerity measures on the detection of and cares for intimate partner violence (IPV) in primary care in Spain. Methods: Qualitative study designed using semi-structured interviews carried out with 145 health professionals in 16 primary health care centres in different regions of Spain. An inductive thematic analysis was made of the transcriptions. Results: Three main themes were identified: ‘Women endure more violence during times of economic crisis’, ‘Fewer resources, fewer professionals and less time to respond to IPV’ and ‘Professionals’ motivation as a requirement to respond to IPV’. Professionals perceived that economic precariousness triggered violence against women and made women more hesitant to put an end to violent relationships. They also reported that the austerity measures applied to primary health care negatively affected their ability to detect and adequately care for cases of IPV due to a heavy workload, reduced human resources, difficulties in training and the loss of resources to which women could be referred. To counteract these obstacles, health professionals’ motivation played a vital role in the response to IPV. Conclusions: Institutional efforts to organize awareness programmes and training in order to improve and promote early diagnosis, care and rehabilitation of these women cannot stop during times of crisis and primary health care centres should facilitate health professionals’ access to these programmes.",,
DES-111,31809,SCOPUS_ID:0035093497,10.1093/ije/30.1.88,Birthweight and behavioural problems in children: A modifiable effect?,International Journal Of Epidemiology,2001,Other/None,Cross-sectional,Cross-sectional,Other/None,Cross-sectional,Cross-sectional,False,False,False,False,False,Behavioural problems; Birthweight; Children; Health inequalities; SDQ; Social environment,"Background. Low birthweight has been shown to predict behavioural problems in children. Less is known about the effect of birthweight, and how this may interact with the social environment in determining behaviour in a general population sample. We have examined the relationship between birthweight and social factors on childhood psychological well-being. Methods. Cross-sectional analysis of data on 5181 children aged 4-15 years from a randomly selected household population, the 1997 Health Survey for England. The main outcome measures were behavioural problems as defined by the Strengths and Difficulties Questionnaire (SDQ) in relation to birthweight and social environmental factors. Results. Birthweight was a significant predictor of total difficulties score (odds ratio [OR] = 1.27, 95% CI: 1.O7, 1.49), hyperactivity in boys (OR = 1.25, 95% CI: 1.05, 1.51), and peer problems in girls (OR = 1.24, 95% CI: 0.99, 1.53). There was a strong social class gradient in the prevalence of behavioural problems for all birthweight tertiles. Bivariate analysis showed that high total difficulties score was significantly more common in lower birthweight tertiles for social classes III non-manual and III manual (P-value for trend 0.05 and 0.03, respectively). There were smaller, non-significant effects of birthweight on the prevalence of behavioural problems in social class I and II, and IV and V. Statistical tests for an interaction between birthweight and social class were not significant. Conclusions. Early life factors, such as birthweight and social class have important influences on psychological well-being in children. The birthweight effect is influenced by social factors, with the possibility that an advantaged social environment protects against the development of behavioural problems, and a disadvantaged environment increases the risk of behavioural problems, regardless of birthweight.",,
DES-112,32918,SCOPUS_ID:79953727246,10.1093/ije/dyp336,An evaluation of the impact of a large reduction in alcohol prices on alcohol-related and all-cause mortality: Time series analysis of a population-based natural experiment,International Journal Of Epidemiology,2011,Quasi-experimental,Ecological / Time-series,Quasi-experimental,Other/None,Quasi-experimental,Other/None,False,True,False,True,False,Alcohol drinking; Alcohol-related disorders; Cardiovascular diseases; Commerce; Economics; Mortality,"Background: We examined the effect of a large reduction in the price of alcohol that occurred in Finland in 2004 on alcohol-related and all-cause mortality, and mortality due to cardiovascular diseases (CVDs) from which alcohol-attributable cases were excluded. Methods: Time series intervention analysis modelling was applied to the monthly aggregations of deaths in Finland for the period 1996-2006 to assess the impact of the reduction in alcohol prices. Alcohol-related mortality was defined using information on both underlying and contributory causes of death. Analyses were carried out for men and women aged 15-39, 40-49, 50-69 and >69 years. Results: Alcohol-related deaths increased in men aged 40-49 years, and in men and women aged 50-69 years, after the price reduction when trends and seasonal variation were taken into account: the mean rate of alcohol-related mortality increased by 17% [95% confidence interval (CI) 1.5, 33.7], 14% (95% CI 1.1, 28.0) and 40% (95% CI) 7.1, 81.7), respectively, which implies 2.5, 2.9 and 1.6 additional monthly deaths per 100 000 person-years following the price reduction. In contrast to alcohol-related mortality, CVD and all-cause mortality decreased: among men and women aged >69 years a decrease of 7 and 10%, respectively, in CVD mortality implied 19 and 25 fewer monthly deaths per 100 000 person-years, and a decrease of 7 and 14%, respectively, in all-cause mortality similarly implied 42 and 69 fewer monthly deaths. Conclusion: These results obtained from the time series analyses suggest that the reduction in alcohol prices led to an increase in alcohol-related mortality, except in persons <40 years of age. However, it appears that beneficial effects in older age, when CVD deaths are prevalent, counter-balance these adverse effects, at least to some extent. Published by Oxford University Press on behalf of the International Epidemiological Association © The Author 2010; all rights reserved.",,
DES-113,22992,SCOPUS_ID:84894105484,10.1097/ede.0000000000000042,Cause-specific mortality among spouses of parkinson disease patients,Epidemiology,2014,Other/None,Other/None,Other/None,Other/None,Other/None,Other/None,False,False,False,False,False,,"BACKGROUND:: Caring for a chronically ill spouse is stressful, but the health effects of caregiving are not fully understood. We studied the effect on mortality of being married to a person with Parkinson disease. METHODS:: All patients in Denmark with a first-time hospitalization for Parkinson disease between 1986 and 2009 were identified, and each case was matched to five population controls. We further identified all spouses of those with Parkinson disease (n = 8,515) and also the spouses of controls (n = 43,432). All spouses were followed in nationwide registries until 2011. RESULTS:: Among men, being married to a Parkinson disease patient was associated with a slightly higher risk of all-cause mortality (hazard ratio = 1.06 [95% confidence interval = 1.00-1.11]). Mortality was particularly high for death due to external causes (1.42 [1.09-1.84]) including suicide (1.89 [1.05-3.42]) and death from undefined symptoms/abnormal findings (1.25 [1.07-1.47]). Censoring at the time of death of the patient attenuated the findings for all-cause mortality in husbands (1.02 [0.95-1.09]), indicating that part of the association is with bereavement. Still, living with a person with Parkinson disease 5 years after first Parkinson hospitalization was associated with higher risk of all-cause mortality for both husbands (1.15 [1.07-1.23]) and wives (1.11 [1.04-1.17]). CONCLUSIONS:: Caring for a spouse with a serious chronic illness is associated with a slight but consistent elevation in mortality risk. Copyright © 2014 by Lippincott Williams & Wilkins.",,
DES-114,16955,SCOPUS_ID:34948844524,10.2105/ajph.2006.090399,The effect of disseminating evidence-based interventions that promote physical activity to health departments,American Journal Of Public Health,2007,Other/None,Quasi-experimental,Quasi-experimental,Other/None,Quasi-experimental,Quasi-experimental,False,True,False,True,True,,"Objectives. We explored the effect of disseminating evidence-based guidelines that promote physical activity on US health department organizational practices in the United States. Methods. We implemented a quasi-experimental design to examine changes in the dissemination of suggested guidelines to promote physical activity (The Guide to Community Preventive Services) in 8 study states; the remaining states and the Virgin Islands served as the comparison group. Guidelines were disseminated through workshops, ongoing technical assistance, and the distribution of an instructional CD-ROM. The main evaluation tool was a pre- and postdissemination survey administered to state and local health department staffs (baseline n=154; follow-up n=124). Results. After guidelines were disseminated through workshops, knowledge of and skill in 11 intervention-related characteristics increased from baseline to follow-up. Awareness-related characteristics tended to increase more among local respondents than among state participants. Intervention adoption and implementation showed a pattern of increase among state practitioners but findings were mixed among local respondents. Conclusions. Our exploratory study provides several dissemination approaches that should be considered by practitioners as they seek to promote physical activity in the populations they serve.",,
DES-115,27305,SCOPUS_ID:3042555349,10.1093/eurpub/14.2.212,Social position and functional decline among non-disabled old men and women,European Journal Of Public Health,2004,Other/None,Other/None,Other/None,Other/None,Other/None,Other/None,False,False,False,False,False,Changes; Disability; Elderly; Material wealth; Social inequalities; Social position,"Background: To examine the relation between different aspects of social position and functional decline at 5 year follow-up in 75 year old men and women. Methods: The study includes 606 non-disabled 75 year old participants living in Glostrup, Denmark. Functional ability was measured by the Mob-H Scale which measures need of help in six common mobility activities. Three outcome measures were used: a) functional decline, alive, b) functional decline, including death, and c) death. Measures of social position were vocational training, income and tenure. Results: Income and tenure which reflect material wealth were related to functional decline and death in both men and women, but the patterns differed: housing tenure was related to functional decline and death among the men, while income was related to functional decline and death among the women. The associations were not attenuated when adjusted by behavioural factors. Conclusion: The results indicate that poor material wealth is associated with functional decline independent of behavioural factors in a selected population of non-disabled older adults. Thus, the cumulative influence of material wealth throughout the life-course cannot be avoided in old age just by a healthy behaviour once you have reached old age.",,
DES-116,28814,SCOPUS_ID:85059287281,10.1093/eurpub/cky013,Changes in physical and mental health functioning during retirement transition: A register-linkage follow-up study,European Journal Of Public Health,2018,Cohort,Other/None,Cohort,Other/None,Cohort,Cohort,False,False,False,False,False,,"Background: Changes in health functioning over different retirement transitions are poorly understood. This study aimed to examine associations between transition into statutory, disability and part-time retirement, and changes in health functioning. Methods: Survey data were collected among ageing employees of the City of Helsinki, Finland, at three phases: (i) (2000–02), (ii) (2007) and (iii) (2012). Physical and mental health functioning were measured using the Short-Form 36 questionnaire at each phase. Retirees between phases 1 and 3 were identified from the national registers of the Finnish Centre for Pensions: full-time statutory retirement (n = 1464), part-time retirement (n = 404), and disability retirement (n = 462). Generalized estimating equations were used to examine the associations. Results: Disability retirees had poorer pre- and post-retirement health functioning compared to statutory and part-time retirees. Statutory and part-time retirement were associated with no or only small changes in physical health functioning during retirement transition ( 0.1, 95% CI 0.3 to 0.5 and 1.0, 1.8 to 0.1, respectively), whereas a clear decline in functioning was observed among disability retirees (4.3, 5.4 to 3.2). Mental health functioning improved during the retirement transition among statutory and part-time retirees (1.9, 1.4–2.4 and 2.0, 1.0–3.0, respectively), whereas no change was observed for disability retirees. Conclusions: Transition to disability retirement led to a decrease in physical health functioning, and statutory retirement to a slight improvement in mental health functioning. Evidence on changes in physical and mental health functioning during retirement transition process may provide useful information for interventions to promote healthy ageing.",,
DES-117,25601,SCOPUS_ID:77953232402,10.1007/s10654-010-9431-y,A successful implementation of e-epidemiology: The Danish pregnancy planning study 'Snart-Gravid',European Journal Of Epidemiology,2010,Other/None,Cohort,Cohort,Cohort,Cohort,Cohort,False,False,False,False,False,Cost efficiency; Feasibility; Internet-based recruitment and follow-up; Pregnancy planning study; Prospective cohort,"The attraction of being able to use the internet for the recruitment of an epidemiologic cohort stems mainly from cost efficiency and convenience. The pregnancy planning study ('Snart-Gravid')-a prospective cohort study of Danish women planning a pregnancy-was conducted to evaluate the feasibility and cost efficiency of using internet-based recruitment and follow-up. Feasibility was assessed by examining patient accrual data over time, questionnaire-specific response rates and losses to follow-up. The relative cost efficiency was examined by comparing the study costs with those of an alternative non internet-based study approach. The target recruitment of 2,500 participants over 6 months was achieved using advertisements on a health-related website, supported by a coordinated media strategy at study initiation. Questionnaire cycle-specific response rates ranged from 87 to 90% over the 12-month follow-up. At 6 months, 87% of women had a known outcome or were still under follow-up; at 12 months the figure was 82%. The study cost of $400,000 ($160 per enrolled subject) compared favorably with the estimated cost to conduct the same study using a conventional non-internet based approach ($322 per subject). The gain in efficiency with the internet-based approach appeared to be even more substantial with longer follow-up and larger study sizes. The successful conduct of this pilot study suggests that the internet may be a useful tool to recruit and follow subjects in prospective cohort studies. © 2010 Springer Science+Business Media B.V.",,
DES-118,16508,SCOPUS_ID:24144456535,10.2105/ajph.2004.044743,Prevalence of physical activity among Chinese adults: Results from the International Collaborative Study of Cardiovascular Disease in Asia,American Journal Of Public Health,2005,Other/None,Other/None,Other/None,Other/None,Other/None,Other/None,False,False,False,False,True,,"Objectives. Determining physical activity levels in the community provides a context for the development and implementation of programs aimed at increasing these activity levels. Therefore, we assessed overall, work-related, and leisure-time physical activity in a representative sample of Chinese adults, aged 35 to 74 years, using data from the International Collaborative Study of Cardiovascular Disease in Asia. Methods. Being physically active was defined as participating in 30 or more minutes of moderate or vigorous activity daily. Work-related and leisure-time physical activities were defined as being physically active and participating in any moderate or vigorous activity at work or during leisure time, respectively. Results. In rural and urban China, 78.1% and 21.8% of residents, respectively, were physically active; 75.8% and 16.5%, respectively, participated in work-related activity; and 28.9% and 7.9%, respectively, participated in leisure-time physical activity. In both rural and urban settings, younger adults, men, and southern residents were more likely to be physically active and to participate in work-related and leisure-time physical activity than older adults, women, and northern residents. Conclusions. Intervention strategies to promote leisure-time physical activity, especially among urban residents, should be considered a major health priority in China.",,
DES-119,18782,SCOPUS_ID:84907829497,10.2105/ajph.2014.302116,Factors influencing parental involvement among minors seeking an abortion: A qualitative study,American Journal Of Public Health,2014,Qualitative,Other/None,Qualitative,Other/None,Qualitative,Qualitative,False,False,False,False,False,,"Objectives. We explored factors that influenced whether minors involved or excluded a parent when seeking an abortion. Methods. In the summer of 2010, we conducted interviews with 30 minors who sought an abortion in a state that did not require parental involvement at the time. Interviews were coded and analyzed following the principles of the grounded theory method. Results. The majority of minors involved a parent. Commonly cited factors were close or supportive parental relationships, a sense that disclosure was inevitable, a need for practical assistance, and compelled disclosure. Motivations for not wanting to involve a parent, although some minors ultimately did, included preservation of the parent-daughter relationship, fear or detachment, and preservation of autonomy. Conclusions. Minors were motivated to involve parents and other adults who were engaged in their lives at the time of the pregnancy, particularly those who supported them in obtaining an abortion. Motivations to exclude a parent were often based on particular family circumstances or experiences that suggested that involvement would not be helpful, might be harmful, or might restrict a minor's ability to obtain an abortion.",,
DES-120,18298,SCOPUS_ID:84857327491,10.2105/ajph.2011.300470,Sleep disturbance preceding suicide among veterans,American Journal Of Public Health,2012,Other/None,Other/None,Other/None,Other/None,Other/None,Other/None,False,False,False,False,False,,"Objectives: We examined the role of sleep disturbance in time to suicide since the last treatment visit among veterans receiving Veterans Health Administration (VHA) services. Methods: Among 423 veteran suicide decedents from 2 geographic areas, systematic chart reviews were conducted on the 381 (90.1%) who had a VHA visit in the last year of life. Veteran suicides with a documented sleep disturbance (45.4%) were compared with those without sleep disturbance (54.6%) on time to death since their last VHA visit using an accelerated failure time model. Results: Veterans with sleep disturbance died sooner after their last visit than did those without sleep disturbance, after we adjusted for the presence of mental health or substance use symptoms, age, and region. Conclusions: Findings indicated that sleep disturbance was associated with time to suicide in this sample of veterans who died by suicide. The findings had implications for using the presence of sleep disturbance to detect near-term risk for suicide and suggested that sleep disturbance might provide an important intervention target for a subgroup of at-risk veterans.",,
DES-121,44524,SCOPUS_ID:85087292947,10.1016/j.ypmed.2020.106186,"The impact of the Great Recession on California domestic violence events, and related hospitalizations and emergency service visits",Preventive Medicine,2020,Other/None,Ecological / Time-series,Ecological / Time-series,Other/None,Ecological / Time-series,Ecological / Time-series,False,False,False,False,True,Domestic violence; Hospitalizations; Social determinants,"Objective: Explore the impact of the Great Recession on domestic violence (DV) related hospitalizations and emergency department (ED) visits in California. Methods: Hospital and ED data were drawn from California's Office of Statewide Health Planning and Development (OSHPD). DV-related hospitalizations and ED visits in California were analyzed between January 2000 and September 2015 (53,596), along with total medical costs. Time series were divided into pre-recession (Jan 2000-Nov 2007) and recession/post-recession (Dec 2007-Sept 2015) periods. Results: The medical cost of DV-related hospitalizations alone was estimated as $1,136,165,861. A dramatic increase in DV episodes was found potentially associated with the Great Recession. The number of ED visits per month tripled from pre- to post-recession (104.9 vs. 290.6), along with an increased number of hospitalizations (77.1 vs. 95.6); African Americans and Native Americans were disproportionally impacted. In addition, psychiatric comorbidities, severe DV episodes, in-hospital mortality and charge per hospitalization escalated. The rise in DV hospitalizations and ED visits beginning in December 2007 was mainly attributable to physical abuse episodes in adults; minors had no change in DV trends. Discussion: Recessions are frequent in modern economies and are repeated cyclically. Our study provides critical information on the effects of the 2007 financial crisis on DV-related healthcare service utilization in California. Given the current financial crisis associated with COVID-19, which expert predict could extend for years, the results from this study shine a spotlight on the importance of DV-related screening, prevention and response.",,
DES-122,19114,SCOPUS_ID:84896533492,10.2105/ajph.2013.301666,Social branding to decrease smoking among young adults in bars,American Journal Of Public Health,2014,Other/None,Cross-sectional,Cross-sectional,Other/None,Cross-sectional,Cross-sectional,False,False,False,False,False,,"Objectives. We evaluated a Social Branding antitobacco intervention for ""hipster"" young adults that was implemented between 2008 and 2011 in San Diego, California. Methods. We conducted repeated cross-sectional surveys of random samples of young adults going to bars at baseline and over a 3-year follow-up. We used multinomial logistic regression to evaluate changes in daily smoking, nondaily smoking, and binge drinking, controlling for demographic characteristics, alcohol use, advertising receptivity, trend sensitivity, and tobacco-related attitudes. Results. During the intervention, current (past 30 day) smoking decreased from 57% (baseline) to 48% (at follow-up 3; P = .002), and daily smoking decreased from 22% to 15% (P > .001). There were significant interactions between hipster affiliation and alcohol use on smoking. Among hipster binge drinkers, the odds of daily smoking (odds ratio [OR] = 0.44; 95% confidence interval [CI] = 0.30, 0.63) and nondaily smoking (OR = 0.57; 95% CI = 0.42, 0.77) decreased significantly at follow-up 3. Binge drinking also decreased significantly at follow-up 3 (OR = 0.64; 95% CI = 0.53, 0.78). Conclusions. Social Branding campaigns are a promising strategy to decrease smoking in young adult bar patrons.",,
DES-123,7492,SCOPUS_ID:85139573237,10.1093/aje/kwac123,Lifetime Exposure to Welding Fumes and Risk of Some Rare Cancers,American Journal Of Epidemiology,2022,Other/None,Case-control,Case-control,Other/None,Case-control,Case-control,False,False,False,False,False,biliary tract cancer; bone cancer; male breast cancer; mycosis fungoides; small intestine cancer; thymus cancer; uveal melanoma; welder,"We investigated the association between exposure to welding fumes and the risk of biliary tract, male breast, bone, and thymus cancer, as well as cancer of the small intestine, eye melanoma, and mycosis fungoides, among men in a European, multicenter case-control study. From 1995-1997, 644 cases and 1,959 control subjects from 7 countries were studied with respect to information on welding and potential confounders. We linked the welding histories of the participants with a measurement-based exposure matrix to calculate lifetime exposure to welding fumes. Odds ratios (ORs) and 95% confidence intervals (CIs) were estimated using logistic regression models, conditional on country and 5-year age groups, and adjusted for education and relevant confounders. Regular welding was associated with an increased risk of cancer of the small intestine (OR = 2.30, 95% CI: 1.17, 4.50). Lifetime exposure to welding fumes above the median of exposed controls was associated with an increased risk of cancer of the small intestine (OR = 2.00, 95% CI: 1.07, 3.72) and male breast (OR = 2.07, 95% CI: 1.14, 3.77), and some elevation in risk was apparent for bone cancer (OR = 1.92, 95% CI: 0.85, 4.34) with increasing lifetime exposure to welding fumes. Welding fumes could contribute to an increased risk of some rare cancers.",,
DES-124,9110,SCOPUS_ID:22244440177,10.1016/j.amepre.2005.04.004,Screen-viewing behaviors among preschoolers: Parents' perceptions,American Journal Of Preventive Medicine,2005,Other/None,Qualitative,Qualitative,Other/None,Qualitative,Qualitative,False,False,False,False,True,,"Background: Childhood obesity has emerged as a public health concern in Canada. It has been suggested that excessive screen viewing (i.e., television, computer, video) is a major factor contributing to the increased risk of obesity in children. Exploring young children's experiences with this modifiable behavior may be beneficial to the creation of a multifaceted program aimed at the primary prevention of obesity. Objectives: To seek parents' perceptions and insights pertaining to their preschoolers' screen-viewing behaviors. Methods: This qualitative study targeted a heterogeneous sample of parents with children aged 2.5 to 5 years. Two experienced moderators using a semistructured interview guide conducted the ten focus groups between September and November 2003. All focus groups were audio-recorded and transcribed verbatim. In fall 2003 to spring 2004, inductive content analysis was conducted independently by a minimum of two qualitative researchers. Results: Many parents were not concerned with the amount of screen viewing their children engaged in, although the content of what was on the screen was of particular interest to them. Very few parents seemed to appreciate the linkage between preschoolers' screen-viewing habits and their potential risk for obesity. Conclusions: Public health interventions are needed to increase parents' awareness with respect to the harmful effects of excessive screen viewing in preschoolers. © 2005 American Journal of Preventive Medicine.",,
DES-125,21491,SCOPUS_ID:0343472105,10.1097/00001648-199701000-00003,Individual nonsteroidal antiinflammatory drugs and other risk factors for upper gastrointestinal bleeding and perforation,Epidemiology,1997,Other/None,Case-control,Case-control,Other/None,Case-control,Case-control,False,False,False,False,False,age; corticosteroids; drug interaction; drug utilization; gastrointestinal toxicity; medical record linkage; nonsteroidal antiinflammatory agents,"We conducted a nested case-control study of 1,377 cases of tapper gastrointestinal bleeding or perforation (UGIB) and 10,000 controls to evaluate the association of individual nonsteroidal antiinflammatory drugs (NSAIDs), utilization characteristics, and other risk factors for these conditions. Age was the strongest risk factor for UGIB. Male gender, history of complicated peptic ulcer disease, and current use of steroids were also risk factors for UGIB. The adjusted odds ratio (OR) for current NSAID use was 4.3 [95% confidence interval (CI) = 3.7-5.0]. The ORs for current NSAID use were similar for fatal cases and for the gastric, duodenal, prepyloric, and multiple sites of lesion, but the OR was substantially increased for perforations (OR = 16.9; 95% CI = 9.1-31.5). Women age 80 years or older experienced the greatest effect of NSAID use. Current users of multiple NSAIDs and recent switchers showed ORs of 9.0 and 6.2, respectively. Ibuprofen showed the lowest OR and diflunisal, the highest. ORs for low, medium, and high NSAID daily dose were 2.9, 4.2, and 5.8, respectively. This trend was present among new, short-term, and long-term users. Simultaneous use of multiple NSAIDs as well as use of a single individual NSAID at high doses greatly increases the risk of complicated peptic ulcer disease.",,
DES-126,24890,SCOPUS_ID:0041803237,10.1023/a:1024620617272,Evaluating a campaign to detect early stage breast tumors in the United States,European Journal Of Epidemiology,2003,Other/None,Ecological / Time-series,Ecological / Time-series,Other/None,Ecological / Time-series,Ecological / Time-series,False,False,False,False,False,Breast cancer; Community campaigns; Evaluation,"Growing concern over failure to detect early stage breast cancer has led communities across the United States to participate in the Breast Cancer Awareness Month program. This program mobilizes local public and private institutions, particularly the media, to reach a large audience each October with information on salutary behaviors, including screening, and on resources that can assist newly motivated audiences to adopt the behaviors. Although the scholarly literature includes no assessments of the effect of the program on the actual detection of early stage breast tumors, similar programs targeting other illnesses (e.g., AIDS) are quickly emerging. We attempt such an assessment by applying time-series designs to 92 quarters (beginning January, 1975) of data obtained from cancer registries in the Atlanta and Detroit metropolitan areas as well as in the San Francisco Bay Area. We find that the detection of in situ and local breast tumors increased in all three communities during the quarters that included Breast Cancer Awareness Month. We conclude that community mobilization may have its intended benefit but suggest that community organizers not ignore unintended costs including the emotional and physical sequelae of false positives.",,
DES-127,44870,SCOPUS_ID:85104075810,10.1016/j.ypmed.2021.106548,Effect of Washington State and Colorado's cannabis legalization on death by suicides,Preventive Medicine,2021,Other/None,Quasi-experimental,Quasi-experimental,Quasi-experimental,Quasi-experimental,Quasi-experimental,False,True,False,True,False,Death by suicide; Health policy; Quantitative evaluation; Synthetic control modeling,"In the U.S., death by suicide is a leading cause of death and was the 2nd leading cause of death for ages 15-to-34 in 2018. Though incomplete, much of the scientific literature has found associations between cannabis use and death by suicide. Several states and the District of Columbia have legalized cannabis for general adult use. We sought to evaluate whether cannabis legalization has impacted suicide rates in Washington State and Colorado, two early adopters. We used a quasi-experimental research design with annual, state-level deaths by suicide to evaluate the legalization of cannabis in Washington State and Colorado. We used synthetic control models to construct policy counterfactuals as our primary method of estimating the effect of legalization, stratified by age, gender, and race/ethnicity. Overall death by suicide rates were not impacted in either state. However, when stratified by age categories, deaths by suicide increased 17.9% among 15–24-year-olds in Washington State, or an additional 2.13 deaths per 100,000 population (p-value ≤0.001). Other age groups did not show similar associations. An ad hoc analysis revealed, when divided into legal and illegal consumption age, 15–20-year olds had an increase in death by suicides of 21.2% (p-value = 0.026) and 21–24-year olds had an increase in death by suicides of 18.6% (p-value ≤0.001) in Washington State. The effect of legalized cannabis on deaths by suicide appears to be heterogeneous. Deaths by suicide among 15–24-year-olds saw significant increases post-implementation in Washington State but not in Colorado.",,
DES-128,29207,SCOPUS_ID:85089922239,10.1093/eurpub/ckaa073,Sexual health services in community pharmacy for women on opioid substitution treatment: A qualitative study,European Journal Of Public Health,2020,Qualitative,Other/None,Qualitative,Other/None,Qualitative,Qualitative,False,False,False,False,True,,"Background: Women on opioid substitution treatment (WOST) are at heightened risk for the sexual transmission of sexually transmitted infections and blood-borne viruses. This study aimed to explore the opportunities to promote their sexual health in community pharmacies in UK. Methods: Semi-structured interviews were conducted with 20 WOST and 14 community pharmacists (CPs). A focus group was run with three CPs. Participants were recruited in drug services and a service for sex workers (WOST), and in CP. Data collection took place between October 2016 and September 2017. Data were analyzed using Framework Analysis and directed Content Analysis. Results: CPs could play a role in promoting sexual health among WOST. Sexual health screening, treatment and condom supply were suggested as potential ways of delivering pharmacy-based sexual health services. These services should be actively offered to WOST, delivered in a private space and free of cost. We identified several challenges to overcome in order to design and implement sexual health services for WOST in community pharmacies. Conclusions: This study highlights the potentially key role CPs can have promoting sexual health and addressing health inequities among WOST. Improvements in pharmacists' training are required in order to address stigma towards WOST, and promote trust and positive rapport. Structural changes are also needed to broaden the services available for this group of women and improve their access to healthcare.",,
DES-129,4616,SCOPUS_ID:70349662171,10.1093/aje/kwp217,Air pollution and hospitalization for headache in Chile,American Journal Of Epidemiology,2009,Other/None,Ecological / Time-series,Ecological / Time-series,Other/None,Ecological / Time-series,Ecological / Time-series,False,False,False,False,False,Air pollution; Environment; Headache,"The authors performed a time-series analysis to test the association between air pollution and daily numbers of hospitalizations for headache in 7 Chilean urban centers during the period 2001-2005. Results were adjusted for day of the week and humidex. Three categories of headache - migraine, headache with cause specified, and headache not otherwise specified - were all associated with air pollution. Relative risks for migraine associated with interquartile-range increases in specific air pollutants were as follows: 1.11 (95% confidence interval (CI): 1.06, 1.17) for a 1.15-ppm increase in carbon monoxide; 1.11 (95% CI: 1.06, 1.17) for a 28.97-μg/m3 increase in nitrogen dioxide; 1.10 (95% CI: 1.04, 1.17) for a 6.20-ppb increase in sulfur dioxide; 1.17 (95% CI: 1.08, 1.26) for a 69.51-ppb increase in ozone; 1.11 (95% CI: 1.00, 1.19) for a 21.51-μg/m3 increase in particulate matter less than 2.5 μm in aerodynamic diameter (PM2.5); and 1.10 (95% CI: 1.04, 1.15) for a 37.79-μg/m3 increase in particulate matter less than 10 μm in aerodynamic diameter (PM10). There was no significant effect modification by age, sex, or season. The authors conclude that air pollution appears to increase the risk of headache in Santiago Province. If the relation is causal, the morbidity associated with headache should be considered when estimating the burden of illness and costs associated with poor air quality.",,
DES-130,10310,SCOPUS_ID:83755172598,10.1016/j.amepre.2011.08.028,"Fax referrals, academic detailing, and tobacco quitline use: A randomized trial",American Journal Of Preventive Medicine,2012,Experimental,Other/None,Experimental,Other/None,Experimental,Experimental,False,False,False,False,False,,"Fax referral programs quickly and economically can link smokers' visiting primary care clinics to state-based telephone quitlines. Yet, it is unclear how to optimize use of this strategy. To evaluate the potential of enhanced academic detailing in clinics (i.e., on-site training, technical assistance, and performance feedback) to boost utilization of a fax referral program called Fax to Quit. Participants were randomized to one of two intervention conditions. Participants were drawn from 49 primary care clinics in southeastern Wisconsin. The sample size was based on a power analysis in which the control intervention condition was estimated to generate 0.5 referrals/clinic/month and the experimental condition 2.0 referrals/clinic/month. One of two fax referral program interventions was administered: the control condition Fax to QuitOnly (F2Q-Only) or the experimental condition Fax to Quit plus Enhanced Academic Detailing (F2Q+EAD). Clinic- and clinician-specific referral and quality referral rates (those resulting in quitline enrollment) were measured for 13 months post-intervention, starting in March 2009. Mean number of post-intervention referrals/clinician to the Wisconsin Tobacco Quitline was 5.6 times greater for F2Q+EAD (8.5, SD=7.0) compared to F2Q-Only (1.6, SD=3.6, p<0.001). The F2Q+EAD (4.8, SD=4.1) condition produced a greater mean number of quality referrals/clinician than did the F2Q-Only (0.86, SD=1.8, p<0.001) condition. Data were analyzed in 2010. Enhanced academic detailing, which included on-site training, technical assistance, and performance feedback, increased the number of referrals more than fivefold over a fax referral program implemented without such enhanced academic detailing.",,
DES-131,45198,SCOPUS_ID:85129032728,10.1016/j.ypmed.2022.107065,"Association of prenatal substance use with prenatal and postpartum care: Evidence from the Pregnancy Risk Assessment Monitoring System, 2016–2019",Preventive Medicine,2022,Other/None,Qualitative,Qualitative,Other/None,Qualitative,Qualitative,False,False,False,False,False,Intrapartum care; Postpartum care; Prenatal care; Substance use,"The objective of this study was to build on existing qualitative research to estimate the association of prenatal substance use with prenatal and postpartum care. We used data from the 2016–2019 Pregnancy Risk Assessment Monitoring System for 9 states. We conducted adjusted linear regression to compare month of gestation of first prenatal visit and adjusted logistic regression to compare receipt of adequate prenatal care and a postpartum healthcare visit among women who reported prenatal use of any opioids, prescription opioids, marijuana, and illicit drugs to those who did not report use of each substance. Women who reported prenatal use of any opioids (Risk Difference(RD) = 0.16; 95% Confidence Interval (CI) = 0.04, 0.28), prescription opioids (RD = 0.16; 95% CI = 0.04, 0.28), marijuana (RD = 0.25; 95% CI = 0.10, 0.41) and illicit drugs (RD = 0.52; 95% CI = 0.09, 0.95) initiated prenatal care later than those who did not report use of each substance. Women who reported prenatal use of any opioid (Odds Ratio (OR) = 0.82; 95% CI = 0.68, 1.00), prescription opioids (OR = 0.84; 95% CI = 0.69, 1.02), marijuana (OR = 0.59; 95% CI = 0.48, 0.73) and illicit drugs (OR = 0.29; 95% CI = 0.20, 0.42) were less likely to receive adequate prenatal care. Women who reported prenatal use of any opioid (OR = 0.82, 95% CI = 0.65, 1.04), prescription opioids (OR = 0.83; 95% CI = 0.66, 1.05), marijuana (OR = 0.65; 95% CI = 0.51, 0.82) and illicit drugs (OR = 0.47; 95% CI = 0.30, 0.72) had a lower likelihood of a postpartum visit than those who did not report use of each substance. Results indicate potential intervention points for pregnant women who use substances.",,
DES-132,38857,SCOPUS_ID:85165157871,10.1136/jech-2022-220030,Alcohol use and internal migration in Nepal: A cross-sectional study,Journal Of Epidemiology And Community Health,2023,Cross-sectional,Other/None,Cross-sectional,Other/None,Cross-sectional,Cross-sectional,False,False,False,False,True,ALCOHOLISM; DEMOGRAPHY; HUMAN MIGRATION; MENTAL HEALTH,"Background Alcohol use is a leading cause of disease. Although low- and middle-income countries (LMICs) have lower per capita alcohol consumption, the alcohol-attributable disease burden is high in these settings with consumption increasing. LMICs are also experiencing unprecedented levels of internal migration, potentially increasing mental stress, changing social restrictions on drinking, and increasing alcohol availability. We assessed the relationship between internal migration, opportunity to drink, and the transition from first use to regular alcohol use and alcohol use disorders (AUD) in Nepal, a low-income, South Asian country. Methods A representative sample of 7435 individuals, aged 15-59 from Nepal were interviewed in 2016-2018 (93% response rate) with clinically validated measures of alcohol use and disorders and life history calendar measures of lifetime migration experiences. Discrete-time hazard models assessed associations between migration and alcohol use outcomes. Results Net of individual sociodemographic characteristics, internal migration was associated with increased odds of opportunity to drink (OR 1.32, 95% CI 1.14 to 1.53), onset of regular alcohol use given lifetime use (OR 1.29, 95% CI 1.13 to 1.48) and AUD given lifetime use (OR 1.24, 95% CI 0.99 to 1.57). The statistically significant association between internal migration and opportunity to drink was specific to females, whereas the associations between migration and regular use and disorder were statistically significant for males. Conclusions Despite high rates of internal migration worldwide, most research studying migration and alcohol use focuses on international migrants. Findings suggest that internal migrants are at increased risk to transition into alcohol use and disorders. Support services for internal migrants could prevent problematic alcohol use among this underserved population.",,
DES-133,45353,SCOPUS_ID:85166925724,10.1016/j.ypmed.2023.107594,"Effective, but underused: lessons learned implementing contingency management in real-world practice settings in the United States",Preventive Medicine,2023,Other/None,Other/None,Other/None,Other/None,Other/None,Other/None,False,False,False,False,True,Addiction technology transfer center; Contingency management; Implementation; Incentives; Lessons; Training,"Despite being one of the most effective adjunctive behavioral interventions in combination with medication for opioid use disorder, contingency management (CM) is one of the least available interventions in opioid treatment programs. This paradoxical state of affairs is perhaps the greatest example of the research-to-practice gap in the behavioral health field. Implementation science, a discipline that aims to identify replicable methods that can be used across settings and populations to bridge the gap between research and practice, can potentially help. Based on our team's experience implementing CM in opioid treatment programs, we detail five key lessons for researchers, clinicians, policy makers, and others seeking to implement and sustain CM in real-world settings. First, multiple barriers to CM implementation exist at both the counselor- and organization-levels, requiring multi-level solutions. Second, one-shot CM training alone is not sufficient for successful implementation: ongoing support is essential to achieve levels of intervention fidelity that will benefit patients. Third, assessing an organization's capacity for implementation prior to support provision can prevent costly mistakes. Fourth, implementors should plan for high staff turnover rates and expect the unexpected by developing detailed contingency plans. Finally, implementors should remember that the goal is to implement evidence-based CM and not simply incentives. We encourage colleagues to consider these lessons to increase the likelihood that CM can be implemented and sustained in a manner that improves the quality of care in opioid treatment programs.",,
DES-134,35231,SCOPUS_ID:18344411203,10.1136/jech.50.suppl_1.s42,Short term respiratory health effects of ambient air pollution: Results of the APHEA project in Paris,Journal Of Epidemiology And Community Health,1996,Other/None,Ecological / Time-series,Ecological / Time-series,Other/None,Ecological / Time-series,Ecological / Time-series,False,False,False,False,False,,"Study objective - To quantify the short term respiratory health effects of ambient air pollution in the Paris area. Design - Time series analysis of daily pollution levels using Poisson regression. Setting - Paris, 1987-92. Measurements and main results - Air pollution was monitored by measurement of black smoke (BS) (15 monitoring stations), sulphur dioxide (SO2), nitrogen dioxide (NO2), particulate matter less than 13 μm in diameter (PM13), and ozone (O3) (4 stations). Daily mortality and general admissions to public hospitals due to respiratory causes were considered. The statistical analysis was based on a time series procedure using linear regression modelling followed by a Poisson regression. Meteorological variables, epidemics of influenza A and B, and strikes of medical staff were included in the models. The mean daily concentration of PM13 and daily 1 hour maximum of SO2 significantly affected daily mortality from respiratory causes. An increase in the concentration of PM13 of 100 μg/m3 above its 5th centile value increased the risk of respiratory death by 17%. PM13 and BS were also associated with hospital admissions due to all respiratory diseases (4.1% increased risk when the BS level exceeded its 5th centile value by 100 μg/m3). SO2 levels consistently influenced hospital admissions for all respiratory diseases, chronic obstructive pulmonary disease, and asthma. Asthma was also correlated with NO2 levels. Conclusions - These results indicate that even though the relative risk is weak in areas with low levels of pollution, ambient air pollution, and especially particulate matter and SO2, nonetheless require attention because of the number of people exposed and the existence of high risk groups.",,
DES-135,30084,SCOPUS_ID:0025231692,10.1093/ije/19.1.42,Menopause-related changes in lipoproteins and some other cardiovascular risk factors,International Journal Of Epidemiology,1990,Other/None,Cross-sectional,Cross-sectional,Other/None,Cross-sectional,Cross-sectional,False,False,False,False,False,,"Bonithon-Kopp C (Unité de Recherche d′Epidémiologie Cardiovasculaire, INSERM U258, Hopital Broussais, 96 rue Didot, 75674 Paris, France), Scarabin P-Y, Darne B, Malmejac A and Guize L. Menopause-related changes in lipoproteins and some other cardiovascular risk factors. International Journal of Epidemiology 1990, 19: 42-48Changes in lipids, lipoproteins and other cardiovascular risk factors associated with the occurrence of menopause have been examined in a cross-sectional study of 435 healthy white women, aged 45-54 years not using sex hormones. Univariate analysis showed that total cholesterol, low density lipoprotein (LDL) cholesterol, apolipoprotein A1, apolipoprotein B, triglycerides, systolic blood pressure and fibrinogen were significantly higher in post menopausal women than in premenopausal women. High density lipoprotein (HDL) cholesterol, diastolic blood pressure and blood glucose did not change with menopausal status. After controlling for the effects of confounding variables (age, body mass index and smoking status), total cholesterol, LDL cholesterol, triglycerides, apolipoprotein B and systolic blood pressure remained significantly increased in postmenopausal women as compared with premenopausal women. Our findings add to epidemiological evidence that menopause adversely affects the lipid and lipoprotein metabolism and thus, may increase the risk of coronary heart disease. © 1990 International Epidemiological Association.",,
DES-136,35957,SCOPUS_ID:0037934010,10.1136/jech.57.10.784,Excess winter mortality in Europe: A cross country analysis identifying key risk factors,Journal Of Epidemiology And Community Health,2003,Other/None,Ecological / Time-series,Ecological / Time-series,Other/None,Ecological / Time-series,Ecological / Time-series,False,False,False,False,True,,"Objective: Much debate remains regarding why certain countries experience dramatically higher winter mortality. Potential causative factors other than cold exposure have rarely been analysed. Comparatively less research exists on excess winter deaths in southern Europe. Multiple time series data on a variety of risk factors are analysed against seasonal-mortality patterns in 14 European countries to identify key relations Subjects and setting: Excess winter deaths (all causes), 1988-97, EU-14. Design: Coefficients of seasonal variation in mortality are calculated for EU-14 using monthly mortality data. Comparable, longitudinal datasets on risk factors pertaining to climate, macroeconomy, health care, lifestyle, socioeconomics, and housing were also obtained. Poisson regression identifies seasonality relations over time. Results: Portugal suffers from the highest rates of excess winter mortality (28%, CI = 25% to 31%) followed jointly by Spain (21%, CI = 19% to 23%), and Ireland (21%, CI = 18% to 24%). Cross country variations in mean winter environmental temperature (regression coefficient (β) = 0.27), mean winter relative humidity (β = 0.54), parity adjusted per capita national income (β = 1.08), per capita health expenditure (β = -1.19), rates of income poverty (β = -0.47), inequality (β = 0.97), deprivation (β = 0.11), and fuel poverty (β = 0.44), and several indicators of residential thermal standards are found to be significantly related to variations in relative excess winter mortality at the 5% level. The strong, positive relation with environmental temperature and strong negative relation with thermal efficiency indicate that housing standards in southern and western Europe play strong parts in such seasonality. Conclusions: High seasonal mortality in southern and western Europe could be reduced through improved protection from the cold indoors, increased public spending on health care, and improved socioeconomic circumstances resulting in more equitable income distribution.",,
DES-137,7783,SCOPUS_ID:85212332215,10.1093/aje/kwae148,Statistical approaches for the integration of external controls in a cystic fibrosis clinical trial: A simulation and an application,American Journal Of Epidemiology,2024,Experimental,Experimental,Experimental,Other/None,Experimental,Experimental,True,True,False,True,False,bayesian borrowing; causal inference; cystic fibrosis; external controls; historical controls; pulmonary exacerbations,"Development of new therapeutics for a rare disease such as cystic fibrosis is hindered by challenges in accruing enough patients for clinical trials. Use of external controls from well-matched historical trials can reduce prospective trial sizes, and this approach has supported regulatory approval of new interventions for other rare diseases. Here we consider 3 statistical methods that incorporate external controls into a hypothetical clinical trial of a new treatment to reduce pulmonary exacerbations in cystic fibrosis patients: (1) inverse probability weighting, (2) bayesian modeling with propensity-score-based power priors, and (3) hierarchical bayesian modeling with commensurate priors. We compare the methods via simulation study and in a real clinical-trial data setting. Simulations showed that bias in the treatment effect was less than 4% using any of the methods, with type I error (or in the bayesian cases, posterior probability of the null hypothesis) usually less than 5%. Inverse probability weighting was sensitive to similarity in prevalence of the covariates between historical and prospective trial populations. The commensurate prior method performed best with real clinical trial data. Using external controls to reduce trial size in future clinical trials holds promise and can advance the therapeutic pipeline for rare diseases. This article is part of a Special Collection on Pharmacoepidemiology.",,
DES-138,6590,SCOPUS_ID:85020380646,10.1093/aje/kww199,Temporal Changes in Mortality Related to Extreme Temperatures for 15 Cities in Northeast Asia: Adaptation to Heat and Maladaptation to Cold,American Journal Of Epidemiology,2017,Other/None,Other/None,Other/None,Other/None,Other/None,Other/None,False,False,False,False,False,adaptation; climate change; heat and cold; temperature-mortality association; temporal change,"Understanding how the temperature-mortality association worldwide changes over time is crucial to addressing questions of human adaptation under climate change. Previous studies investigated the temporal changes in the association over a few discrete time frames or assumed a linear change. Also, most studies focused on attenuation of heat-related mortality and studied the United States or Europe. This research examined continuous temporal changes (potentially nonlinear) in mortality related to extreme temperature (both heat and cold) for 15 cities in Northeast Asia (1972-2009). We used a generalized linear model with splines to simultaneously capture 2 types of nonlinearity: nonlinear association between temperature and mortality and nonlinear change over time in the association. We combined city-specific results to generate country-specific results using Bayesian hierarchical modeling. Cold-related mortality remained roughly constant over decades and slightly increased in the late 2000s, with a larger increase for cardiorespiratory deaths than for deaths from other causes. Heat-related mortality rates have decreased continuously over time, with more substantial decrease in earlier decades, for older populations and for cardiorespiratory deaths. Our findings suggest that future assessment of health effects of climate change should account for the continuous changes in temperature-related health risk and variations by factors such as age, cause of death, and location.",,
DES-139,3718,SCOPUS_ID:15744397542,10.1093/aje/kwi086,"Effect of sunscreen and clothing on the number of melanocytic nevi in 1,812 German children attending day care",American Journal Of Epidemiology,2005,Other/None,Experimental,Experimental,Other/None,Experimental,Other/None,False,False,False,False,True,Child; Clothing; Health behavior; Melanoma; Nevus; Pigmented; Sunlight; Sunscreening agents,"The number of melanocytic nevi is the most important risk factor for cutaneous melanoma. This 1998 cross-sectional study of 1,812 children aged 2-7 years from 78 day-care centers in Germany analyzed the protective effect of sunscreen and clothing on the number of melanocytic nevi. Total body nevi were counted, and pigmentary features were assessed. Parents underwent a standardized interview concerning their children's sun exposure and sun-protective behavior. Almost 95% of the children had used sunscreen previously. Children who used sunscreen and wore more clothing spent significantly longer periods on holidays in sunny climates (p < 0.001 and p = 0.006, respectively) and had a higher outdoor activity score at home (p < 0.001 and p = 0.012, respectively). Multivariate analysis adjusted for confounders showed no significant protective effects of applying sunscreen. Examination of the potential protective effect of clothing revealed an inverse dose-response correlation between the number of clothes worn at the beach or outdoor swimming pool and the number of melanocytic nevi (p < 0.001, adjusted for confounding). Randomized controlled trials are needed to confirm these results. Meanwhile, public education should aim to protect children primarily by sun avoidance and protective clothing, while sunscreen should also be used. Copyright © 2005 by the Johns Hopkins Bloomberg School of Public Health. All rights reserved.",,
DES-140,41699,SCOPUS_ID:33847267289,10.1016/j.ypmed.2006.11.002,Views on smoking cessation methods in ethnic minority communities: A qualitative investigation,Preventive Medicine,2007,Other/None,Qualitative,Qualitative,Other/None,Qualitative,Qualitative,False,False,False,False,True,African Americans; Asian Americans; Native Americans; Race/ethnicity; Smoking cessation,"Objective.: The purpose of this qualitative analysis is to increase our understanding of minority smokers' experiences and beliefs about guideline-recommended smoking cessation treatments. Methods.: We conducted sixteen focus groups (N = 95) among current and former smokers from four ethnic minority communities in Minneapolis/St. Paul in 2005. Focus groups were conducted separately for American Indians, Vietnamese, Hmong and African Americans. Results.: Participants reported little experience with counseling and views on seeking help from physicians were mixed. African American and American Indian participants expressed feelings of mistrust and negative experiences with doctors. Hmong and Vietnamese smokers viewed doctors positively but did not regard them as an important resource to help with quitting, and especially for Vietnamese, the cultural value of mental control and self-determination was seen as most important to quit smoking. Across all the groups, pharmacotherapy was rarely utilized and participants had low knowledge and poor understanding of the benefits of pharmacotherapy. Conclusions.: Personal beliefs, views toward doctors, and lack of knowledge are important determinants of the use of tobacco treatments among ethnic minority smokers. In order to increase minority smokers' utilization of evidence-based tobacco cessation treatments, effective strategies are needed to deliver accurate information about treatment from trusted sources.",,
DES-141,31068,SCOPUS_ID:0029782540,10.1093/ije/25.4.760,Use of psychotropic drugs and risk of myocardial infarction: A case-control study in Finnish farmers,International Journal Of Epidemiology,1996,Case-control,Other/None,Case-control,Experimental,Case-control,Case-control,False,False,False,False,False,Case-control study; Depression; Farmers; Myocardial infarction; Psychotropic drugs,"Background. In 1992 Thorogood et al. reported an increased risk of myocardial infarction in women using psychotropic drugs. The aim of our study is to find out whether there is a link between the use of psychotropic drugs and subsequent myocardial infarction in males. Method. A cohort of 3172 male farmers was followed from 1 February 1980 to 31 December 1992. Those subjects who had myocardial infarction without any previous symptoms during the follow-up were considered as cases. For every case three matched controls were selected. The matched variables were age, smoking habits, social status and county. The final sample includes 83 cases and 249 controls. Results. Those who had used psychotropic drugs had increased risk for myocardial infarction, odds ratio (OR) = 2.5, 95% confidence interval (CI): 1.2-5.2. Most pronounced risk for myocardial infarction was found among users of antidepressants, OR = 5.4 (CI: 1.8-16.1). Conclusion. The use of psychotropic drugs, especially antidepressants, is associated with increased risk of myocardial infarction. Further attempts are needed to determine whether the relationship between use of psychotropic drugs and risk of myocardial infarction is causal or not.",,
DES-142,28071,SCOPUS_ID:82155189928,10.1093/eurpub/ckr069,The association between physical activity and perceived environment in German adults,European Journal Of Public Health,2012,Other/None,Cross-sectional,Cross-sectional,Other/None,Cross-sectional,Cross-sectional,False,False,False,False,False,,Background: There is a growing body of international data on the association between physical activity (PA) and variables of the perceived environment. German data is still lacking. The purpose of this study was to provide data on PA (moderate-to-vigorous PA (MVPA) vs. walking) and the perceived environment in urban and rural areas. Methods: We conducted a cross-sectional survey with inhabitants of urban (n=310) and rural (n=345) areas in the western part of Germany. The sample consisted of 655 adults [49.8 women; mean age=43.3 (SD=12.7)]. The International Physical Activity Questionnaire (IPAQ)-short version and the IPAQ environmental module were used. Outcome variables were time in MVPA as well as in walking. We analysed the association between perceived environmental variables and PA by a series of linear regressions. Results: We observed associations between PA and access to destination well-maintained sidewalk seeing physically active people in the neighbourhoo higher residential density and neighbourhood safety. The associations varied as a function of PA (MVPA vs. walking) and area (urban vs. rural). The variance explaining the models including environmental variables as well as sex and age ranged from 1 (model: MVPA in rural area) up to 9.9 (model MVPA in urban area). Conclusions: Our findings suggest that the perceived environment is important to promote both MVPA and walking in rural and urban areas. To better understand environmental correlates in rural structure we particularly need more specific studies. © The Author 2012. Published by Oxford University Press on behalf of the European Public Health Association. All rights reserved.,,
DES-143,40784,SCOPUS_ID:0038349526,10.1016/s0091-7435(03)00112-9,Family income a strong predictor of coronary heart disease events but not of overall deaths among Turkish adults: A 12-year prospective study,Preventive Medicine,2003,Other/None,Other/None,Other/None,Other/None,Other/None,Other/None,False,False,False,False,False,Coronary heart disease; Family income; Risk factors,"Objective: The objective of this study was to assess whether family income affected future deaths and coronary heart disease (CHD) events. Design: A prospective population-based survey (the Turkish Adult Risk Factor study) was used. Setting: The setting was numerous communities in all geographic regions of Turkey surveyed between 1990 and 2001/2002. Subjects: The subjects were a random sample of 2704 men and women 20 years of age or over at baseline examination. Method: Monthly family incomes were categorized by the participants into four increasing brackets. Information on the mode of deaths was obtained from first-degree relatives and/or health personnel of the local heath office. The diagnosis of definite or suspected CHD among survivors was based on history, physical examination of the cardiovascular system, and Minnesota coding of resting ECGs. CHD event was defined as newly developed fatal or nonfatal myocardial infarction, new onset stable angina, and/or myocardial ischemia following the baseline survey. After exclusion of participants with CHD at onset, 250 deaths and 297 fatal and nonfatal CHD occurred among 2704 men and women (mean age 41.6 ± 15) during a mean 10.0 years of follow-up. Main results: All-cause deaths failed to be significantly associated with income brackets in logistic regression analysis when adjusted for age, sex, and three major risk factors. Systolic blood pressure and cigarette smoking were significant independent predictors of overall mortality. In regard to fatal and nonfatal CHD, even after adjusting for age, sex and three major risk factors, a significant excess was noted in the two lowest brackets as opposed to the high income bracket (relative risk 1.56 and 1.75, respectively, P < 0.03). Conclusions: Family income in the Turkish community was not predictive of overall mortality, but was strongly predictive of future CHD events independent of age, sex, and three major factors, posing a huge coronary risk on the individual and the society. © 2003 American Health Foundation and Elsevier Science (USA). All rights reserved.",,
DES-144,18086,SCOPUS_ID:78650896830,10.2105/ajph.2009.186890,The inter- and intragenerational impact of gestational diabetes on the epidemic of type 2 diabetes,American Journal Of Public Health,2011,Other/None,Ecological / Time-series,Ecological / Time-series,Other/None,Ecological / Time-series,Ecological / Time-series,True,True,False,True,True,,"Objectives: We investigated the contribution of gestational diabetes mellitus (GDM) to the historic epidemic of type 2 diabetes mellitus (T2DM) in Saskatchewan. Methods: We constructed a population-level simulation model of the interand intragenerational interaction of GDM and T2DM for the period 1956 to 2006. The model was stratified by gender, ethnicity, and age; parameterized with primary and secondary data; and calibrated to match historic time series. Risk of diabetes was sigmoidally trended to capture exogenous factors. Results. Best-fit calibrations suggested GDM may be responsible for 19% to 30% of the cases of T2DM among Saskatchewan First Nations people, but only for approximately 6% of cases among other persons living in Saskatchewan. The estimated contribution of GDM to the growth in T2DM was highly sensitive to assumptions concerning the post-GDM risk of developing T2DM. Conclusions. GDM may be an important driver for the T2DM epidemic in many subpopulations. Because GDM is a readily identifiable, preventable, and treatable condition, investments in prevention, rapid diagnosis, and evidence-based treatment of GDM in at-risk populations may offer substantial benefit in lowering the T2DM burden over many generations. Model-informed data collection can aid in assessing intervention tradeoffs.",,
DES-145,9835,SCOPUS_ID:77950824907,10.1016/j.amepre.2010.01.028,The U.S.-Mexico Border. A Time-Trend Analysis of Border-Crossing Injuries,American Journal Of Preventive Medicine,2010,Other/None,Ecological / Time-series,Ecological / Time-series,Other/None,Ecological / Time-series,Ecological / Time-series,False,False,False,False,False,,"Background: Policies over the past 15 years have resulted in changes to the physical border between the U.S. and Mexico, as well as increases in the number of border patrol agents. Purpose: The purpose of this study is to characterize the trends and epidemiology of physically traumatic border-crossing injuries sustained over an 8-year period in San Diego County. Methods: This is a time-series study using existing data collected by the University of California, San Diego Level 1 Trauma Center between 2000 and 2007. This study includes data for individuals traumatically injured owing to a jump or fall in an attempt to cross over the border fence. Time-trend analysis was conducted using Poisson regression. A multiple linear regression was conducted to determine whether there was an increase in the severity of injuries to border crossers between 2000 and 2007. Results: Analysis demonstrated a significant increase in the number of those injured each year specifically as a result of jumping or falling from the border fence, from 13 in 2000 to 52 in 2007, even though there was a decrease in the number of apprehensions for illegal entry into the U.S. On average, each year, the injury severity decreased by 0.38 between the years 2000 and 2007. Conclusions: Jumping and falling injuries at the San Diego-Mexico border increased during a time when apprehensions were decreasing. Further studies are needed to identify strategies to mitigate this problem. © 2010 American Journal of Preventive Medicine.",,
DES-146,25506,SCOPUS_ID:70349232227,10.1007/s10654-009-9378-z,A conditional synergy index to assess biological interaction,European Journal Of Epidemiology,2009,Other/None,Other/None,Other/None,Other/None,Other/None,Other/None,False,False,False,False,False,Antagonism; AP; Biological interaction; Epistasis; Gene-gene interaction; Penetrance scale; Synergy index,"In genetic studies of complex diseases, a crucial task is to identify and quantify gene-gene interactions which are often defined as deviance from genetic additive effects. This statistical definition, however, does not need to reflect the biological interactions of genes. We propose a new method to detect gene-gene interactions. This new approach exploits the concept of synergy and antagonism that is appropriate to capture biological relationships. The conditional synergy index (CSI) describes the extent of interaction on the penetrance scale. We develop the CSI for two-locus disease models and cohort data. The index assumes genotypes to be dichotomized into risk-genotypes (exposed) and non-risk-genotypes (unexposed) but it does not assume the loci to be in linkage equilibrium. We investigate the performance of the CSI and compare it to classical epidemiological interaction measures like Rothman's synergy index (S) and the attributable proportion due to interaction (AP). In addition, the performance of an estimator of this new parameter is illustrated in a practical example. © 2009 Springer Science+Business Media B.V.",,
DES-147,22829,SCOPUS_ID:84864866588,10.1097/ede.0b013e31825fb61d,In-utero exposure to dichlorodiphenyltrichloroethane and cognitive development among infants and school-aged children,Epidemiology,2012,Other/None,Cohort,Cohort,Other/None,Cohort,Cohort,False,False,False,False,False,,"BACKGROUND:: Dichlorodiphenyltrichloroethane (DDT) continues to be used for control of infectious diseases in several countries. In-utero exposure to DDT and dichlorodiphenyldichloroethylene (DDE) has been associated with developmental and cognitive impairment among children. We examined this association in an historical cohort in which the level of exposure was greater than in previous studies. METHODS:: The association of in-utero DDT and DDE exposure with infant and child neurodevelopment was examined in 1100 subjects in the Collaborative Perinatal Project, a prospective birth cohort enrolling pregnant women from 12 study centers in the United States from 1959 to 1965. Maternal DDT and DDE concentrations were measured in archived serum specimens. Infant mental and motor development was assessed at age 8 months using the Bayley Scales of Infant Development, and child cognitive development was assessed at age 7 years, using the Wechsler Intelligence Scale for Children. RESULTS:: Although levels of DDT and DDE were relatively high in this population (median DDT concentration, 8.9 μg/L; DDE, 24.5 μg/L), neither were related to Mental or Psychomotor Development scores on the Bayley Scales nor to Full-Scale Intelligence Quotient at 7 years of age. Categorical analyses showed no evidence of dose-response for either maternal DDT or DDE, and estimates of the association between continuous measures of exposure and neurodevelopment were indistinguishable from 0. CONCLUSIONS:: Adverse associations were not observed between maternal serum DDT and DDE concentrations and offspring neurodevelopment at 8 months or 7 years in this cohort. © 2012 by Lippincott Williams & Wilkins.",,
DES-148,39287,SCOPUS_ID:85133297768,10.1016/s2468-2667(22)00089-5,"Immunisation status of UK-bound refugees between January, 2018, and October, 2019: a retrospective, population-based cross-sectional study",The Lancet Public Health,2022,Cross-sectional,Cross-sectional,Cross-sectional,Other/None,Cross-sectional,Cross-sectional,False,False,False,False,True,,"Background: WHO's new Immunization Agenda 2030 places a focus on ensuring migrants and other marginalised groups are offered catch-up vaccinations across the life-course. Yet, it is not known to what extent specific groups, such as refugees, are immunised according to host country schedules, and the implications for policy and practice. We aimed to assess the immunisation coverage of UK-bound refugees undergoing International Organization for Migration (IOM) health assessments through UK resettlement schemes, and calculate risk factors for under-immunisation. Methods: We undertook a retrospective cross-sectional study of all refugees (children <10 years, adolescents aged 10–19 years, and adults >19 years) in the UK resettlement programme who had at least one migration health assessment conducted by IOM between Jan 1, 2018 and Oct 31, 2019, across 18 countries. Individuals' recorded vaccine coverage was calculated and compared with the UK immunisation schedule and the UK Refugee Technical Instructions. We carried out multivariate logistic regression analyses to assess factors associated with varying immunisation coverage. Findings: Our study included 12 526 refugees of 36 nationalities (median age 17 years [IQR 7–33]; 6147 [49·1%] female; 7955 [63·5%] Syrian nationals). 26 118 vaccine doses were administered by the IOM (most commonly measles, mumps, and rubella [8741 doses]). During the study, 6870 refugees departed for the UK, of whom 5556 (80·9%) had at least one recorded dose of measles-containing vaccine and 5798 (84·4%) had at least one dose of polio vaccine, as per the UK Refugee Technical Instructions, and 1315 (19·1%) had at least one recorded dose of diphtheria-containing vaccine or tetanus-containing vaccine. 764 (11·1%) of refugees were fully aligned with the UK schedule for polio, compared with 2338 (34·0%) for measles and 380 (5·5%) for diphtheria and tetanus. Adults were significantly less likely than children to be in line with the UK immunisation schedule for polio (odds ratio 0·0013, 95% CI 0·0001–0·0052) and measles (0·29, 0·25–0·32). Interpretation: On arrival to the UK, refugees' recorded vaccination coverage is suboptimal and varies by age, nationality, country of health assessment, and by disease, with particularly low coverage reported for diphtheria and tetanus, and among adult refugees. These findings have important implications for the delivery of refugee pre-entry health assessments and catch-up vaccination policy and delivery targeting child, adolescent, and adults migrants in the UK, and other refugee-receiving countries. This research highlights the need for improved data sharing and clearer definition of where responsibilities lie between host countries and health assessment providers. Funding: UK National Institute for Health Research (NIHR300072) and Medical Research Council (MR/N013638/1).",,
DES-149,31390,SCOPUS_ID:0031912749,10.1093/ije/27.1.10,"Cancer incidence, morbidity and geothermal air pollution in Rotorua, New Zealand",International Journal Of Epidemiology,1998,Other/None,Ecological / Time-series,Ecological / Time-series,Ecological / Time-series,Ecological / Time-series,Ecological / Time-series,False,False,False,False,False,Ecological study; Epidemiology; Geothermal pollution; Hydrogen sulphide; Mercury; New Zealand; Rotorua,"Background. The New Zealand city of Rotorua sits on a geothermal field. However little known about the possible health impacts of the geothermal emissions. This was an ecological study that examined cancer incidence and morbidity data for Rotorua. Methods. Cancer registry and hospital discharge (morbidity) data were obtained for the decade 1981-1990. Standardized incidence ratios (SIR) were calculated comparing Rotorua residents with those living in the rest of New Zealand. Diagnostic categories examined were based on known target organ systems of hydrogen sulphide toxicity. Results. Of the cancer sites, there was an elevated rate for nasal cancers. However, this was based on only four cases. The SIR for cancers of the trachea, bronchus and lung in Maori women was 1.4 (95% CI:1.03-2.06). This was not explained by higher smoking rates. In the hospital discharge data, a number of diseases showed elevated SIR, notably diseases of the nervous system and the eye. To some extent, these effects were characteristic of effects induced by hydrogen sulphide and also mercury compounds. However, there were few data with which to assess whether significant mercury exposures had occurred, and other explanations were possible. Conclusions. There are inadequate exposure data for Rotorua to permit conclusions on likely causal associations. However, some of the elevated disease rates were at least consistent with what one might expect to find if sufficient exposures to hydrogen sulphide and/or mercury were occurring.",,
DES-150,9774,SCOPUS_ID:78649909542,10.1016/j.amepre.2010.08.015,Employment change for bars and restaurants following a statewide clean indoor air policy,American Journal Of Preventive Medicine,2010,Other/None,Quasi-experimental,Quasi-experimental,Other/None,Quasi-experimental,Other/None,False,True,False,True,False,,"Background Clean indoor air policies have been adopted to protect employees in all workplaces from exposure to environmental tobacco smoke. Despite numerous studies where no significant economic effects were associated with clean indoor air policies, concerns persist that such policies will have a severe, negative effect on alcohol-licensed businesses. Purpose This study examines the effect of a comprehensive, statewide clean indoor air law on bar and restaurant employment in Minnesota as a whole, as well as by region in the state. Methods Interrupted time-series analyses were conducted separately on bar and restaurant employment between 2004 and 2008 using data reported by businesses to the Minnesota Department of Employment and Economic Development. The statewide clean indoor air policy was implemented October 2007; analyses were conducted in 2009. Results After accounting for changes in employment in all other sectors for the state as a whole, there were no significant changes in statewide bar or restaurant employment associated with the state-level clean indoor air policy. Additionally, no significant changes were observed in regional bar or restaurant employment following enactment of the clean indoor air policy. Conclusions Enactment of a comprehensive clean indoor air policy in Minnesota did not result in significant changes in bar or restaurant employment in rural or urban regions of the state or the state as a whole. In Minnesota, neither bars nor restaurants were associated with significant changes in employment following the enactment of a comprehensive, statewide clean indoor air policy. © 2010 American Journal of Preventive Medicine.",,
DES-151,1349,SCOPUS_ID:0028820983,10.1093/oxfordjournals.aje.a117346,Case-control study of caffeinated beverages and preterm delivery,American Journal Of Epidemiology,1995,Case-control,Case-control,Case-control,Other/None,Case-control,Case-control,False,False,False,False,False,"Caffeine; Epidemiology; Infant; Pregnancy; Pregnancy trimester, second; Pregnancy trimester, third; Premature","Although many women reduce their caffeine consumption once they know they are pregnant, 70-80% of pregnant women still consume caffeine. To evaluate the relation between caffeine consumption and preterm delivery, a case-control study was conducted to identify all preterm (< 37 weeks gestation) infants born to women in selected North Carolina counties from September 1988 through April 1991. Randomly selected full-term, normal-weight livebirths (matched by race and hospital) served as controls. The study population consisted of 408 cases and 490 controls. Telephone interviews with participants assessed the consumption of caffeinated coffee, tea, cola soft drinks, and noncola caffeinated soft drinks, with caffeine consumption measured by the number of daily servings of each beverage and the total milligrams of caffeine. Third-trimester caffeine consumption from all beverages combined showed a nonsignificant inverse association with preterm delivery. Both first- and second-trimester consumption of 1-150 mg/day were associated with a modestly increased risk of preterm delivery, while no association was found at higher consumption levels. Overall, these results do not support an association between caffeinated beverage consumption and preterm delivery, as is true in most previous studies. © 1995 by The Johns Hopkins University School of Hygiene and Public Health.",,
DES-152,12506,SCOPUS_ID:85135684420,10.1016/j.amepre.2022.02.022,"Motivators, Barriers, and Preferences to Engagement With Offered Social Care Assistance Among People With Diabetes: A Mixed Methods Study",American Journal Of Preventive Medicine,2022,Other/None,Qualitative,Qualitative,Other/None,Qualitative,Qualitative,False,False,False,False,True,,"Introduction: A substantial proportion of patients screening positive for social risks either decline assistance or do not follow-up with offered resources. This study examined patient interest in and engagement with offered social care assistance among adults with poorly controlled diabetes at an academic medical center. Methods: Surveys (n=307) and purposively sampled follow-up interviews (n=40) were conducted 6 months after randomization to receive guided online self-navigation or in-person assistance to address unmet social needs. Integrated mixed methods (data collected in 2019–2021) explored the motivators, barriers, and preferences regarding the uptake of offered assistance. Results were analyzed in 2021 using descriptive statistics, rapid qualitative analysis, and joint display models. Results: A total of 77% of people randomized to online self-navigation and 14% randomized to in-person assistance engaged with offered assistance. Motivators for engagement were similar across groups and included ease of use, anticipating assistance that could address 1 or more needs, and interest in learning more about available resources. Barriers to engagement included not needing or desiring assistance, participants perceiving that offered assistance was not relevant to their needs or that they would not qualify, competing priorities/forgetting, previous negative experiences or stigma, and technology or access challenges (online self-navigation group). Preferences around offered assistance that directly addressed barriers to uptake included changing messaging and framing around offered help and the ability to tailor modalities. Conclusions: There are key barriers to the use of social care assistance that may directly reflect the process by which individuals are screened and offered assistance. Strategies to increase uptake should be patient centered and ideally provide multiple options for type of assistance and mode of engagement.",,
DES-153,4689,SCOPUS_ID:67651094135,10.1093/aje/kwp102,Caregiving intensity and change in physical functioning over a 2-Year period: Results of the caregiver-study of osteoporotic fractures,American Journal Of Epidemiology,2009,Other/None,Other/None,Other/None,Other/None,Other/None,Other/None,False,False,False,False,False,Activities of daily living; Caregivers; Disability evaluation,"It is unknown whether caregivers who perform more caregiving tasks have a greater decline in health from higher stress or less decline because of better health, staying active, or psychological factors. This 1999-2004 US study examined caregiving intensity and 2-year change in performance-based functioning among 901 elderly women from the Caregiver-Study of Osteoporotic Fractures sample. Caregivers were categorized as high (n=167) or low (n=166) intensity based on how many activities of daily living they performed for the care recipient. Caregiving intensity status and physical performance score (sum of quartiles of walking pace, grip strength, and chair-stand speed; range, 0-9) were assessed at baseline and at 2 annual follow-up interviews. At baseline, high-intensity caregivers reported the most stress but had the best physical functioning; noncaregivers (n=568) had the poorest physical functioning (adjusted scores=5.09 vs. 4.54, P=0.03). Low-intensity caregivers declined more than noncaregivers over 2 years, but high-intensity caregivers did not (adjusted difference=-0.33, P=0.07 vs. 0.03, P=0.89). Among respondents with the same caregiving status at baseline and 1-year interviews, high-intensity caregivers maintained the highest physical performance throughout follow-up. Higher levels of physical performance persisted over 2 years among high-intensity caregivers, which did not support the traditional stress hypothesis.",,
DES-154,29386,SCOPUS_ID:85112293491,10.1093/eurpub/ckab034,Airborne pollen concentrations and daily mortality from respiratory and cardiovascular causes,European Journal Of Public Health,2021,Other/None,Ecological / Time-series,Ecological / Time-series,Other/None,Ecological / Time-series,Ecological / Time-series,False,False,False,False,False,,"We conducted a time-series analysis of the relations between daily levels of allergenic pollen and mortality in the Helsinki Metropolitan Area with 153 378 deaths; 9742 from respiratory and 57 402 from cardiovascular causes. Daily (average) pollen counts of alder, birch, mugwort and grass were measured. In quasi-Poisson regression analysis, abundant alder pollen increased the risk of non-accidental deaths with an adjusted cumulative mortality rate ratio (acMRR) of 1.10 (95% CI 1.01-1.19) and of deaths from respiratory-diseases with acMRR of 1.78 (95% CI 1.19-2.65). Abundant mugwort pollen increased cardiovascular mortality (1.41, 1.02-1.95). These findings identify an important global public health problem.",,
DES-155,31330,SCOPUS_ID:0031691863,10.1093/ije/27.4.667,"Dental amalgam and multiple sclerosis: A case-control study in Montreal, Canada",International Journal Of Epidemiology,1998,Case-control,Case-control,Case-control,Other/None,Case-control,Case-control,False,False,False,False,False,Dental amalgams; Mercury; Multiple sclerosis,"Background: The aetiology of multiple sclerosis (MS) remains poorly understood. Dental amalgams containing mercury have recently been suggested as a possible risk factor for MS. Methods: In a case-control study conducted between 1991 and 1994, we interviewed a total of 143 MS patients and 128 controls, to obtain information on socio-demographic characteristics and the number of dental amalgams and the time since installation based on dentists' records. Results: Neither the number nor the duration of exposure to amalgams supported an increased risk of MS. After adjustment for age, sex, smoking, and education those who had more than 15 fillings had an odds ratio (OR) of 2.57 (95% CI: 0.78-8.54) compared to those who had none; for individuals whose first amalgam was inserted more than 15 years prior to the study, we found an OR of 1.34 (95% CI: 0.38-4.72). Conclusions: Although a suggestive elevated risk was found for those individuals with a large number of dental amalgams, and for a long period of time, the difference between cases and controls was not statistically significant.",,
DES-156,21507,SCOPUS_ID:0031044335,10.1097/00001648-199703000-00007,Association between ambient carbon monoxide levels and hospitalizations for congestive heart failure in the elderly in 10 Canadian cities,Epidemiology,1997,Other/None,Ecological / Time-series,Ecological / Time-series,Other/None,Ecological / Time-series,Ecological / Time-series,False,False,False,False,False,carbon monoxide; congestive heart failure; hospitalizations; nitrogen dioxide; ozone; pollution; sulfur dioxide,"We examined the role that ambient air pollution plays in exacerbating cardiac disease by relating daily fluctuations in admissions to 134 hospitals for congestive heart failure in the elderly to daily variations in ambient concentrations of carbon monoxide, nitrogen dioxide, sulfur dioxide, ozone, and the coefficient of haze in Canada's 10 largest cities for the 11-year period 1981-1991 inclusive. We adjusted the hospitalization time series for seasonal, subseasonal, and weekly cycles and for hospital usage patterns. The logarithm of the daily high-hour ambient carbon monoxide concentration recorded on the day of admission displayed the strongest and most consistent association with hospitalization rates among the pollutants, after stratifying the time series by month of year and adjusting simultaneously for temperature, dew point, and the other ambient air pollutants. The relative risk for a change from 1 ppm to 3 ppm, the 25th and 75th percentiles of the exposure distribution, was 1.065 (95% confidence interval = 1.028-1.104). The regression coefficients of the other air pollutants were much more sensitive to simultaneous adjustment for either multiple pollutant or weather model specifications.",,
DES-157,18668,SCOPUS_ID:84874080245,10.2105/ajph.2012.300723,Intimate partner violence and socioeconomic deprivation in England: Findings from a national cross-sectional survey,American Journal Of Public Health,2013,Cross-sectional,Other/None,Cross-sectional,Other/None,Cross-sectional,Cross-sectional,False,False,False,False,True,,"Objectives. We examined the prevalence of intimate partner violence (IPV) and its association with social deprivation in England. Methods. We used multivariable logistic regression to investigate IPV correlates among 21 226 men and women aged 16 to 59 years in the 2008 nationally representative cross-sectional British Crime Survey. Results. Lifetime IPV was reported by 23.8% of women and 11.5% of men. Physical IPV was reported by 16.8% and 7.0%, respectively; emotional-only IPV was reported by 5.8% and 4.2%, respectively. After adjustment for demographic confounders, lifetime physical IPV experienced by women was associated with social housing tenure (odds ratio [OR] = 2.3; 95% confidence interval [CI] = 2.0, 2.7), low household income (OR = 2.2; 95% CI = 1.8, 2.7), poor educational attainment (OR = 1.2; 95% CI = 1.0, 1.5), low social class (OR = 1.5; 95% CI = 0.3, 1.7), and living in a multiply deprived area (OR = 1.4; 95% CI = 1.1, 1.7). Physical IPV experienced by men and emotional IPV experienced by either gender were generally not associated with deprivation factors. Conclusions. Physical and emotional IPV are very common among adults in England. Emotional IPV prevention policies may be appropriate across the social spectrum; those for physical IPV should be particularly accessible to disadvantaged women.",,
DES-158,33301,SCOPUS_ID:84962772795,10.1093/ije/dyu199,Cohort Profile: Sympathetic activity and Ambulatory Blood Pressure in Africans (SABPA) prospective cohort study,International Journal Of Epidemiology,2015,Cohort,Cohort,Cohort,Other/None,Cohort,Cohort,False,False,False,False,False,,"Adapting to an over-demanding stressful urban environment may exhaust the psychophysiological resources to cope with these demands, and lead to sympathetic nervous system dysfunction. The evidence that an urban-dwelling lifestyle may be detrimental to the cardiometabolic health of Africans motivated the design of the Sympathetic activity and Ambulatory Blood Pressure in African Prospective cohort study. We aimed to determine neural mechanistic pathways involved in emotional distress and vascular remodelling. The baseline sample included 409 teachers representing a bi-ethnic sex cohort from South Africa. The study was conducted in 2008-09 and repeated after 3-year follow-up in 2011-12, with an 87.8% successful follow-up rate. Seasonal changes were avoided and extensive clinical assessments were performed in a well-controlled setting. Data collection included sociodemographics, lifestyle habits, psychosocial battery and genetic analysis, mental stress responses mimicking daily life stress (blood pressure and haemostatic, cardiometabolic, endothelial and stress hormones). Target organ damage was assessed in the brain, heart, kidney, blood vessels and retina. A unique highly phenotyped cohort is presented that can address the role of a hyperactive sympathetic nervous system and neural response pathways contributing to the burden of cardiometabolic diseases in Africans.",,
DES-159,29626,SCOPUS_ID:85123969306,10.1093/eurpub/ckab075,Post-implementation perspectives on smokefree prison policy: a qualitative study with staff and people in custody,European Journal Of Public Health,2022,Qualitative,Other/None,Qualitative,Other/None,Qualitative,Qualitative,False,False,False,False,True,,"Background: A comprehensive smokefree prison policy (SFPP) was introduced in Scottish prisons from November 2018, reflecting concern about inequalities in occupational exposures to second-hand smoke (SHS) and tobacco-related harms among people in custody (PiC). We aimed to address a gap, whereby few studies have sought to understand SFPP from the perspectives of people living and working in prisons. Methods: As part of a comprehensive evaluation, focus groups and interviews with staff (n = 99) and interviews with PiC (n = 23) were conducted 6-9 months post-implementation of SFPP in Scotland. Data were analysed using the framework approach. Results: Our study found that new restrictions on smoking had been widely accepted by PiC, after a period of adjustment which was less troublesome than participants had anticipated. Benefits of the SFPP for the safety and comfort of staff and PiC who were no longer exposed to SHS, and additionally for the health of PiC who were now smoking-abstinent, were widely acknowledged. Drawbacks of the SFPP, such as difficulties managing without tobacco and use of alternatives (e.g. e-cigarettes and changes in use of illegal drugs), were also reported. Contraband tobacco was not reported to be a major problem following prisons becoming smokefree. Conclusions: The findings strengthen evidence that SFPPs can be implemented without causing major disruption and highlight the need for removal of tobacco to be underpinned by careful planning, partnership working and ensuring the availability of support for smokers. Experiences from Scotland may be of interest and some comfort, internationally for jurisdictions considering smoke-free rules in prisons.",,
DES-160,9692,SCOPUS_ID:64049103211,10.1016/j.amepre.2009.01.019,The Influence of the National truth<sup>®</sup> Campaign on Smoking Initiation,American Journal Of Preventive Medicine,2009,Other/None,Quasi-experimental,Quasi-experimental,Other/None,Quasi-experimental,Quasi-experimental,False,True,False,True,False,,"Background: States and national organizations spend millions annually on antismoking campaigns aimed at youth. Much of the evidence for their effectiveness is based on cross-sectional studies. This study was designed to evaluate the effectiveness of a prominent national youth smoking-prevention campaign in the U.S. known as truth® that was launched in February 2000. Methods: A nationally representative cohort of 8904 adolescents aged 12-17 years who were interviewed annually from 1997 to 2004 was analyzed in 2008. A quasi-experimental design was used to relate changes in smoking initiation to variable levels of exposure to antismoking messages over time and across 210 media markets in the U.S. A discrete-time hazard model was used to quantify the influence of media market delivery of TV commercials on smoking initiation, controlling for confounding influences. Based on the results of the hazard model, the number of youth nationally who were prevented from smoking from 2000 through 2004 was estimated. Results: Exposure to the truth campaign is associated with a decreased risk of smoking initiation (relative risk=0.80, p=0.001). Through 2004, approximately 450,000 adolescents were prevented from trying smoking nationwide. Factors negatively associated with initiation include African-American race (relative risk=0.44, p<0.001), Hispanic ethnicity (relative risk=0.74, p<0.001), completing high school (relative risk=0.69, p<0.001), and living with both parents at baseline (OR=0.79, p<0.001). Conclusions: The current study strengthens the available evidence for antismoking campaigns as a viable strategy for preventing youth smoking. © 2009 American Journal of Preventive Medicine.",,
DES-161,23482,SCOPUS_ID:85072790666,10.1097/ede.0000000000001086,Causal effect of sleep duration on body weight in adolescents: A population-based study using a natural experiment,Epidemiology,2019,Quasi-experimental,Quasi-experimental,Quasi-experimental,Quasi-experimental,Quasi-experimental,Quasi-experimental,False,True,False,True,False,Body weight; Causal inference; Instrumental variable; Natural experiment; Overweight and obesity; Sleep,"Background: A large number of observational epidemiologic studies have reported consistent associations between short sleep duration and increased body weight, particularly in children and adolescents. Causal evidence on the effect of sleep duration on body weight is still limited, however. Methods: This study exploits a unique natural experiment that can be argued to have increased sleep duration in an adolescent population in South Korea. In March 2011, authorities in three of the 16 administrative regions decreed restricting the closing hours of hagwon (private tutoring institutes) to 10 pm. Assuming this policy change is a valid instrument for sleep duration, it allows investigation of the causal effect of sleep duration on body weight in a difference-in-differences and instrumental variable framework. We used a nationally representative sample of 191,799 in-school adolescents in 7th-12th grades surveyed in the 2009-2012 Korea Youth Risk Behavior Web-based Survey. Results: The policy change was associated with sleep extension and body weight reduction in a subset of general high school 10th-11th graders (around 10% of the sample) whose sleep duration would otherwise have not increased. The main results suggested that a 1-hour increase in sleep duration was associated with a 0.56 kg/m2 reduction in body mass index (95% confidence interval = 0.07, 1.05) and a decreased risk of being overweight or obese by 4.2% points. Conclusions: This study provides new population-level, causal evidence that corroborates consistent findings in the epidemiologic literature on the link between short sleep duration and increased body weight.",,
DES-162,12839,SCOPUS_ID:85146478508,10.1016/j.amepre.2022.12.011,A Contactless App-Based Intervention to Improve Health Behaviors in Airline Pilots: A Randomized Trial,American Journal Of Preventive Medicine,2023,Experimental,Experimental,Experimental,Other/None,Experimental,Experimental,False,False,False,False,False,,"Introduction: There is a need for enhanced preventive health care among airline pilots to mitigate the prevalence of cardiometabolic health risk factors. Study design: A randomized, waitlist-controlled trial was utilized to evaluate the effectiveness of a smartphone-based app intervention for improving health behaviors and cardiometabolic health parameters. Setting/participants: A total of 186 airline pilots (aged 43.2±9.1 years; male, 64%) were recruited and participated in the trial during 2022. Intervention: This intervention was a personalized, 16-week smartphone-based app multicomponent physical activity, healthy eating, and sleep hygiene intervention. Main outcome measures: Outcome measures of objective health (Cooper's 12-minute exercise test, resting heart rate, push ups, plank isometric hold, body mass), subjective health (self-rated health, perceived psychological stress and fatigue), and health behaviors (weekly physical activity, sleep quality and duration, fruit and vegetable intake) were collected at baseline and after intervention. The waitlist control completed the same measures. Results: Significant interactions for time Χ group from baseline to 16 weeks were found for all outcome measures (p<0.001). Significant between-group differences for positive health changes in favor of the intervention group were found after intervention for all outcome measures (p<0.05, d=0.4–1.0) except for self-rated health, body mass, and Pittsburgh Sleep Quality Index score. Conclusions: Study findings show that an app-based health behavior intervention can elicit positive cardiometabolic health changes among airline pilots over 16 weeks, associated with trivial to large effect sizes. Trial registration: The trial protocol was prospectively registered at The Australian New Zealand Clinical Trials Registry (ACTRN12622000288729).",,
DES-163,19962,SCOPUS_ID:85056382704,10.2105/ajph.2018.304685,"23-year trends in life expectancy in good and poor physical and cognitive health at age 65 years in the Netherlands, 1993-2016",American Journal Of Public Health,2018,Other/None,Other/None,Other/None,Other/None,Other/None,Other/None,False,False,False,False,False,,"Objectives. To examine 23-year trends in both physically and cognitively healthy life expectancy from age 65 years in the Netherlands. Methods. We used 8 waves between 1993 and 2016 from the nationally representative Longitudinal Aging Study Amsterdam (12 948 observations). We calculated physically and cognitively healthy life expectancies by using the Sullivan life table method and tested prevalence trends over time by using generalized estimating equations. Results. Total life expectancy at age 65 years rose from 14.7 to 18.7 years (men) and from 19.2 to 21.4 years (women). Life expectancy in poor physical health increased nonlinearly from 1.8 to 2.9 years for men; for women it fluctuated around 5.7 years. Meanwhile, life expectancy in good cognitive health increased linearly from 11.0 to 15.7 years (men) and from 13.4 to 18.0 years (women). The proportion of people with poor physical and poor cognitive health combined did not increase, averaging 5.9% (men) and 8.7% (women). Conclusions. This multiwave study shows that a negative trend in physically healthy life expectancy is accompanied by a positive trend in cognitively healthy life expectancy.",,
DES-164,22505,SCOPUS_ID:37349095958,10.1097/ede.0b013e31815c1da7,Characterizing temperature and mortality in nine California counties,Epidemiology,2008,Other/None,Ecological / Time-series,Ecological / Time-series,Other/None,Ecological / Time-series,Ecological / Time-series,False,False,False,False,False,,"BACKGROUND: Elevated temperature has been associated with increased mortality. Few epidemiologic studies, however, have considered air pollutants as potential confounders or effect modifiers. None has focused on California, where the climate is generally mild and pollution levels tend to be high-an ideal setting to examine the independent effect of temperature from air pollution. METHODS: We examined the association between mean daily apparent temperature and nonaccidental mortality in 9 counties throughout California from May to September 1999-2003. Data were obtained from the National Climatic Data Center (temperature and relative humidity), the California Department of Health Services (mortality), and the California Air Resources Board (particulate matter, ozone, carbon monoxide, and nitrogen dioxide). We conducted a time-stratified case-crossover study, with a time-series analysis as a sensitivity analysis, adjusting for day of the week using both methods and adjusting for time trend in the time-series analysis. We first obtained county-specific estimates and then combined them using meta-analytic methods. RESULTS: A total of 248,019 deaths were included. Each 10°(Fahrenheit) increase in same-day mean apparent temperature corresponded to a 2.3% increase in mortality (95% confidence interval = 1.0%-3.6%) in the case-crossover analysis for all 9 counties combined, with nearly identical results produced from the time-series analysis. No air pollutant examined was found to be a significant confounder or effect modifier. CONCLUSIONS: Even without extremes in apparent temperature, we observed an association between temperature and mortality in California that was independent of air pollution. © 2008 Lippincott Williams & Wilkins, Inc.",,
DES-165,23649,SCOPUS_ID:85078867493,10.1097/ede.0000000000001153,Estimating Causal Effects of Particulate Matter Regulation on Mortality,Epidemiology,2020,Other/None,Quasi-experimental,Quasi-experimental,Quasi-experimental,Quasi-experimental,Quasi-experimental,False,True,False,True,False,Environmental policy; Mortality; Particulate matter; Quasi-experimental studies,"Background: Estimating the causal effect of pollution on human health is integral for evaluating returns to pollution regulation, yet separating out confounding factors remains a perennial challenge. Methods: We use a quasi-experimental design to investigate the causal relationship between regulation of particulate matter smaller than 2.5 micrograms per cubic meter (PM 2.5) and mortality among those 65 years of age and older. We exploit regulatory changes in the Clean Air Act Amendments (CAAA). Regulation in 2005 impacted areas of the United States differentially based on pre-regulation air quality levels for PM 2.5. We use county-level mortality data, extracted from claims data managed by the Centers for Medicare & Medicaid Services, merged to county-level average PM 2.5readings and attainment status as classified by the Environmental Protection Agency. Results: Based on estimates from log-linear difference-in-differences models, our results indicate after the CAAA designation for PM 2.5in 2005, PM 2.5levels decreased 1.59 micrograms per cubic meter (95% CI = 1.39, 1.80) and mortality rates among those 65 and older decreased by 0.93% (95% CI = 0.10%, 1.77%) in nonattainment counties, relative to attainment ones. Results are robust to a series of alternate models, including nearest-neighbor matching based on propensity score estimates. Conclusion: This analysis suggests large health returns to the 2005 PM 2.5designations, and provides evidence of a causal association between pollution and mortality among the Medicare population.",,
DES-166,45511,SCOPUS_ID:85152245502,10.1016/j.ypmed.2023.107500,Patterns of childhood adversity and health outcomes in early adolescence: Results from the Generation XXI cohort,Preventive Medicine,2023,Other/None,Cohort,Cohort,Other/None,Cohort,Cohort,False,False,False,False,True,Childhood adversity; Depressive symptoms; Early adolescence; Health behaviours; Household dysfunction; Violence,"This longitudinal population-based birth cohort study aims to identify childhood adversity patterns over the first 13 years of life and to examine its association with health-related behaviours and outcomes in early adolescence. Using data from the Portuguese birth cohort Generation XXI, we performed latent class analysis to explore the underlying patterns of adversity from birth to early adolescence, using 13 adversity items assessed in five time points. Health-related behaviours and outcomes were evaluated at 13 years. Adjusting for parental unemployment, logistic regression models were performed to determine the association between adversity patterns and outcomes. Among 8647 participants, three adversity patterns were identified: “low adversity” (56.1%), “household dysfunction” (17.2%) and “multiple adversities” (26.7%). For the “household dysfunction” pattern, girls and boys showed associations with increased odds of alcohol/tobacco use (adjusted odds ratio [AOR]: 1.78; 95% confidence interval [CI]: 1.32–2.40; AOR:1.84; CI:1.38–2.46, respectively) and depressive symptoms (AOR:2.34; CI:1.58–3.48; AOR:5.45; CI:2.86–10.38, respectively). Boys also presented low consumption of fruits/vegetables (AOR:1.51; CI:1.04–2.19). For the “multiple adversities” pattern, both girls and boys showed an increased probability of alcohol/tobacco use (AOR:1.82; CI:1.42–2.33; AOR:1.63; CI:1.30–2.05, respectively) and depressive symptoms (AOR:3.41; CI:2.46–4.72; AOR:5.21; CI:2.91–9.32, respectively). Boys also revealed increased odds of low consumption of fruits/vegetables (AOR:1.67; CI:1.24–2.23). Childhood adversity patterns are associated with unhealthy behaviours and depressive symptoms in early adolescence. Public policies and early interventions targeting vulnerable children, families and communities can potentially reduce the detrimental effects of adversities on health and promote individual and community resilience.",,
DES-167,7831,SCOPUS_ID:85200623313,10.1093/aje/kwae043,Assessment of the impact of Uber system implementation on mortality from traffic injuries in Brazilian capital cities,American Journal Of Epidemiology,2024,Other/None,Quasi-experimental,Quasi-experimental,Ecological / Time-series,Quasi-experimental,Other/None,False,True,False,True,False,mortality; ride-hailing; time-series analysis; traffic injuries; Uber system,"The rapid expansion of Uber Technologies, Inc.'s ride-sharing, courier service, and food delivery system and e-hailing applications has been transforming the logistics network and urban mobility around the world. We aimed to evaluate the impact of the Uber system on traffic injury (TI) mortality during its implementation in Brazilian capital cities. A quasiexperimental design of interrupted time series was used. The monthly mortality rates for TI standardized by age were analyzed. The date of availability of the Uber app, specific to each capital, was considered the start date. Data from the Brazilian Mortality Information System and the Brazilian Institute of Geography and Statistics were used. For the data analysis, from an interrupted time-series design, autoregressive integrated moving average (ARIMA) models with a transfer function were fitted. In 92.6% (n = 25) of Brazilian capitals, there was no impact of Uber system implementation, 12 months after the start of its activities, on TI mortality. A reduction in mortality from this cause was observed after the system was implemented in Belo Horizonte and Rio de Janeiro. The impact on TI mortality was progressive and continuous in both. More studies are needed to establish the factors associated with the inequalities observed in the impact of Uber system implementation between different locations and the heterogeneity of effects.",,
DES-168,11214,SCOPUS_ID:85030785838,10.1016/j.amepre.2017.08.004,Softening Among U.S. Smokers With Psychological Distress: More Quit Attempts and Lower Consumption as Smoking Drops,American Journal Of Preventive Medicine,2017,Other/None,Ecological / Time-series,Ecological / Time-series,Other/None,Ecological / Time-series,Ecological / Time-series,False,False,False,False,True,,"Introduction It has been argued that as smoking prevalence declines, the remaining smokers represent a “hard core” who are unwilling or unable to quit, a process known as hardening. However, as recently shown, the general smoking population is softening not hardening (i.e., as prevalence falls, more quit attempts and lower consumption among continuing smokers). People with psychological distress smoke more, so they may represent hard-core smokers. Methods Using cross-sectional time series analysis, in 2016–2017 changes in quit attempts and cigarette consumption were evaluated over 19 years among smokers with serious psychological distress (Kessler-6 score ≥13) based on the National Health Interview Survey (1997–2015), controlling for sociodemographic variables. Results People with psychological distress had higher smoking prevalence and consumed more cigarettes/day than people without distress. The percentage of those with at least one quit attempt was higher among those with psychological distress. The increase in quit attempts over time was similar among smokers in each of the distress levels. For every 10 years, the OR of a quit attempt increased by a factor of 1.13 (95% CI=1.02, 1.24, p<0.05). Consumption declined by 3.35 (95% CI= –3.94, –2.75, p<0.01) cigarettes/day for those with serious psychological distress. Conclusions Although smoking more heavily than the general population, smokers with psychological distress, like the general population, are softening over time. To improve health outcomes and increase health equity, tobacco control policies should continue moving all subgroups of smokers down these softening curves, while simultaneously incorporating appropriately tailored quitting help into mental health settings.",,
DES-169,28775,SCOPUS_ID:85026776996,10.1093/eurpub/ckw215,"High prevalence of poor fitness among Danish adults, especially among those with high cardiovascular mortality risk",European Journal Of Public Health,2017,Other/None,Cross-sectional,Cross-sectional,Other/None,Cross-sectional,Cross-sectional,False,False,False,False,True,,"Background: Poor cardiorespiratory fitness (CRF) is an independent predictor of cardiovascular and all-cause mortality. Yet, our knowledge about the prevalence of poor CRF is limited. We investigated the prevalence of poor CRF among middle-aged Danish adults from a community-based health promotion program, including identification of a subgroup with high cardiovascular mortality risk. Methods: This cross-sectional study included 2,253 middle-aged adults, who completed a preventive health check including CRF testing. CRF (ml O 2/min/kg) was assessed using the Astrand-Ryhming cycle ergometer test. High 10-year cardiovascular mortality risk as defined in the Danish 2016 guidelines was assessed using questionnaires, health examinations, and prescription data from the Danish National Prescription Registry. Results: The prevalence of poor CRF was 51.7% (95% confidence interval [CI] 48.7-54.7) among men and 31.3% (95% CI 28.7-34.1) among women. A total of 216 (19.4%) men and 220 (19.3%) women were identified with a high 10-year cardiovascular mortality risk. Among these, 65.0% of men (95% CI 58.2-71.3) and 44.1% of women (95% CI 37.4-50.9) had poor CRF. Conclusion: Half of men and one third of women participating in a community-based health promotion program were identified with poor CRF. Among high-risk individuals, two thirds of men and almost every second woman had a poor CRF. Our results emphasise the need for effective public health strategies and interventions to increase CRF in the general population and among high-risk individuals in particular in order to improve public health and reduce mortality.",,
DES-170,35776,SCOPUS_ID:0034912443,10.1136/jech.55.8.600,Economic evaluation of a community based exercise programme to prevent falls,Journal Of Epidemiology And Community Health,2001,Other/None,Experimental,Experimental,Other/None,Experimental,Experimental,False,True,True,False,False,,"Objective - To assess the incremental costs and cost effectiveness of implementing a home based muscle strengthening and balance retraining programme that reduced falls and injuries in older women. Design - An economic evaluation carried out within a randomised controlled trial with two years of follow up. Participants were individually prescribed an exercise programme (exercise group, n=116) or received usual care and social visits (control group, n=117). Setting - 17 general practices in Dunedin, New Zealand. Participants - Women aged 80 years and older living in the community and invited by their general practitioner to take part. Main outcome measures - Number of falls and injuries related to falls, costs of implementing the intervention, health-care service costs resulting from falls and total healthcare service costs during the trial. Cost effectiveness was measured as the incremental cost of implementing the exercise programme per fall event prevented. Main results - 27% of total hospital costs during the trial were related to falls. However, there were no significant differences in health service costs between the two groups. Implementing the exercise programme for one and two years respectively cost $314 and $265 (1995 New Zealand dollars) per fall prevented, and $457 and $426 per fall resulting in a moderate or serious injury prevented. Conclusions - The costs resulting from falls make up a substantial proportion of the hospital costs for older people. Despite a reduction in falls as a result of this home exercise programme there was no significant reduction in healthcare costs. However, the results reported will provide information on the cost effectiveness of the programme for those making decisions on falls prevention strategies.",,
DES-171,4918,SCOPUS_ID:77957301897,10.1093/aje/kwq198,Treatment effects in the presence of unmeasured confounding: Dealing with observations in the tails of the propensity score distribution-A simulation study,American Journal Of Epidemiology,2010,Other/None,Other/None,Other/None,Cohort,Cohort,Cohort,True,True,False,True,False,bias (epidemiology); causal inference; cohort studies; confounding factors (epidemiology); epidemiologic methods; models; propensity score; research design; statistical,"Frailty, a poorly measured confounder in older patients, can promote treatment in some situations and discourage it in others. This can create unmeasured confounding and lead to nonuniform treatment effects over the propensity score (PS). The authors compared bias and mean squared error for various PS implementations under PS trimming, thereby excluding persons treated contrary to prediction. Cohort studies were simulated with a binary treatment T as a function of 8 covariates X. Two of the covariates were assumed to be unmeasured strong risk factors for the outcome and present in persons treated contrary to prediction. The outcome Y was simulated as a Poisson function of T and all X's. In analyses based on measured covariates only, the range of PS's was trimmed asymmetrically according to the percentile of PS in treated patients at the lower end and in untreated patients at the upper end. PS trimming reduced bias due to unmeasured confounders and mean squared error in most scenarios assessed. Treatment effect estimates based on PS range restrictions do not correspond to a causal parameter but may be less biased by such unmeasured confounding. Increasing validity based on PS trimming may be a unique advantage of PS's over conventional outcome models. © 2010 The Author.",,
DES-172,934,SCOPUS_ID:0028584055,10.1093/oxfordjournals.aje.a117180,Male and female factors in fertility,American Journal Of Epidemiology,1994,Other/None,Cohort,Cohort,Other/None,Cohort,Cohort,False,False,False,False,False,Age factors; Educational status; Fertility; Infertility; Reproduction; Smoking; Social class,"Fertility is affected by the age of the female partner, but not that of the male partner, in the age ranges within which most attempts at conception occur. However, the literature on the effect of the smoking status of each partner is inconclusive. As part of a longitudinal study representative of all people born in Britain in 1958, 11,407 people were interviewed in 1991, of whom 3,132 female and 2,576 male cohort members had had or fathered at least one pregnancy. The outcome measure was the time to pregnancy of the first pregnancy (live births only), and the antecedent variables were the cohort member's age at that time and both partners' smoking habits and educational levels. Unadjusted analysis demonstrated that both the time to pregnancy and clinical subfertility were associated with higher maternal but not paternal age and with the smoking habits and educational levels of both parents. Multivariate analysis showed that paternal smoking failed to enter the model if the educational variables were also included. Findings were similar in the two separate analyses on male and female cohort members. This study confirms previous findings on the relative importance of maternal and paternal age in this age range. Maternal smoking affects fertility, but earlier reports of an apparent effect of paternal smoking may be due to confounding with socioeconomic status. Am J Epidemiol 1994;140:921-9. © 1994 by The Johns Hopkins University School of Hygiene and Public Health.",,
DES-173,4032,SCOPUS_ID:36249027592,10.1093/aje/kwm205,Predictors of psychostimulant use by long-distance truck drivers,American Journal Of Epidemiology,2007,Other/None,Cross-sectional,Cross-sectional,Other/None,Cross-sectional,Cross-sectional,False,False,False,False,False,Central nervous system stimulants; Fatigue; Motor vehicles; Salaries and fringe benefits; Substance-related disorders,"Two national cross-sectional surveys of fatigue and its effects in long-distance road transport in Australia showed that stimulant use was a common feature of this industry. Between one in five and one in three drivers reported using stimulants at least sometimes, and a significant proportion reported stimulant use as a most helpful fatigue management strategy. This study reanalyzed the surveys with the aim of identifying predictors of stimulant drug use by drivers. The surveys were administered in 1991 (n = 970) and 1998 (n = 1,007) by interview and self-administration. Logistic regression analysis conducted separately for each survey showed that stimulant drug use was twice as likely for drivers who had the greatest problem in managing fatigue and was two to three times more likely for drivers paid on a payment-by-results or contingency-payment basis. Younger, less experienced drivers were also more likely to take drugs. This analysis demonstrates the involvement of external factors, especially productivity-based payment systems, in stimulant drug use by truck drivers; findings were confirmed in two separate surveys conducted 7 years apart. Results highlight the important role of economic and organizational factors in occupational health and safety problems. © The Author 2007. Published by the Johns Hopkins Bloomberg School of Public Health. All rights reserved.",,
DES-174,25785,SCOPUS_ID:84857993173,10.1007/s10654-011-9636-8,Declining rates of hepatocellular carcinoma in urban Shanghai: Incidence trends in 1976-2005,European Journal Of Epidemiology,2012,Other/None,Cohort,Cohort,Cohort,Cohort,Cohort,False,False,False,False,False,Age-period-cohort analysis; Hepatocellular carcinoma; Incidence; Shanghai; Time Trend,"In China, hepatocellular carcinoma (HCC) incidence rates in several registry catchment populations are amongst the highest worldwide. The incidence rates in urban Shanghai were analyzed between 1976 and 2005 to describe and interpret the time trends. Age-specific and age-standardized rates were calculated and graphically presented. An age-period-cohort model was fitted to assess the effects of age at diagnosis, calendar period, and birth cohort on the changing HCC incidence rates. In total, 35,241 and 13,931 men and women were diagnosed with HCC during 1976-2005 in urban Shanghai. The age-standardized incidence rates in urban Shanghai were 33.9 per 10 5 among men and 11.4 per 10 5 among women in 1976-1980, but decreased in both sexes to 25.8 per 10 5 and 8.5 per 10 5, respectively by 2001-2005. Accelerating rates in birth cohorts born in the early-1930s and decelerating rates circa 1945 were observed in both sexes, with further accelerations noted in the late-1950s (in women) and early-1960s (in men). Given the parameterization, increases in risk of HCC were seen in successive male and female generations between 1900 and 1935, followed by a further increase among successive cohorts born around 1960, with a reduction in risk in the most recent generations. The incidence rates of HCC in urban Shanghai from 1976 to 2005 have declined in both sexes, with the complex but similar patterns observed in successive generations suggestive of a shared changing prevalence in risk factors in men and women, with a role possibly for HBV interventions reducing risk of HCC in cohorts born after 1960. © 2011 Springer Science+Business Media B.V.",,
DES-175,26937,SCOPUS_ID:0030908756,10.1093/eurpub/7.2.199,"Intravenous drug users and AIDS: Knowledge, attitudes and behaviour in Calabria, Italy",European Journal Of Public Health,1997,Other/None,Cross-sectional,Cross-sectional,Other/None,Cross-sectional,Cross-sectional,False,False,False,False,True,AIDS; Attitudes; Behaviour; Intravenous drug users; Italy; Knowledge,"Objective: the aim of this study was to evaluate the knowledge, attitudes and behaviour of Italian intravenous drug users (IVDUs) regarding AIDS. Design: cross-sectional survey. Setting: 4 public drug treatment centres in Calabria, Italy. Participants: 157 IVDUs attending the clinics from March to October 1994 recruited on a voluntary basis. Measurements and results: a self-administered questionnaire consisting of questions on demographics, knowledge about AIDS, injecting and sexual behaviour and attitudes on drug-using and sexual activity was distributed to participants. Stepwise logistic regression was performed. Knowledge was significantly lower in married people (OR=0.22, 95% CI: 0.06-0.76) and in those with a lower income (OR=0.61, 95% CI: 0.38-0.97), while it was higher in IVDUs with a longer history of addiction (OR=1.19, 95% CI: 1.03-1.36). The 'sharing' of injecting equipment was significantly higher as the frequency of injection increased (OR=3.44, 95% CI: 1.17-10.36). The routine use of condoms was significantly lower in married people (OR=O.04, 95% CI: 0.01-0.43) and as the number of partners in the previous year increased (OR=0.39, 95% CI: 0.18- 0.83), while it was significantly more common in those who considered that getting AIDS was a likely event in their lives (OR=3.61, 95% CI: 1.20- 10.84). Knowledge was satisfactory in our population, except for methods of disinfection. The proportion of sharers in the previous 3 months (15.9%) was low. The routine use of condoms was still low, confirming resistance to seeking a safer sexual lifestyle. Conclusions: the results of our study confirm that changing sexually risky behaviour has proven more difficult than changing drug injection risk behaviour. Our findings suggest that an important target for AIDS prevention programmes may be the reduction of frequency of injection and that intervention strategies should shift their emphasis from drug use to sexual behaviour.",,
DES-176,41428,SCOPUS_ID:14644388091,10.1016/j.ypmed.2004.09.021,"Focused interviews with Sudanese Americans: Perceptions about diet, nutrition, and cancer",Preventive Medicine,2005,Other/None,Qualitative,Qualitative,Qualitative,Qualitative,Qualitative,False,False,False,False,False,Cancer; Dietary beliefs; Focus group; Food habits; Food practices; Food preparation methods,"Background. This study explored perceptions regarding diet, nutrition and cancer among Sudanese-Americans; and generated information for response options, components to questions, and actual questions for a pre-conceptualized diet, nutrition and cancer-related questionnaire to be used on this population. Methods. In a descriptive, qualitative study, data were collected from four focus group discussions with Sudanese-Americans (N = 18). Results. Most participants were fearful of cancer, associating it with death. Stress, genetics, and pesticides in vegetables were given as major causes of cancer. Fatalism towards cancer pervaded among a few participants. Male participants did not believe that dietary factors could be helpful in cancer prevention, while the females believed fried, fatty, smoked and fast foods could lead to cancer. Factors perceived as influencing food choices included money, cultural traditions and social class. Cultural tradition was perceived as the major barrier to changing food habits. Frying, stewing, grilling, boiling and fermenting were the most common food preparation methods reported. Conclusion. Perceptions regarding dietary practices, nutrition and cancer among Sudanese-Americans, some of which might have been overlooked were identified. The focus groups generated response options, components to questions, and actual questions for a pre-conceptualized diet, nutrition and cancer-related questionnaire to be used on Sudanese-Americans. © 2004 The Institute For Cancer Prevention and Elsevier Inc. All rights reserved.",,
DES-177,37247,SCOPUS_ID:84864023197,10.1136/jech.2010.114595,Increased risk of tuberculosis disease in people with diabetes mellitus: Record-linkage study in a UK population,Journal Of Epidemiology And Community Health,2012,Other/None,Cohort,Cohort,Other/None,Cohort,Cohort,False,False,False,False,True,,"Background The authors aimed to determine whether, and by how much, diabetes mellitus (DM) increases the risk of tuberculosis (TB) and conversely whether TB increases the risk of DM. Methods Retrospective cohort analyses using data from two Oxford Record Linkage Study (ORLS) datasets, containing information on hospital admissions and daycase care between 1963 and 1998 (ORLS1) and between 1999 and 2005 (ORLS2), were carried out. The rate ratio (RR) for tuberculosis after admission to hospital with diabetes and for diabetes after hospital admission with tuberculosis was calculated. Results In ORLS1, the RR for TB in people admitted to hospital with DM, comparing the latter with a reference cohort, was 1.83 (95% CI 1.26 to 2.60), and in ORLS2 the RR was 3.11 (1.17 to 7.03). RRs for pulmonary tuberculosis (PTB) and extrapulmonary tuberculosis (EPTB) within ORLS1 were similar at, respectively, 1.80 (1.16 to 2.67) and 1.98 (0.88 to 3.92). In ORLS 2 the RR for PTB was 2.63 (0.91 to 6.30). In ORLS1, there was no indication that TB was a risk factor for DM (RR 1.12, 0.76 to 1.60). The ORLS2 dataset was too small to analyse whether TB led to DM. Discussion DM was associated with a two- to threefold increased risk of TB within this predominantly white, English population. The authors found no evidence that TB increases the risk of DM. Our findings suggest that the risks of PTB and EPTB were both raised among individuals with DM. As DM prevalence rises, this association will become increasingly important for TB control and treatment.",,
DES-178,43449,SCOPUS_ID:84976567143,10.1016/j.ypmed.2016.05.018,CHILE: Outcomes of a group randomized controlled trial of an intervention to prevent obesity in preschool Hispanic and American Indian children,Preventive Medicine,2016,Experimental,Experimental,Experimental,Other/None,Experimental,Experimental,False,False,False,False,False,American Indian; BMI z-score; Childhood obesity; Hispanic; Intervention; Rural,"Objective We examined the outcomes of the Child Health Initiative for Lifelong Eating and Exercise (CHILE) study, a group randomized controlled trial to design, implement, and test the efficacy of a trans-community intervention to prevent obesity in children enrolled in Head Start centers in rural American Indian and Hispanic communities in New Mexico. Methods CHILE was a 5-year evidence-based intervention that used a socioecological approach to improving dietary intake and increasing physical activity of 1898 children. The intervention included a classroom curriculum, teacher and food service training, family engagement, grocery store participation, and healthcare provider support. Height and weight measurements were obtained four times (fall of 2008, spring and fall of 2009, and spring of 2010), and body mass index (BMI) z-scores in the intervention and comparison groups were compared. Results At baseline, demographic characteristics in the comparison and intervention groups were similar, and 33% of all the children assessed were obese or overweight. At the end of the intervention, there was no significant difference between the two groups in BMI z-scores. Conclusions Obesity prevention research among Hispanic and AI preschool children in rural communities is challenging and complex. Although the CHILE intervention was implemented successfully, changes in overweight and obesity may take longer than 2 years to achieve.",,
DES-179,29632,SCOPUS_ID:85123968979,10.1093/eurpub/ckab205,"Parental mental health, socioeconomic position and the risk of asthma in children - a nationwide Danish register study",European Journal Of Public Health,2022,Other/None,Cohort,Cohort,Other/None,Cohort,Cohort,False,False,False,False,False,,"Background: Parental mental illness affects child health. However, less is known about the impact of different severities of maternal depression and anxiety as well as other mental health conditions. The objective of this study was to examine the impact of different severities of maternal and paternal mental health conditions on child asthma. Methods: This nationwide, register-based cohort study included all children in Denmark born from 2000 to 2014. Exposure was parental mental health conditions categorized in three severities: minor (treated at primary care settings), moderate (all ICD-10 F-diagnoses given at psychiatric hospital) and severe (diagnoses of severe mental illness). The children were followed from their third to sixth birthday. Child asthma was identified by prescribed medication and hospital-based diagnoses. Incidence rate ratios were calculated using negative binomial regression analyses. Results: The analyses included 925 288 children; 26% of the mothers and 16% of the fathers were classified with a mental health condition. Exposed children were more likely to have asthma (10.6-12.0%) compared with unexposed children (8.5-9.0%). The three severities of mental health conditions of the mother and the father increased the risk of child asthma, most evident for maternal exposure. Additive interaction between maternal mental health conditions and disadvantaged socioeconomic position was found. Conclusion: We found an increased risk of asthma in exposed children, highest for maternal exposure. Not only moderate and severe, but also minor mental health conditions increased the risk of child asthma. The combination of mental health condition and disadvantaged socioeconomic position for mothers revealed a relative excess risk.",,
DES-180,22535,SCOPUS_ID:69549138742,10.1097/ede.0b013e3181aa2d96,Thromboembolic diseases in families of women with placental abruption,Epidemiology,2009,Other/None,Case-control,Case-control,Other/None,Case-control,Case-control,False,False,False,False,False,,"BACKGROUND: We explored the incidence of thromboembolic disease in relatives of women diagnosed with placental abruption, a condition that may be related to disordered coagulation. METHODS: Using data from a multicenter, case-control study of placental abruption, we assessed thromboembolic diseases in first-degree male and female relatives of women with and without abruption. The analysis was restricted to biologic parents and full siblings, below 65 years of age, and corrected for familial clustering. RESULTS: The prevalence of thromboembolic disease was 7.5% in 852 relatives of 212 placental abruption cases and 4.8% in 792 relatives of 206 controls. This increased risk was driven by an association among sisters of abruption probands (odds ratio = 6.8 [95% confidence interval = 1.8-26.0]), and to a lesser extent, among mothers (2.0 [1.0-4.2]). The risk of thromboembolic diseases was similar among the male relatives of placental abruption cases and controls. CONCLUSIONS: These data suggest that thromboembolic diseases aggregate within female relatives of women with placental abruption. © 2009 Lippincott Williams & Wilkins, Inc.",,
DES-181,25974,SCOPUS_ID:84925486260,10.1007/s10654-014-9969-1,Socio-economic status and co-morbidity as risk factors for trauma,European Journal Of Epidemiology,2015,Other/None,Case-control,Case-control,Case-control,Case-control,Case-control,False,False,False,False,False,Case–control; Co-morbidity; Gender; Outcome; Trauma,"Clinical experience and previous studies indicate that low socioeconomic positions are overrepresented in trauma populations. The reason for this social variation in injury risk is likely to be multifactorial. Both individual and environmental sources of explanation are plausible to contribute. We investigated the impact of the influence of socioeconomic factors and co-morbidity on the risk of becoming a trauma victim in a case–control study including 7,382 trauma patients matched in a one to five ratio with controls matched by age-, gender- and municipality from a level 1 trauma centre. Data from the trauma cohort were linked to national registries. Associations between socioeconomic factors and co-morbidity were estimated by conditional logistic regression. The trauma patients had been treated for psychiatric, substance abuse and somatic diagnoses to a higher extent than the controls. In the conditional logistic regression analysis a low level of education and income as well as co-morbidity (divided into psychiatric, substance abuse and somatic diagnoses) were all independent risk factors for trauma. Analysing patients with an injury severity score >15 separately did not alter the results, except for somatic diagnoses not being a risk factor. Recent treatment for substance abuse significantly increased the risk for trauma. Low level of education and income as well as psychiatric, substance abuse and somatic co-morbidity were all independent risk factors for trauma. Active substance abuse strongly influenced the risk for trauma and had a time dependent pattern. These insights can facilitate future implementation of injury prevention strategies tailored to specific risk groups.",,
DES-182,40759,SCOPUS_ID:0141737696,10.1016/s0091-7435(03)00145-2,Biological cardiovascular risk factors cluster in Danish children and adolescents: The European youth heart study,Preventive Medicine,2003,Other/None,Cross-sectional,Cross-sectional,Other/None,Cross-sectional,Cross-sectional,False,False,False,False,False,Adolescent; CHD risk factors; Clustering; Fatness; Fitness,"Background. The aim of this study was to determine whether the number of participants with multiple coronary heart disease (CHD) risk factors exceeded the number expected from a random distribution. Methods. A cross-sectional study of 1020 randomly selected boys and girls, 9 and 15 years old, was conducted. Risk factors were total cholesterol, HDL-cholesterol, triglyceride, serum insulin, and blood pressure. Physical fitness was assessed from a maximal cycle test and body fat from the sum of four skinfolds. Risk factors selected in the analysis were those related to the metabolic syndrome. Results. More participants than expected had four or five CHD risk factors. Four risk factors were found in 3.03 (95% confidence interval (CI): 2.24-4.10) times as many participants as expected from a random distribution and five risk factors were found in 8.70 (95% CI: 4.35-17.4) times as many participants as expected. Fifty (5.4%) had four or five risk factors and in these individuals physical fitness was 1.2 standard deviation (SD) lower and body mass index (BMI) 1.6 SD higher than mean values for the population. Conclusion. Clustering of risk factors for the metabolic syndrome was found in children and adolescents. Low levels of physical fitness and raised BMI in these individuals indicate that lifestyle factors such as physical activity and diet may influence the development of these unhealthy risk profiles. © 2003 American Health Foundation and Elsevier Inc. All rights reserved.",,
DES-183,2194,SCOPUS_ID:0033168936,10.1093/oxfordjournals.aje.a009918,Prevalence and determinants of prone sleeping position in infants: Results from two cross-sectional studies on risk factors for SIDS in Germany,American Journal Of Epidemiology,1999,Other/None,Other/None,Other/None,Cross-sectional,Cross-sectional,Cross-sectional,False,False,False,False,True,"Cross-sectional studies; Infant care; Infant, sleeping position; Intervention studies; Prevalence; Risk; Sudden infant death","The authors investigated whether there was a decline in infants sleeping prone and other modifiable risk factors for sudden infant death syndrome (sids) in Germany, where, as in some other countries, no nationwide intervention campaign against the prone sleeping position had been initiated. Data were obtained from parents by mailed questionnaires in two cross- sectional studies in 1991 (n = 3,330) and 1995 (n = 3,124). Prevalence of prone sleeping decreased from 37.6% to 8.7% (p < 0.05) in the German population and from 44.1% to 32.0% (p < 0.05) in the Turkish immigrant population. Parents who laid their infants prone in 1995 were less likely to follow advice from physicians, public media, and other parents (relative risks < 0.5, p < 0.05) and were more likely to have a low educational level, to be <20 years old, to be single parents, to have two or more children, to be raised in West Germany, or to be of Turkish ethnicity. Although the information on prone sleeping being a risk factor for SIDS became known among the population, these data suggest that subgroup-specific public intervention campaigns may be needed to reduce the prevalence of prone sleeping even further in those countries where no nationwide campaign has been initiated.",,
DES-184,19878,SCOPUS_ID:85020548273,10.2105/ajph.2017.303767,Use of a digital health application for influenza surveillance in China,American Journal Of Public Health,2017,Other/None,Ecological / Time-series,Ecological / Time-series,Other/None,Ecological / Time-series,Ecological / Time-series,False,False,False,False,False,,"Objectives. To examine whether a commercial digital health application could support influenza surveillance in China. Methods. We retrieved data from the Thermia online and mobile educational tool, which allows parents to monitor their children's fever and infectious febrile illnesses including influenza. We modeled monthly aggregated influenza-like illness case counts from Thermia users over time and compared them against influenza monthly case counts obtained from the National Health and Family Planning Commission of the People's Republic of China by using time series regression analysis. We retrieved 44 999 observations from January 2014 through July 2016 from Thermia China. Results. Thermia appeared to predict influenza outbreaks 1 month earlier than the National Health and Family Planning Commission influenza surveillance system (P = .046). Being younger, not having up-to-date immunizations, and having an underlying health condition were associated with participant-reported influenza-like illness. Conclusions. Digital health applications could supplement traditional influenza surveillance systems in China by providing access to consumers' symptom reporting. Growing popularity and use of commercial digital health applications in China potentially affords opportunities to support disease detection and monitoring and rapid treatment mobilization.",,
DES-185,2095,SCOPUS_ID:0032753470,10.1093/oxfordjournals.aje.a009927,Mortality in nondemented subjects with cognitive impairment: The influence of health-related factors,American Journal Of Epidemiology,1999,Other/None,Cohort,Cohort,Other/None,Cohort,Cohort,False,False,False,False,False,Aged; Apolipoprotiens E; Chronic disease; Cognition; Comorbidity; Dementia; Frail elderly; Health,"Nondemented older subjects with cognitive impairment are at higher risk of death than are mentally intact persons. It is unknown whether the effect of cognitive impairment on mortality is independent or mediated by poorer health or other factors. To address this issue, the authors used a prospective population-based cohort study with 8 years of follow-up started in 1987 in the urban district of Kungsholmen, Stockholm, Sweden. Subjects were all 75- to 95-year-old subjects nondemented at baseline (n = 1,435). Data on cognition, health (mental and subjective health, physical diseases and comorbidity, nutritional status and disability), and apolipoprotein E genotype were collected at baseline as was time of death at follow-up. Cognitive impairment was defined on the basis of age- and education-specific cutoffs on the Mini-Mental State Examination. When compared with cognitively unimpaired subjects (n = 1,210), those cognitively impaired (n = 225) had poorer health conditions, were more frequently apolipoprotein E ε4 carriers, and had greater mortality risk (hazard ratio = 1.7; 95% confidence interval: 1.5, 2.1). Neither health nor apolipoprotein E genotype accounted for the association of cognitive impairment with mortality (adjusted hazard ratio = 1.6; 95% confidence interval: 1.3, 1.9). The functional and behavioral consequences associated with the progression of cognitive impairment may mediate the increased mortality risk.",,
DES-186,30696,SCOPUS_ID:0028280942,10.1093/ije/23.1.66,A time-series analysis of trends in firearm-related homicide and suicide,International Journal Of Epidemiology,1994,Ecological / Time-series,Ecological / Time-series,Ecological / Time-series,Other/None,Ecological / Time-series,Ecological / Time-series,False,False,False,False,False,,"MacDonald I L (Actuarial Science Section, Department of Business Science, University of Cape Town, Rondebosch 7700, South Africa) and Lerer L B. A time-series analysis of trends in firearm-related homicide and suicide, International Journal of Epidemiology 1994; 23: 66-72.In order to determine whether firearm use was an increasing component of the general pattern of homicide in Cape Town, South Africa, hidden Markov time-series models were used to examine a week-by-week count of firearm homicides, non-firearm homicides, firearm suicides and non-firearm suicides for the 6-year period from 1986 to 1991. Of several models fitted to the proportion of homicides that involved firearms, the one which incorporated a discrete upward shift in the middle of 1991 was the most successful. There was no evidence of a similar upward shift in the proportion of the suicides that involved firearms. The sharp increase in 1991 in the probability that a homicide involved the use of a firearm is consistent with a reported upsurge in violence related to the so-called 'taxi wars'. Hidden Markov models, as a general methodology for the analysis of discrete-valued time series, may be a useful and flexible means of identifying time trends or points of transition related to events or interventions in a wide range of public health contexts. © 1994 International Epidemiological Association.",,
DES-187,15047,SCOPUS_ID:2642704215,10.2105/ajph.88.6.924,Injury and anomie: Effects of violence in an inner-city community,American Journal Of Public Health,1998,Other/None,Qualitative,Qualitative,Other/None,Qualitative,Qualitative,False,False,False,False,True,,"Objectives. Widespread violence affects individuals but also alters group life. This study was designed to examine the effects of violence on an inner city community. Methods. A qualitative study was undertaken that included field observation and semistructured interviews. The study took place in Washington Heights, a New York City neighborhood with a high rate of violence largely by secondary to the drug trade. Results. The 100 people interviewed differed widely in their definitions of violence and in their likelihood of having experienced violence acts in the course of daily life. High medium and low violence microenvironments were identified risk of exposure to violence, but not individual definitions of violence differed by location. Violence in all parts of the neighborhood inhibited social interactions but the intensity of this effect differed by microenvironment. Conclusions. In Washington Heights violence has injured individuals and fractured social relationships leading to the state of social disarray referred to as 'anomie.' The public health response to the violence epidemics should address anomie through community organizing efforts.",,
DES-188,36510,SCOPUS_ID:34147198203,10.1136/jech.2006.053538,The effectiveness and cost effectiveness of a national lay-led self care support programme for patients with long-term conditions: A pragmatic randomised controlled trial,Journal Of Epidemiology And Community Health,2007,Experimental,Experimental,Experimental,Other/None,Experimental,Experimental,False,True,True,False,True,,"Objective: Supporting patients' self care could have a major effect on the management of long-term conditions, which has led to worldwide interest in effective self care interventions. In England, self care support is being developed through the ""Expert Patients Programme"", which provides lay-led generic courses to improve patients' self care skills. However, the clinical and cost effectiveness of such courses remains unclear. Methods: Two-arm pragmatic randomised controlled trial design with waiting list control in community settings in England. 629 patients with a wide range of self-defined long-term conditions were studied. The lay-led self care support group involved 6-weekly sessions to teach self care skills. Primary outcomes were self-efficacy, reported energy and routine health services utilisation at 6 months. A cost-effectiveness analysis was also conducted. Results: Patients receiving immediate course access reported considerably greater self-efficacy and energy at 6-month follow-up, but reported no statistically significant reductions in routine health services utilisation over the same time period. The cost-effectiveness analysis showed that patients receiving immediate course access reported considerably greater health related quality of life, and a small reduction in costs. If a quality adjusted life year was valued at £20 000 ($39 191; €30 282), there was a 70% probability that the intervention was cost effective. Conclusions: Lay-led self care support groups are effective in improving self-efficacy and energy levels among patients with long-term conditions, and are likely to be cost effective over 6 months at conventional values of a decision-maker's willingness to pay. They may be a useful addition to current services in the management of long-term conditions.",,
DES-189,26884,SCOPUS_ID:0013506645,10.1093/eurpub/6.1.2,Working in the field: The psychiatric nurse as a 'libero' in the community health services,European Journal Of Public Health,1996,Other/None,Qualitative,Qualitative,Other/None,Qualitative,Qualitative,False,False,False,False,False,Community psychiatric nursing; Existentialism; Hermeneutics; Libero; Phenomenology; Public health,"The present article explores the characteristics of community psychiatric nursing as it is revealed in 2 Norwegian counties. Sixteen psychiatric nurses participated in a qualitative research interview, based on a phenomenological and hermeneutic understanding. The findings show that the psychiatric nurses act as 'liberos' in the community health services. Paraphrasing the nurse as a 'libero', is done to depict her functions: a libero is the hindmost defence player on a football field, who has the freedom to establish interplay and unorthodox alliances. The libero can move freely all over the field, varying between attack and defence. In this study, the nurses show that expectations of being socially involved are understood as something they ought to incorporate both in their professional knowledge and practice. The obligation towards the individual client is, however, deeply rooted in their attitudes. Community psychiatric nursing seemed to develop in a dialectical process between a humanistic-existential approach and an object-centred approach. Based on the findings, one can differentiate 2 modes of practice: i) the relation model and ii) the public health model. Most of the nurses have their anchorage in the first model, but they are apparently moving in the direction of the second.",,
DES-190,28839,SCOPUS_ID:85055618322,10.1093/eurpub/cky152,The perspectives of politicians on tobacco control in Turkey,European Journal Of Public Health,2018,Other/None,Ecological / Time-series,Ecological / Time-series,Other/None,Ecological / Time-series,Ecological / Time-series,False,True,True,False,True,,"Background Tobacco use is a leading but preventable cause of non-communicable diseases and premature death. The legislature has a key role in setting tobacco control policies. Smoking trends are decreasing thanks to the introduction of effective tobacco control policies in Turkey and these policies may have been shaped by how politicians' interpreted social problems that were prominent during the development and implementation of tobacco regulations. Aim This paper explores the long-term national relationship between tobacco consumption, tobacco control policies and the associated political discourse in Turkey, considering the varying influences through national leadership on this important public health agenda. This relationship is studied by comparing a time series analysis of tobacco consumption trends with a policy analysis of the minutes of deliberations at the Grand National Assembly of Turkey (GNAT). Methods This study uses Bayesian time series analysis in order investigate whether the tobacco control policies and related activities influenced the annual per adult cigarette consumption in Turkey. We used a novel method to identify change points in tobacco trends and whether they correspond with key policy changes intended to alter usage after adjusting for the effect of other non-policy related covariates, such as the purchasing power. The policy analysis included an examination of the minutes of deliberations at the GNAT - which is the Turkish parliament and unicameral Turkish legislature - 1 year before and 1 year after the break years associated with an increase or decrease in tobacco consumption. Results and recommendations Tobacco consumption increased with the encouragement of tobacco production and the entrance of multinational companies in the country in 1976 and 1993, respectively. The National Tobacco Law of 1996 and comprehensive amendments in 2008, including smoke-free public places and tax increases, appear to have helped reduce tobacco consumption in Turkey. The focus of Parliamentary discussions throughout this period changed, becoming less supportive of tobacco over time. However, throughout the period there remained discussions focussing on concerns around the implications for the economy and the privatization agenda, national agriculture and the welfare of farmers. Effective control appears to require certain political ingredients to be implemented: politicians who are well informed on tobacco control measures and understand the range of issues surrounding the policies (not only those directly health-related); and supportive public health information in the community. Evidence-based public health policy should be introduced to the politicians.",,
DES-191,43090,SCOPUS_ID:84890138454,10.1016/j.ypmed.2013.10.023,"Personal, social and environmental correlates of physical activity in adults from Curitiba, Brazil",Preventive Medicine,2014,Other/None,Cross-sectional,Cross-sectional,Other/None,Cross-sectional,Cross-sectional,False,False,False,False,False,Adults; Leisure; Moderator; Physical activity; Social-ecological model,"Background: Leisure-time physical activity is a complex behavior influenced by factors at multiple levels. Objective: To examine the associations between intrapersonal, interpersonal, environmental factors and leisure-time walking (LTW) and leisure-time physical activities (LTPA), excluding walking. We also examined the moderating effect of sociodemographic characteristics on these associations. Methods: A cross-sectional study was conducted with 1461 adults from Curitiba, Brazil (63.7% women). LTW and LTPA were assessed through the International Physical Activity Questionnaire (IPAQ), and a cutoff point of ≥. 150. min/week was used. Associations were examined through multilevel logistic regressions. Results: LTW was positively associated with self-efficacy, enjoyment, social support from family and friends, presence of public places for leisure and neighborhood esthetics. LTPA was associated with self-efficacy, enjoyment, social support from family and friends, safety from crime and neighborhood esthetics. Safety from crime was a predictor of LTPA among older adults only. Conclusions: Factors at multiple levels were associated with LTW and LTPA. Interventions to promote LTPA would likely benefit from considering personal, social and environmental factors and different levels of influence. © 2013 Elsevier Inc.",,
DES-192,29279,SCOPUS_ID:85084299221,10.1093/eurpub/ckz124,Perceived quality of HIV care and client satisfaction across different service providers in Ukraine,European Journal Of Public Health,2020,Other/None,Cross-sectional,Cross-sectional,Other/None,Cross-sectional,Cross-sectional,False,False,False,False,True,,"Background: Prior studies have shown that high client satisfaction and quality of services are important drivers of uptake and retention in human immunodeficiency virus (HIV) care. Study objectives were to assess the perceived quality of HIV services, satisfaction and associated factors across different types of health facilities in Ukraine. Methods: We conducted a cross-sectional study among 649 individuals receiving HIV services across 47 health facilities in three regions of Ukraine. Primary outcomes were satisfaction and perceived quality of services measured along five dimensions: accessibility, user-friendliness, privacy and confidentiality, comprehensiveness (separately for testing and treatment services). Quality dimensions were constructed by confirmatory factor analysis. Links between quality dimensions, satisfaction and related factors were measured by structural equation modelling. Results: Median scores for accessibility, user-friendliness, privacy and confidentiality, comprehensiveness of services and overall satisfaction ranged from 0.75 to 1 out of 1. User-friendliness was the main determinant associated with satisfaction (total effect: β = 0.515, P < 0.001). Satisfaction was higher at primary healthcare centres (direct effect: β = 0.145, P < 0.001; indirect effect through accessibility: β = 0.060, P < 0.001), narcological/tuberculosis dispensaries (direct effect: β = 0.105, P = 0.006; indirect effect through accessibility: β = 0.060, P < 0.001) and hospitals (indirect effects through user-friendliness and accessibility: β = 0.180, P < 0.001) when compared to acquired immune deficiency syndrome centres. Conclusions: User-friendliness is a key driver of client satisfaction with HIV services in Ukraine. Decentralization of services, together with improved training and supervision for provider-client interactions may provide important levers to improve client satisfaction with HIV services and enrolment and retention in the cascade of HIV services.",,
DES-193,23614,SCOPUS_ID:85085713569,10.1097/ede.0000000000001194,Do Election Laws Restricting Public Road Publicity Reduce Road Traffic Crashes and Their Consequences?,Epidemiology,2020,Other/None,Quasi-experimental,Quasi-experimental,Quasi-experimental,Quasi-experimental,Other/None,False,True,False,True,False,Chile; Difference in Difference; Interrupted Time Series; Traffic Crashes; Traffic Injuries; Visual Pollution,"Background: In April 2016, Chile enacted the Law 20,900, which restricted electoral publicity on public roads. It established two important regulations: First, candidates were allowed, 30 days before any election, to publicize their campaigns in specific street locations. Second, roadside publicity must follow strict size standards to avoid visual contamination. This article examines the impact of this regulation in reducing road traffic crashes. Methods: We obtained a number of traffic injuries and fatalities per population from public records. A time-series difference-in-difference study, using generalized linear models with an interaction between time-period and intervention, compared a municipal election period before the introduction of Law 20,900 (2012) to the first municipal election affected by the law (2016). We adjusted for precipitation and temperature, and applied models to three cities: Santiago, Gran-Valparaíso, and Concepción. We assessed the overall impact of the intervention using random effects meta-analyses. Results: The law was associated with a decrease of 0.01 (95% confidence interval [CI]:-0.02,-0.00) in Santiago, a decrease of 0.01 (95% CI:-0.03,-0.00) in Valparaíso and an increase of 0.09 (95% CI: 0.06, 0.13) in Concepción, in all daily injuries and fatalities per 100,000 population. After 40 days of its implementation, the intervention was associated with a mild absolute reduction of 34 (95% reduction interval:-270, 67) traffic injuries and fatalities. Conclusions: This study estimates that the regulation of public road publicity had an overall mild effect on reducing traffic injuries and fatalities in three large cities in Chile.",,
DES-194,21742,SCOPUS_ID:0033784490,10.1097/00001648-200011000-00015,Do parental factors affect male and female fertility?,Epidemiology,2000,Other/None,Cohort,Cohort,Other/None,Cohort,Cohort,False,False,False,False,False,Fecundity; Fertility; Maternal smoking; Parental age; Parental factors; Time to pregnancy,"There is little published evidence on parental characteristics and the fertility of their offspring of either sex. Maternal smoking has been reported to reduce fertility in both sexes and was also suggested to be relevant to the health of the male reproductive system on the basis of descriptive epidemiology. We undertook a cohort study based on a sample representative of the British population born in 1958 who have been followed up since birth. The outcome variable was time to pregnancy measured in months, up to age 33 years. Antecedent variables were the age of both parents; maternal smoking, height, prepregnancy body mass index, and parity; and paternal social class (manual/nonmanual labor). First births to cohort members were analyzed using a Cox logistic model for discrete 'survival' times. A total of 1,714 and 2,587 values of time to pregnancy were available, respectively, for male and female cohort members. In the unadjusted analyses, all odds ratios were in the range 0.9-1.1, apart from the father's social class. In the adjusted analyses, this effect also disappeared. We conclude that the observed heterogeneity in biological fertility is unrelated to those characteristics of parents that we were able to analyze.",,
DES-195,36073,SCOPUS_ID:4644231980,10.1136/jech.2003.016089,"Malaria, from natural to supernatural: A qualitative study of mothers' reactions to fever (Dienga, Gabon)",Journal Of Epidemiology And Community Health,2004,Qualitative,Qualitative,Qualitative,Other/None,Qualitative,Qualitative,False,False,False,False,False,,"Objective: Decision making for health care at the household level is a crucial factor for malaria management and control among young children. This study sought to determine exactly how mothers reacted when faced with fever in a child. Design: Qualitative study based on in depth semistructured interviews of mothers and free form discussion with traditional healers (Nganga). Setting: Village of Dienga, a rural area of Gabon (Central Africa). Participants: 12 mothers and three traditional healers. Results: All mothers thought that fever and malaria were identical. Mothers home treated or went to the village treatment centre, or both, on the last episode of fever, if they judged it to be ""natural"" fever. However, if fever was thought to be a result of malicious intent, then a Nganga was consulted first. It was believed that strong and above all persistent fever was ""supernatural"". In this case, traditional treatment was thought to be best. Conclusions: Results indicate that fever is perceived as a dual condition, with two distinct but non-mutually exclusive aetiologies (either ""natural"" or from witchcraft). In contrast with what is commonly believed, there seems to be no clear cut distinction between diseases suitable for management by western medicine and diseases to be managed solely by traditional health practitioners. Moreover, these data do not support the commonly held notion that the decision to seek western medicine to treat fever is considered a ""last resort"". Results strongly imply that some severe cases of fever, being initially considered supernatural, may partially or completely escape medical attention.",,
DES-196,10159,SCOPUS_ID:84867524282,10.1016/j.amepre.2012.06.025,Active living by design sustainability strategies,American Journal Of Preventive Medicine,2012,Other/None,Qualitative,Qualitative,Other/None,Qualitative,Qualitative,False,False,False,False,False,,"Background: Despite substantial increases in improving the translation of health promotion research into practice, community initiatives still struggle with maintaining changes once grant funding has ended. Researchers, funders, and community practitioners are interested in practices that maintain and sustain their efforts. Purpose: This qualitative study conducted a content analysis of evaluation findings from Active Living by Design (ALbD) to identify activities that community coalitions implemented to maintain their initiative and secure ongoing influence in communities. Methods: Investigators analyzed data from interviews, focus groups, and the Progress Reporting System to identify sustainability approaches clustering into five areas: partnership expansion, sustainable funding, permanent advisory committees, policy change, and institution/organization change. Results: Partnership expansion occurred across sectors and disciplines and into broader geographic areas. Additional funding extended beyond grants to earned income streams and dedicated tax revenues. Permanent advisory committees were established to inform decision makers about a range of active living impacts. Policy changes in zoning and comprehensive plans ensured maintenance of health-promoting built environments. Sustainability through institution/organization changes led to allocation of dedicated staff and incorporation of active living values into agency missions. Conclusions: Active Living by Design partnerships defined and messaged their projects to align with policymakers' interests and broad partnership audiences. They found innovative supporters and adapted their original vision to include quality of life, nonmotorized transport, and other complementary efforts that expanded their reach and influence. These sustainability strategies altered awareness within communities, changed community decision-making processes, and created policy changes that have the potential to maintain environments that promote physical activity for years to come. © 2012 American Journal of Preventive Medicine.",,
DES-197,17424,SCOPUS_ID:67049110381,10.2105/ajph.2008.140681,Public health responses to the HIV epidemic among black men who have sex with men: A qualitative study of US Health Departments and Communities,American Journal Of Public Health,2009,Qualitative,Other/None,Qualitative,Other/None,Qualitative,Qualitative,False,False,False,False,False,,"In the United States, Black men who have sex with men (MSM) are disproportionately affected by HIV/AIDS. Thus, there is a need to understand the challenges facing health departments and community-based organizations responding to the HIV epidemic among this population. We interviewed 71 AIDS program directors, health department staff, and leaders of communitybased organizations in 9 states and the District of Columbia. Participants identified psychosocial factors, a lack of capacity-building efforts, and stigma as barriers to HIV prevention responses targeting Black MSM. Participants identified culturally competent staff and culturally sensitive interventions as facilitating prevention responses. To ensure that HIV/AIDS interventions targeting Black MSM are effective, it is imperative to solicit the perceptions of frontline workers in health departments and community-based organizations.",,
DES-198,20891,SCOPUS_ID:85185703642,10.2105/ajph.2023.307518,"1965 US Voting Rights Act Impact on Black and Black Versus White Infant Death Rates in Jim Crow States, 1959–1980 and 2017–2021",American Journal Of Public Health,2024,Other/None,Quasi-experimental,Quasi-experimental,Other/None,Quasi-experimental,Quasi-experimental,False,True,False,True,False,,"Objectives. To investigate the impact of the US Voting Rights Act (VRA) of 1965 on Black and Black versus White infant deaths in Jim Crow states. Methods. Using data from 1959 to 1980 and 2017 to 2021, we applied difference-in-differences methods to quantify differential pre–post VRA changes in infant deaths in VRA-exposed versus unexposed counties, controlling for population size and social, economic, and health system characteristics. VRA-exposed counties, identified by Section 4, were subject to government interventions to remove existing racist voter suppression policies. Results. Black infant deaths in VRA-exposed counties decreased by an average of 11.4 (95% confidence interval [CI] 5 1.7, 21.0) additional deaths beyond the decrease experienced by unexposed counties between the pre-VRA period (1959–1965) and the post-VRA period (1966–1970). This translates to 6703 (95% CI 5 999.6, 12 348) or 17.5% (95% CI 5 3.1%, 28.1%) fewer deaths than would have been experienced in the absence of the VRA. The equivalent differential changes were not significant among the White or total population. Conclusions. Passage of the VRA led to pronounced reductions in Black infant deaths in Southern counties subject to government intervention because these counties had particularly egregious voter suppression practices. (Am J Public Health. 2024;114(3):300–308. https://doi.org/10.2105/AJPH.2023.307518)",,
DES-199,43983,SCOPUS_ID:85047638321,10.1016/j.ypmed.2018.05.021,The challenge of HPV vaccination uptake and opportunities for solutions: Lessons learned from Alabama,Preventive Medicine,2018,Other/None,Other/None,Other/None,Qualitative,Qualitative,Qualitative,False,False,False,False,True,Cervical cancer; Cervical cancer prevention; HPV; HPV vaccine; Human papillomavirus; Oropharyngeal cancer; Qualitative research,"The human papillomavirus (HPV) vaccine is an important tool for cancer prevention. However, vaccination rates in Alabama, a state with high rates of HPV-related cancers, remain below the national average. Our objective was to develop a comprehensive assessment of HPV vaccination in our state, with the goal to make recommendations for tailored multilevel interventions. A multimodal approach with quantitative and qualitative data was used to determine barriers and facilitators to HPV vaccination in Alabama. This included a survey of pediatric care providers and structured interviews with pediatricians, parents, nurses and community stakeholders. Two separate investigators evaluated the interview transcripts for major themes that occurred in 65% or more interviews. Major barriers included lack of knowledge, concerns about vaccine safety, and the link between the HPV vaccine and sexuality. Qualitative interviews further revealed barriers such as misinformation received from the internet and parental vaccine hesitancy. Opportunities for increasing vaccination include parental education, establishment of a reminder system, increasing access to HPV vaccine providers, and education for providers. Additional facilitators revealed through interviews included: trust in physicians, using the internet or social media to propagate positive messaging, physicians and clinical staff education, utilizing existing technology more effectively, highlighting nurses' roles as partners in HPV prevention, and the potential of schools as a venue for promotion of the vaccine. Our data are consistent with prior research showing major barriers to HPV vaccination. Several recommendations for optimizing HPV vaccination uptake in Alabama on the patient, provider and system level are given.",,
DES-200,19422,SCOPUS_ID:84929346987,10.2105/ajph.2014.302522,"Research done in ""A good way"": The importance of indigenous elder involvement in HIV community-based research",American Journal Of Public Health,2015,Other/None,Qualitative,Qualitative,Other/None,Qualitative,Qualitative,False,False,False,False,False,,"Objectives. We examined the role that Indigenous Elders can play in ensuring that community-based research (CBR) is conducted ethically. Methods. We present data from a larger qualitative study exploring ethical issues that occur in HIV-related CBR through the experiences of researchers engaged in CBR. Between May 2010 and July 2011, we interviewed 51 academic and community research team leaders of federally funded HIV CBR studies. We used thematic analysis techniques to identify themes. Results. Participating researchers engage Elders in research because Elders are keepers of Indigenous knowledge, dynamic ethical consultants, community protectors, and credible sources of information who are able to counsel and support, mediate conflict, provide local context and history, and conduct ceremonial roles. Potential challenges cited by participants to engaging Elders in research include finding the right ""fit,"" approaching Elders in a culturally appropriate way, and bureaucratic environments that do not honor Indigenous processes. Conclusions. Culturally appropriate Elder engagement in HIV CBR with Indigenous communities is vital for promoting positive relationships and culturally safe research that respects ceremony and Indigenous ways of knowing.",,
DES-201,2065,SCOPUS_ID:0031963005,10.1093/oxfordjournals.aje.a009369,Nationwide oral poliovirus vaccination campaign and the incidence of Guillain-Barre syndrome,American Journal Of Epidemiology,1998,Other/None,Ecological / Time-series,Ecological / Time-series,Other/None,Ecological / Time-series,Ecological / Time-series,False,False,False,False,False,"Poliovirus vaccine, oral; Polyradiculoneuritis; Vaccination","A retrospective analysis of the incidence of Guillain-Barre syndrome (GBS) in Finland in 1981-1986 was carried out by careful examination of medical records identified from nationwide Hospital Discharge Register data based on a mean total population of 5 million people. Records from 247 patients fulfilled the accepted criteria of GBS corresponding to a mean annual incidence of 0.82 per 100,000 population. Monthly rates showed an increased incidence of GBS in March 1985, following by a few weeks the onset of the nationwide oral poliovirus vaccine campaign and partly overlapping it. Analysis of the time series in depth suggested, however, that a change point in the occurrence of GBS had already taken place before the oral poliovirus vaccine campaign. Widespread circulation of wild-type 3 poliovirus in the population immediately preceded the oral poliovirus vaccine campaign and the peak occurrence of GBS. These results demonstrate a temporal association between poliovirus infection, caused by either wild virus or live attenuated vaccine, and an episode of increased occurrence of GBS, but they cannot prove the suspected cause-effect relation between GBS and oral poliovirus vaccine administration.",,
DES-202,42085,SCOPUS_ID:78649692072,10.1016/j.ypmed.2010.09.015,Public perceptions of cardiovascular risk factors in Croatia: The PERCRO survey,Preventive Medicine,2010,Other/None,Other/None,Other/None,Experimental,Experimental,Experimental,False,False,False,False,True,Coronary heart disease; Exercise; Guidelines; Hypercholesterolemia; Hypertension; Myocardial infarction; Prevention; Risk factors,Objective: Since there are almost no data about the perceptions and attitudes of the general public concerning risk factors for cardiovascular diseases (CVD) this survey was performed. Method: Face-to-face interviews were conducted based upon a questionnaire with 883 members of the general population from different parts of Croatia in October-November 2008. Results: 36.1% of them correctly identified CVD as the leading cause of death but the most feared disease was cancer (40.0%). CVD was on the second place with only 21.6%. 30.9% was aware that elevated LDL-cholesterol increases CVD risk but 49.0% knew that high HDL-cholesterol is beneficial. 43.3% knew their total cholesterol (TC) value and 74.4% knew their blood pressure (BP). 30.9% knew what their target TC should be and 33.9% knew what their target BP should be. The knowledge about TC and BP target values was positively associated with higher educational level. 53.2% of the general public reported that they have never discussed any CVD risk factor with their physician. Conclusion: These data suggest insufficient awareness of CVD risk factors in general population and a need for improved promotion of CVD prevention. To achieve this people and physicians should be motivated by the health authorities and/or insurance companies. © 2010 Elsevier Inc.,,
DES-203,22166,SCOPUS_ID:1542715782,10.1097/01.ede.0000101749.28283.de,Residential exposure to traffic in California and childhood cancer,Epidemiology,2004,Other/None,Other/None,Other/None,Other/None,Other/None,Other/None,False,False,False,False,False,,"Background: Motor vehicle emissions are a major source of air pollution in California. Past studies have suggested that traffic-related exposures can increase the risk of childhood cancer, particularly leukemia. Methods: From California's statewide, population-based cancer registry, we identified cancers diagnosed in children younger than 5 years of age between 1988 and 1997. We matched these cases to California birth certificates. For each case, we randomly selected 2 control birth certificates, matched by birth date and sex. For each mother's residential address at the time of her child's birth, we calculated road density by summing the length of all roads within a 500-foot radius of the residence. Traffic density was based on road lengths and vehicle traffic counts for highways and major roads. Results: The distributions of road and traffic density values were very similar for the 4369 cases and 8730 matched control subjects. For all cancer sites combined, the odds ratio (OR) for the highest road density exposure category, compared with the lowest, was 0.87 (95% confidence interval [CI] = 0.75-1.00). For all sites combined and for leukemia, the ORs were also below 1.0 for the highest traffic density exposure category (0.92 for both). For central nervous system tumors, the OR was 1.22 (CI = 0.87-1.70). Conclusions: In a large study with good power, we found no increased cancer risk among offspring of mothers living in high traffic density areas for all cancer sites or leukemia. Copyright © 2003 by Lippincott Williams & Wilkins.",,
DES-204,25780,SCOPUS_ID:84860281409,10.1007/s10654-012-9653-2,"The aging population in Sweden: Can declining incidence rates in MI, stroke and cancer counterbalance the future demographic challenges?",European Journal Of Epidemiology,2012,Other/None,Other/None,Other/None,Experimental,Experimental,Experimental,False,False,False,False,False,Cancer; Demography; Incidence trends; Myocardial infarction; Projections; Stroke; Sweden,"It is often taken for granted that an ageing population will lead to an increased burden for the health care sector. However, for several diseases of big public health impact the rates have actually come down for a substantial period of time. In this study we investigate how much the incidence rates for myocardial infarction (MI), stroke, and cancer will have to decline in order to counterbalance future demographic changes (changes in population size and age structure) and compare these figures with observed historical trends. Information on incidence rates were obtained from the National Board of Health and Welfare and referred to the total Swedish population. Population projections were obtained from Statistics Sweden. We projected the number of MI events to increase 50-60% between 2010 and 2050. The decline in incidence rates that is required to keep the number of events constant over time is, on average, 1.2%/year for men and 0.9%/year for women, somewhat higher than the trend for the past 10 years. For stroke the corresponding figures were 1.3% (men) and 1% (women), well in line with historical trends. For cancer the results indicate an increasing number of events in the future. Population ageing is more important than population growth when projecting future number of MI, stroke and cancer events. The required changes in incidence rates in order to counterbalance the demographic changes are well in line with historical figures for stroke, almost in line regarding MI, but not in line regarding cancer. For diseases with age dependence similar to these diseases, a reduction of incidence rates in the order of 1-2% is sufficient to offset the challenges of the ageing population. These are changes that have been observed for several diseases indicating that the challenges posed by the ageing population may not be as severe as they may seem when considering the demographic component alone. © Springer Science+Business Media B.V. 2011.",,
DES-205,24771,SCOPUS_ID:17944379554,10.1023/a:1017580329538,Screening for tuberculosis upon admission to shelters and free-meal services,European Journal Of Epidemiology,2001,Other/None,Other/None,Other/None,Other/None,Other/None,Other/None,False,False,False,False,True,Homeless; Screening; Tuberculosis,"Background: The homeless are at very high risk of suffering tuberculosis (TB). The aims of this study were to determine the prevalence and risk factors for tuberculosis infection and disease among the homeless in Barcelona and to evaluate the roles of case finding and contact investigation. Methods: Observational prevalence study carried out between 1997 and 1998. Participants: 447 homeless patients (394 men and 53 women) were evaluated before admission to shelters and free-meal services. At the same time, 48 co-residents with smear-positive TB patients in 2 long-term shelters were evaluated too. A chest X-ray and Tuberculin Skin Test were performed on all subjects. Sputum smears were processed by the Ziehl-Neelsen and Löwenstein-Jensen procedures in patients with radiographic findings consistent with pulmonary TB. Results: Of the 447 homeless examined, 335 (75%) were infected with Mycobacterium tuberculosis. Active pulmonary TB was diagnosed in five persons (1.11%), and 62 (13.8%) had radiographic evidence of inactive pulmonary TB. Tuberculosis infection was associated with age and smoking, but not with sex or alcohol abuse. No significant differences in infection rates were found between the main group and 48 homeless co-residents of smear-positive subjects. Only 16.9% of the homeless with active TB in Barcelona in the same period were diagnosed through active case-finding, the remainder being mainly detected in hospitals (69.8%) and other several centres (13.3%). Conclusions: Homeless individuals have a very high risk of TB infection and disease and contact investigation requires specific methods for them. Programmes of screening and supervised treatment should be ensured in this group.",,
DES-206,12949,SCOPUS_ID:85198216217,10.1016/j.amepre.2024.06.003,"Arrest History and Health Among U.S. Sexual and Gender Minority Youth, 2022",American Journal Of Preventive Medicine,2024,Other/None,Cross-sectional,Cross-sectional,Other/None,Cross-sectional,Cross-sectional,False,False,False,False,True,,"Introduction: Sexual and gender minority youth, who experience high mental and behavioral health needs, are overrepresented in the criminal legal system, which may exacerbate these needs. This study examined the associations between arrest history and mental and behavioral health among sexual and gender minority youth. Methods: Using cross-sectional survey data from the 2022 LGBTQ+ National Teen Survey, this study created a case–control sample of 287 sexual and gender minority youth with an arrest history and 1,148 propensity-matched sexual and gender minority youth without an arrest history. Associations between arrest history and sexual and gender minority developmental milestones, minority stressors, and mental and behavioral health outcomes were examined. Statistical analyses were conducted between 2022 and 2024. Results: Arrest history was significantly associated with several sexual and gender minority developmental milestones (e.g., earlier age of identity realization and disclosure) and minority stressors (e.g., greater bullying and parental rejection). Sexual and gender minority youth with an arrest history had poorer mental and behavioral health, including greater sleep disturbance (AOR=1.46; 95% CI=1.08, 2.00) and positive screenings for depression (AOR=1.60; 95% CI=1.20, 2.14), anxiety (AOR=1.35; 95% CI=1.01, 1.82), and risk for substance use disorder development (AOR=5.81; 95% CI=4.26, 7.94). Conclusions: Arrest history is associated with the mental and behavioral health of sexual and gender minority youth, highlighting systemic inequities. Tailored public health interventions are needed to reduce criminal–legal contact in this population.",,
DES-207,35444,SCOPUS_ID:0031966687,10.1136/jech.52.4.272,Use of sequential case-control studies to investigate a community salmonella outbreak in Wales,Journal Of Epidemiology And Community Health,1998,Other/None,Case-control,Case-control,Other/None,Case-control,Case-control,False,False,False,False,False,,"Study objective. To establish the source of a community outbreak of Salmonella typhimurium definitive type 124. Design. Two stage case-control study. Setting. Three districts in south east Wales. Subjects. Cases of salmonella food poisoning and community controls. Main results. An initial case-control study identified an association between illness and eating ham (odds ratio 4.50, 95% confidence intervals 1.10, 21.8) and also found a possible association between illness and food bought from delicatessen stores (odds ratio 5.03, 95% confidence intervals 1.01, 32.3). However, only after a second stage case-control study was a single common ham producer identified as the source (odds ratio 25.0, 95% confidence intervals 2.33, 1155). Conclusion. Sequential case-control studies are an important and underused tool in the investigation of community outbreaks.",,
DES-208,26004,SCOPUS_ID:84937866835,10.1007/s10654-015-0073-y,Breast cancer risk and night shift work in a case–control study in a Spanish population,European Journal Of Epidemiology,2016,Case-control,Case-control,Case-control,Other/None,Case-control,Case-control,False,False,False,False,False,Breast cancer; Circadian disruption; Night shift,"Epidemiologic and animal data indicate that night shift work might increase the risk for breast cancer. We evaluated the association of night work with different clinical types of breast cancer in a population based case–control study (MCC-Spain study) taking into account chronotype, an individual characteristic that may relate to night shift work adaptation. Lifetime occupational history was assessed by face-to-face interviews and shift work information was available for 1708 breast cancer cases and 1778 population controls from 10 Spanish regions, enrolled from 2008 to 2013. We evaluated three shift work domains, including shift work type (permanent vs rotating), lifetime cumulative duration and frequency. We estimated odds ratios (OR) for night work compared to day work using unconditional logistic regression models adjusting for confounders. Having ever worked permanent or rotating night shift was associated with an increased risk for breast cancer compared to day workers [odds ratio (OR) 1.18; 95 % CI 0.97, 1.43]. Chronotype was differentially associated with breast cancer depending on the duration of night shift work. Risk was higher in women with invasive tumors (OR 1.23; 95 % CI 1.00, 1.51) and for estrogen and progestagen positive tumors among premenopausal women (OR 1.44; 95 % CI 1.05, 1.99). Having ever performed night shift was associated with a small increased risk for breast cancer and especially in subgroups of women with particular hormone related characteristics.",,
DES-209,19092,SCOPUS_ID:84898645161,10.2105/ajph.2013.301825,Insurer views on reimbursement of preventive services in the dental setting: Results from a qualitative study,American Journal Of Public Health,2014,Qualitative,Other/None,Qualitative,Other/None,Qualitative,Qualitative,False,False,False,False,True,,"Objectives. We explored insurers' perceptions regarding barriers to reimbursement for oral rapid HIV testing and other preventive screenings during dental care. Methods. We conducted semistructured interviews between April and October 2010 with a targeted sample of 13 dental insurance company executives and consultants, whose firms' cumulative market share exceeded 50% of US employer-based dental insurance markets. Participants represented viewpoints from a significant share of the dental insurance industry. Results. Some preventive screenings, such as for oral cancer, received widespread insurer support and reimbursement. Others, such as population-based HIV screening, appeared to face many barriers to insurance reimbursement. The principal barriers were minimal employer demand, limited evidence of effectiveness and return on investment specific to dental settings, implementation and organizational constraints, lack of provider training, and perceived lack of patient acceptance. Conclusions. The dental setting is a promising venue for preventive screenings, and addressing barriers to insurance reimbursement for such services is a key challenge for public health policy.",,
DES-210,35807,SCOPUS_ID:0035103167,10.1136/jech.55.4.239,Material deprivation and leading causes of death by gender: Evidence from a nationwide small area study,Journal Of Epidemiology And Community Health,2001,Other/None,Ecological / Time-series,Ecological / Time-series,Other/None,Ecological / Time-series,Ecological / Time-series,False,False,False,False,False,,"Study objective - To investigate the association between material deprivation and 10 leading causes of death by gender. Design - Small area cross sectional ecological study using two dimensions of material deprivation (Index 1 and Index 2) drawn from 1991 census and cause specific mortality data aggregated for 1987-1995. Setting - 2218 small areas in Spain. Main results - Strong detrimental associations of two deprivation indices were found with top six leading causes of death for men and top seven leading causes of death for women, except breast cancer. For men, the highest percentages of excess mortality (between 40% and 60%) were found for smoking and alcohol related causes of death such as lung cancer, chronic obstructive pulmonary diseases, and cirrhosis while for women the highest percentages of excess mortality (between 40% and 60%) were found for diet related causes such as diabetes and ischaemic heart disease. Conclusions - Health inequality is a widespread phenomenon in the majority of the top leading causes of deaths of the nation. Increasing levels of deprivation indices are associated with mortality risk differently by both cause and gender. Results suggest that deprivation effects mainly captured by Index 2 may manifest largely as unfavourable health behaviours leading to gender specific sets of causes of deaths. Findings of this study are consistent with the idea that material deprivation determines health inequality through both an increase of general susceptibility to ill health, leading to excess mortality in a wide range of causes, and a set of specific factors, resulting in an increased risk of death from a specific set of causes in each gender.",,
DES-211,28421,SCOPUS_ID:84904993373,10.1093/eurpub/ckt146,Evaluation of a Swedish version of the Strengthening Families Programme,European Journal Of Public Health,2014,Other/None,Experimental,Experimental,Other/None,Experimental,Experimental,False,False,False,False,False,,"Background: Adolescents' alcohol consumption is a public health concern in Sweden as well as in many other countries. Underage drinking is associated with increased risks of alcohol-related injuries, risky sexual behaviours and dependence later in life. Different strategies have been used in the effort to prevent this behaviour, and to postpone the onset of alcohol. The Strengthening Families Programme 10-14 (SFP 10-14) from the USA has been highlighted as one of the more effective prevention programmes. The aim of the present article was to evaluate the effectiveness of a culturally adapted Swedish version of the SFP 10-14. Methods: This was a cluster randomized controlled trial including 587 sixth-grade students (age 12) and their parents in 19 elementary schools in Stockholm. Schools were randomly assigned to either control (9 schools, 216 students) or to the family skills training intervention (10 schools, 371 students). The SFP Swedish version consisted of two parts with seven and five sessions, respectively, held separately for youths and parents except two joint family sessions. Measures of students' self-reported episodes of drunkenness, smoking, illicit drug use and other norm-breaking behaviours were collected at baseline (March 2003) and at three subsequent yearly surveys. Data were analysed using multilevel models with an intention-to-treat approach. Results: No preventive effects were found for smoking, alcohol and illicit drug use and other norm-breaking behaviours, nor did moderators affect the outcome. Conclusion: The Swedish version of the SFP 10-14 was not effective in preventing youths' substance use in a Swedish context. © 2013 The Author.",,
DES-212,41223,SCOPUS_ID:25844464845,10.1016/j.ypmed.2005.07.003,Perceived risk for developing stroke among older adults,Preventive Medicine,2005,Other/None,Other/None,Other/None,Cross-sectional,Cross-sectional,Cross-sectional,False,False,False,False,True,Awareness; Beliefs; Cerebrovascular disease; Cross-sectional studies; Perceptions; Risk factors; Stroke,"Background. Persons who perceive their risk for stroke accurately may be more likely to engage in prevention practices to reduce their risk. Methods. In 2004, 800 adults aged 45 years and older in two counties participated in a telephone survey to assess their perceived risk for stroke and their history of stroke risk factors. Results. Overall, 39% of respondents perceived themselves to be at risk for having a stroke. In the multivariate analyses, younger age, current smoking, and a history of diabetes, high blood pressure, high cholesterol, heart disease, and stroke/TIA were independently associated with perceived risk for stroke. Respondents with atrial fibrillation were no more likely to report being at risk for stroke compared to respondents without atrial fibrillation. Perceived risk for stroke increased as the number of risk factors increased. However, 46% of respondents with three or more risk factors did not perceive themselves to be at risk. Conclusions. Many adults with multiple risk factors do not perceive themselves to be at risk for stroke. Clinical and public health efforts are needed to increase awareness of the risk for stroke. © 2005 Elsevier Inc. All rights reserved.",,
DES-213,31364,SCOPUS_ID:2642702548,10.1093/ije/27.2.282,Multivariate time series analysis in nosocomial infection surveillance: A case study,International Journal Of Epidemiology,1998,Ecological / Time-series,Ecological / Time-series,Ecological / Time-series,Ecological / Time-series,Ecological / Time-series,Ecological / Time-series,False,False,False,False,True,ARIMA models; Intervention studies; Nosocomial infection; Quality control; Surveillance; Time series,"Background. The present study describes the use of time series analysis in the evaluation of the incidence of nosocomial infection. The main hypothesis analysed was that monthly occurrence of nosocomial infection in a hospital may be related to work-related factors such as the control and training of personnel imposed by a surveillance system, strikes supported by medical personnel and movement of personnel. Time series analysis was used to quantify, model and statistically evaluate these interventions. Methods. The data employed (March 1982-December 1990) were supplied by the nosocomial infection surveillance system of a primary-care general hospital. The monthly time series incidence of nosocomial infections (measured as percentage cumulative incidence) was analysed by curve fitting, autoregressive, integrated and moving average (ARIMA) modelling (Box-Jenkins) and intervention and dynamic regression analysis. Results. The imposed control and training of personnel by the surveillance system was associated with a 3.63% decrease in the accumulated monthly incidence of nosocomial infection from 7.82% to a baseline level of 4.19%. There was a strong indication that an increase of infection incidence of 4.34% corresponded to a medical strike. This increase was maintained over the following months raising the baseline level to 4.84%. An increase of 0.18% was associated with each new nursing contract. Evidence was obtained for the possible relationship between incidence of nosocomial infection and vacation periods. Conclusions. The results suggest the need for strict control of the activities of hospital personnel and for the adoption of certain preventative measures during vacation periods to avoid an undesirable increase in the incidence of nosocomial infections.",,
DES-214,37423,SCOPUS_ID:84881253149,10.1136/jech-2012-201919,"The child's body without fluid: Mother's knowledge and practices about hydration and rehydration in Salvador, Bahia, Brazil",Journal Of Epidemiology And Community Health,2013,Other/None,Qualitative,Qualitative,Other/None,Qualitative,Qualitative,False,False,False,False,False,,"Background: The aim of this article was to anthropologically analyse knowledge and practices about hydration and rehydration in a specific ethnographic context, where diverse therapies are combined to treat and take care of child diarrhoea as part of a wider social process that circumscribes transactions between self-care and biomedicine. Methods: Ethnographic data from a qualitative study in the neighbourhood of Nova Constituinte (Salvador, Bahia) which was part of an interdisciplinary project aimed at epidemiologically evaluating an environmental sanitation programme. These data results from a series of in-depth interviews of 29 interviewees and field observations collected over two stages (1997/1998-2003/2004). Results: Knowledge about hydration and rehydration is practical knowledge that demonstrates some of the cultural limits of dehydration in terms of the normality or pathology criteria related to child diarrhoea. This knowledge belongs to local interpretations, treatment experiences and the care that mothers provide in relation to their child's diarrhoea. We observed a process of medicalisation in the discourse about hydration and self-care. Conclusions: Unlike rehydration, hydration is structural to self-care processes. While the former constitutes a way of alleviating diarrhoea, the latter is a type of care centred on healing. The difference between these practices does not lie in the type of remedies used but in the meaning attributed to them and the way they are combined.",,
DES-215,8688,SCOPUS_ID:0034783226,10.1016/s0749-3797(01)00371-3,Impact of multiple injections on immunization rates among vulnerable children,American Journal Of Preventive Medicine,2001,Other/None,Other/None,Other/None,Other/None,Other/None,Other/None,False,False,False,False,False,,"Background: In 1997, the Advisory Committee on Immunization Practices (ACIP) recommended a switch from oral polio vaccine (OPV) to inactivated polio vaccine (IPV) for the first two infant doses. The ACIP also recommended use of diphtheria, tetanus, and acellular pertussis vaccine (DTaP) for infants. These recommendations resulted in two additional injections at the 2- and 4-month immunization visits. This study evaluates the implementation of new IPV and DTaP immunization recommendations and their impact on immunization coverage levels. Methods: Immunization coverage was assessed in public clinics in three urban areas before and after the recommendations. One pre- and three post-recommendation cohorts were followed to 12 months of age. Results: Almost all (≥88%) infants in the pre-recommendation cohort received OPV, DTP, and only one or two injections. Almost all (≥78%) infants in the post-recommendation cohorts received IPV, DTaP, and three or four injections. The percentage of infants in the post-recommendation cohorts up-to-date for immunizations at 12 months of age was slightly higher than those in the pre-recommendation cohort. Conclusions: Providers rapidly switched from OPV and DTP to IPV and DTaP. Coverage at 12 months of age was higher among IPV/DTaP recipients than among OPV/DTP recipients. Provider and parent acceptance of four injections at a visit was high. The recent pneumococcal conjugate vaccine recommendations potentially add a fifth injection at 2 and 4 months of age. Acceptance or rejection of five injections by providers and parents needs early assessment. Copyright © 2001 American Journal of Preventive Medicine.",,
DES-216,32917,SCOPUS_ID:79957602740,10.1093/ije/dyr008,Inequalities in participation in an organized national colorectal cancer screening programme: Results from the first 2.6 million invitations in England,International Journal Of Epidemiology,2011,Other/None,Cross-sectional,Cross-sectional,Other/None,Cross-sectional,Cross-sectional,False,False,False,False,True,Age; Colorectal cancer screening; Ethnicity; Gender; Inequalities; Socioeconomic status,"Background: An organized, population-based, colorectal cancer screening programme was initiated in England in 2006 offering biennial faecal occult blood testing (FOBT) to adults aged 60-69 years. Organized screening programmes with no associated financial costs to the individual should minimize barriers to access for lower socio-economic status (SES) groups. However, SES differences in uptake were observed in the pilot centres of the UK programme, so the aim of this analysis was to identify the extent of inequalities in uptake by SES, ethnic diversity, gender and age in the first 28 months of the programme. Design: Cross-sectional analysis of colorectal cancer screening uptake data. Methods: Between October 2006 and January 2009, over 2.6 million adults aged 60-69 years were mailed a first FOBT kit by the five regional screening hubs. Uptake was defined as return of a test kit within 13 weeks. We used multivariate generalized linear regression to examine variation by area-based socioeconomic deprivation, area-based ethnicity, gender and age. Results: Uptake was 54%, but showed a gradient across quintiles of deprivation, ranging from 35% in the most deprived quintile to 61% in the least deprived. Multivariate analyses confirmed an independent effect of deprivation, with stronger effects in women and older people. The most ethnically diverse areas also had lower uptake (38%) than other areas (52-58%) independent of SES, age, gender and regional screening hub. Ethnic disparities were more pronounced in men but equivalent across age groups. More women than men returned a kit (56 vs 51%), but there was also an interaction with age, with uptake increasing with age in men (49% at 60-64 years; 53% at 65-69 years) but not women (57 vs 56%). Conclusions: Overall uptake rates in this organized screening programme were encouraging, but nonetheless there was low uptake in the most ethnically diverse areas and a striking gradient by SES. Action to promote equality of uptake is needed to avoid widening inequalities in cancer mortality. Published by Oxford University Press on behalf of the International Epidemiological Association. © The Author 2011; all rights reserved.",,
DES-217,44451,SCOPUS_ID:85093705339,10.1016/j.ypmed.2020.106257,The impact of state policies for school-based BMI/fitness assessments on children's BMI outcomes in rural versus urban schools: Evidence from a natural experiment,Preventive Medicine,2020,Quasi-experimental,Quasi-experimental,Quasi-experimental,Other/None,Quasi-experimental,Quasi-experimental,False,True,False,True,False,BMI; Body mass index; Health and fitness assessments; School BMI; Urban and rural,"Childhood obesity remains a public health crisis because of its alarming prevalence and potential for costly long-term health consequences, especially among rural children. Schools are considered natural loci for policies to combat obesity because children spend most of their active hours and consume a substantial share of their calories, at school. Recent state policy efforts have involved measuring children's BMI and/or fitness to notify parents or inform surveillance efforts, but the empirical evidence to date is far from definitive. This study leverages plausibly exogenous assignment of military families as a natural experiment to assess the association of such polices with children's BMI and obesogenic behaviors. The sample is stratified by urbanicity because of the likely differences in obesity prevalence and in environments necessary to support healthy lifestyles. Data were collected in 2013–2014 and analyzed in 2018–9. The policies were associated with lower odds of overweight (OR: 0.422; CI: 0.251–0.708) and at-risk of overweight (OR: 0.360; CI: 0.161–0.801) among children in rural, but not urban, schools. The policies were also associated with greater activity levels and less frequent intake of unhealthy foods, particularly among children attending rural schools. Results were robust to stratification based on urbanicity of the installation versus school, omission of family covariates, and other sensitivity analyses. Falsification checks on children's height, parental BMI outcomes, home food environments and neighborhood environments indicate findings are not driven by selection. BMI assessment policies were associated with children's BMI outcomes and health behaviors in rural, but not urban schools.",,
DES-218,1036,SCOPUS_ID:0028274665,10.1093/oxfordjournals.aje.a117097,"Occupational exposure to human immunodeficiency virus (HIV)-infected blood in denver, colorado, police officers",American Journal Of Epidemiology,1994,Other/None,Other/None,Other/None,Other/None,Other/None,Other/None,False,False,False,False,True,Blood; HIV; Occupational exposure; Police,"The authors undertook a study of Denver, Colorado, police department officers to measure their risk of exposure to blood and human immunodeficiency virus (HIV) by type of work assignment and to document how exposures occurred. From December 1989 through March 1991, 137 officers reported an exposure to either blood or saliva, and 42 exposures to blood were independently documented. The overall rate of exposure to HIV-infected blood for medium and high risk assignments was 0.10 per 10,000 person-days. Thirty-two source persons underwent voluntary testing for HIV antibodies, and five (15.6%) were seropositive. Two thirds of the 42 blood exposures occurred in circumstances in which 1) there was little or no time for the officer to put on protective gloves and clothing because the officer was restraining or being assaulted by a suspect or 2) gloves would have not been protective because of penetration by needles. The authors conclude that Denver police officers rarely have percutaneous or mucosal exposures to blood, but when they do, the risk of exposure to HIV-infected blood is quite high. A health department can provide to police officers a number of services: evaluation of an incident involving contact with blood or body fluids to determine whether there was potential for disease transmission; information about modes of transmission and prevention of bloodborne diseases; serologic testing of source persons; HIV counseling for exposed officers and source persons; documentation for worker's compensation claims; and consultation regarding the use of zidovudine for postexposure prophylaxis. © 1994 by The Johns Hopkins University School of Hygiene and Public Health.",,
DES-219,37375,SCOPUS_ID:84885424906,10.1136/jech-2012-202137,Investing in health: Is social housing value for money? A cost-utility analysis,Journal Of Epidemiology And Community Health,2013,Other/None,Quasi-experimental,Quasi-experimental,Other/None,Quasi-experimental,Quasi-experimental,False,True,True,True,True,,"Background There is a healthy public policy agenda investigating the health impacts of improving living conditions. However, there are few economic evaluations, to date, assessing value for money. We conducted the first cost-effectiveness analysis of a nationwide intervention transferring social and private tenants to new-build social housing, in Scotland. Methods A quasi-experimental prospective study was undertaken involving 205 intervention households and 246 comparison households, over 2 years. A cost-utility analysis assessed the average cost per change in health utility (a single score summarising overall health-related quality of life), generated via the SF-6D algorithm. Construction costs for new builds were included. Analysis was conducted for all households, and by family, adult and elderly households; with estimates adjusted for baseline confounders. Outcomes were annuitised and discounted at 3.5%. Results The average discounted cost was £18 708 per household, at a national programme cost of £28.4 million. The average change in health utility scores in the intervention group attributable to the intervention were +0.001 for all households, +0.001 for family households, -0.04 for adult households and -0.03 for elderly households. All estimates were statistically insignificant. Conclusions At face value, the interventions were not value for money in health terms. However, because the policy rationale was the amenity provision of housing for disadvantaged groups, impacts extend beyond health and may be fully realised over the long term. Before making general value-for-money inferences, economic evaluation should attempt to estimate the full social value of interventions, model long-term impacts and explicitly incorporate equity considerations.",,
DES-220,45784,SCOPUS_ID:85182002284,10.1016/j.ypmed.2024.107850,Distress about social problems and tobacco and cannabis use outcomes among young adults in Los Angeles County,Preventive Medicine,2024,Other/None,Other/None,Other/None,Other/None,Other/None,Other/None,False,False,False,False,False,Cannabis; Discrimination; Distress; Dual use; E-cigarette; Marijuana; Police brutality; Stress; Tobacco; Violence,"Objective: To examine associations of concern, worry, and stress about discrimination, shootings/violence, and police brutality and exclusive and dual tobacco and cannabis use among young adults. Methods: A prospective, racially/ethnically diverse cohort of young adults (n = 1960) living in Los Angeles, California completed a baseline survey in 2020 (age range: 19–23) and a follow-up survey in 2021. Exploratory factor analysis (EFA) was employed on nine variables assessing levels of concern, worry, and stress about societal discrimination, societal shootings/violence, and community police brutality at baseline. Past 30-day tobacco and cannabis use at follow-up was categorized as current exclusive tobacco, exclusive cannabis, and dual tobacco and cannabis (vs never/former) use based on eleven use variables. Multinomial logistic regressions estimated adjusted associations between each factor score (translated to standard deviation units) with exclusive and dual tobacco and cannabis use. Results: The EFA produced four factor scores representing concern/worry/stress (i.e., distress) about community police brutality (F1), distress about societal shootings/violence (F2), and distress about societal discrimination (F3), as well as generalized stress about police brutality, shootings/violence, and discrimination (F4). F1, F2, and F3 were associated with subsequent exclusive current cannabis use, with F1 having the strongest association (OR: 1.35, 95% CI: 1.18–1.55), while only F1 (OR: 1.51, 95% CI: 1.27–1.78) was associated with dual tobacco and cannabis use. None of the factors were associated with exclusive tobacco use. Conclusions: Young adult concern, worry, and/or stress about social problems may increase risk of cannabis use with or without concurrent tobacco use 6–12 months later.",,
DES-221,44866,SCOPUS_ID:85104320939,10.1016/j.ypmed.2021.106553,Smoking behavior in 18–20 year-olds after tobacco 21 policy implementation in California: A difference-in-differences analysis with other states,Preventive Medicine,2021,Quasi-experimental,Quasi-experimental,Quasi-experimental,Other/None,Quasi-experimental,Quasi-experimental,False,True,False,True,False,Tobacco control; Youth,"In June 2016, California implemented a Tobacco 21 (T21) policy that increased the minimum sale age of tobacco products from 18 to 21. This study examined the association between California's T21 policy and smoking behavior (ever, current, daily, and nondaily) in 18–20 year-olds using data from the 2012–2019 Behavioral Risk Factor Surveillance System (n = 15,863). The annual change in odds of smoking among 18–20 year-olds post-policy (July 2016–December 2019) was compared with the pre-policy period (January 2012 – June 2016) 1) within California and 2) compared with states without a T21 policy. As a sensitivity analysis, 21–23 year-olds in California were used as the referent. Difference-in-difference estimates (D-I-D) were calculated using adjusted logistic regression and compared the post to pre-policy change in trends in California to the referent groups. Before California's T21 policy, there was an 11% annual decrease in the odds of ever smoking among 18–20 year-olds in California and a 6% decrease in the referent states. After the policy, these trends did not change significantly. Results for current smoking were similar. For daily smoking, there was an 8% annual decrease before the policy and a 26% annual decrease after the policy among 18–20 year-olds in California; D-I-D estimates were 0.80 (95% CI: 0.57, 1.14) using referent states as the comparison and 0.62 (95% CI: 0.41, 0.95) using 21–23 year-olds in California as the comparison. There was an association between California's T21 policy and a decrease in daily smoking among 18–20 year-olds, compared with 21–23 year-olds, more than three years post-implementation.",,
DES-222,2319,SCOPUS_ID:0032952372,10.1093/oxfordjournals.aje.a009731,"Time-series analysis of the relation between influenza virus and hospital admissions of the elderly in Ontario, Canada, for pneumonia, chronic lung disease, and congestive heart failure",American Journal Of Epidemiology,1999,Ecological / Time-series,Ecological / Time-series,Ecological / Time-series,Other/None,Ecological / Time-series,Ecological / Time-series,False,False,False,False,False,"Geriatrics; Heart failure, congestive; Hospital records; Influenza; Lung diseases, obstructive; Pneumonia; Time","This study examined the relation between the presence of circulating influenza virus and all hospital admissions of people over age 65 years in Ontario, Canada, for pneumonia, congestive heart failure, and chronic lung disease in 1988-1993. Autoregressive integrated moving average (ARIMA) transfer function models were used to perform a time-series analysis. These models were compared with simple cross correlations by using Pearson's product moment correlation. The results showed statistically significant correlations between the presence of influenza virus and admissions of the elderly for pneumonia (in all 5 years under study) and chronic lung disease (in 4 of the 5 years under study). The relation between circulation of influenza virus and admissions for congestive heart failure was inconsistent. The simple cross correlation tended to overestimate the association between the presence of circulating influenza strains and hospital admissions. Measures of the impact of influenza should include chronic lung disease as an outcome. Further studies, with greater covariate control, are required to delineate more precisely the relation between influenza and hospital morbidity in the elderly. This study demonstrates the power and utility of using time-series methods in the epidemiologic study of communicable diseases.",,
DES-223,35229,SCOPUS_ID:0028681660,10.1136/jech.49.4.401,Tropospheric ozone: Respiratory effects and Australian air quality goals,Journal Of Epidemiology And Community Health,1995,Other/None,Other/None,Other/None,Other/None,Other/None,Other/None,False,False,False,False,True,,"Objective - To review the health effects of tropospheric ozone and discuss the implications for public health policy. Design - Literature review and consultation with scientists in Australia and overseas. Papers in English or with English language abstracts were identified by Medline search from the international peer reviewed published reports. Those from the period 1980-93 were read systematically but selected earlier papers were also considered. Reports on ozone exposures were obtained from environmental agencies in the region. Results - Exposure to ozone at concentrations below the current Australian air quality goal (0.12 ppm averaged over one hour) may cause impaired respiratory function. Inflammatory changes in the small airways and respiratory symptoms result from moderate to heavy exercise in the presence of ozone at levels of 0.08-0.12 ppm. The changes in respiratory function due to ozone are short lived, vary with the duration of exposure, may be modified by levels of other pollutants (such as sulphur dioxide and particulates), and differ appreciably between individuals. Bronchial lavage studies indicate that inflammation and other pathological changes may occur in the airways before reductions in air flow are detectable, and persist after respiratory function has returned to normal. It is not known whether exposures to ozone at low levels (0.08-0.12 ppm) cause lasting damage to the lung or, if such damage does occur, whether it is functionally significant. At present, it is not possible to identify confidently population subgroups with heightened susceptibility to ozone. People with asthma may be more susceptible to the effects of ozone than the general population but the evidence is not consistent. Recent reports suggest that ozone increases airway reactivity on subsequent challenge with allergens and other irritants. Animal studies are consistent with the findings in human populations. Conclusion - A new one hour air quality ozone goal of 0.08 ppm for Australia, and the introduction of a four hour goal of 0.06 ppm are recommended on health grounds.",,
DES-224,31638,SCOPUS_ID:0034035717,10.1093/ije/29.2.248,Nicotine dependence and its familial aggregation in Chinese,International Journal Of Epidemiology,2000,Other/None,Cross-sectional,Cross-sectional,Other/None,Cross-sectional,Cross-sectional,False,False,False,False,False,Familial aggregation; Nicotine dependence; Recurrent risk; Regression model; Smoking,"Background. Nicotine dependence is a significant public health problem. This study attempted to characterize the prevalence and familial aggregation of nicotine dependence in China. Methods. In 1998, we initiated a community-based cross-sectional study among residents of the Yuexi County in Anqing, China. A total of 991 current smokers from 488 randomly selected nuclear families were recruited and surveyed by use of the standardized Fagerstrom Test of Nicotine Dependence (FTND) questionnaire and the Revised Tolerance Questionnaire (RTQ). All study subjects were offspring in their respective nuclear families, and 478 male-male pairs (aged 41.7 ± 12.1 years) were finally used for data analyses, because the number of female current smokers (n = 5) was too small. Results. The correlation coefficient of the FTND and the RTQ scores was as high as 0.84 (P < 0.0001). Nicotine dependence, defined as an FTND score ≥8 or an RTQ score ≥28, had a prevalence of 12.7% and 11.1%, respectively. The respective sibling recurrent risk was 1.7 and 2.4, according to the FTND or the RTQ criteria. The adjusted odds ratios and 95% CI of nicotine dependence of second siblings in families in which the first sibling was nicotine dependent were 2.13 (95% CI: 1.02-4.43) and 3.50 (95% CI: 1.65-7.36) respectively, according to the FTND and RTQ criteria. Conclusions. The prevalence of nicotine dependence in male current smokers in China was comparable to that reported in previous US and European studies. Our findings suggest that genetic influences may play an important role in vulnerability to nicotine addiction.",,
DES-225,40843,SCOPUS_ID:12244273691,10.1016/s0091-7435(02)00014-2,The public health burden of material deprivation: Excess mortality in leading causes of death in Spain,Preventive Medicine,2003,Other/None,Ecological / Time-series,Ecological / Time-series,Other/None,Ecological / Time-series,Ecological / Time-series,False,False,False,False,True,Cause-specific mortality; Health policies; Material deprivation; Small areas,"Objective. The aim of the study is to investigate the burden of deprivation-associated excess of deaths by 10 leading causes of death in each gender and two age groups. Design. A small-area ecological study using two indices of material deprivation drawn from 1991 census and mortality data aggregated for 1987-1995 was undertaken. Setting. 2218 small areas in Spain. Data are presented by region. Main outcome measures The 10 leading causes of death in each gender and two age groups were determined. Results. The deprivation-associated excess mortality in the top 10 leading causes of death was 14.4 and 11% for males and females, respectively. Excess mortality in the 9-year period studied accounted for more than 222,000 deaths. A large proportion of excess deaths was found in causes related to smoking and alcohol consumption among males and diet-related causes of death among females. The most deprived regions within the country showed the highest mortality risk. Conclusions. Material deprivation appears to be manifested in high mortality rates differently by gender and region. It imposes a significant public health burden that demands urgently attention and action by health policy-makers. © 2003 American Health Foundation and Elsevier Science (USA). All rights reserved.",,
DES-226,38644,SCOPUS_ID:85097870561,10.1136/jech-2020-215002,"Temperature and cardiovascular mortality in Rio de Janeiro, Brazil: Effect modification by individual-level and neighbourhood-level factors",Journal Of Epidemiology And Community Health,2021,Other/None,Other/None,Other/None,Ecological / Time-series,Ecological / Time-series,Ecological / Time-series,False,False,False,False,True,Cardiovascular disease; Mortality; Neighborhood/place; Temperature; Time-series,"Background Many factors related to susceptibility or vulnerability to temperature effects on mortality have been proposed in the literature. However, there is limited evidence of effect modification by some individual-level factors such as occupation, colour/race, education level and community-level factors. We investigated the effect modification of the temperature-cardiovascular mortality relationship by individual-level and neighbourhood-level factors in the city of Rio de Janeiro, Brazil. Methods We used a case-crossover study to estimate the total effect of temperature on cardiovascular mortality in Rio de Janeiro between 2001 and 2018, and the effect modification by individual-level and neighbourhood-level factors. Individual-level factors included sex, age, colour/race, education, and place of death. Neighbourhood-level characteristics included social development index (SDI), income, electricity consumption and demographic change. We used conditional Poisson regression models combined with distributed lag non-linear models, adjusted for humidity and public holidays. Results Our results suggest a higher vulnerability to high temperatures among the elderly, women, non-hospitalised deaths, and people with a lower education level. Vulnerability to low temperatures was higher among the elderly, men, non-white people, and for primary education level. As for neighbourhood-level factors, we identified greater vulnerability to low and high temperatures in places with lower SDI, lower income, lower consumption of electricity, and higher demographic growth. Conclusion The effects of temperature on cardiovascular disease mortality in Rio de Janeiro vary according to individual-level and neighbourhood-level factors. These findings are valuable to inform policymakers about the most vulnerable groups and places, in order to develop more effective and equitable public policies.",,
DES-227,38275,SCOPUS_ID:85068355867,10.1136/jech-2018-211936,"Monitoring epidemiological trends in back to school asthma among preschool and school-aged children using real-time syndromic surveillance in England, 2012-2016",Journal Of Epidemiology And Community Health,2019,Other/None,Ecological / Time-series,Ecological / Time-series,Other/None,Ecological / Time-series,Ecological / Time-series,False,False,False,False,True,asthma; asthma exacerbation; children; emergency department; general practitioner; school; surveillance,"Background Back to school (BTS) asthma has been previously reported in children; however, its epidemiology and associated healthcare burden are unclear. We aimed to describe the timing and magnitude of BTS asthma using surveillance data from different health services in England. Methods Asthma morbidity data from emergency department attendances and general practitioner (GP) consultations between April 2012 and December 2016 were used from national syndromic surveillance systems in England. Age-specific and sex-specific rates and time series of asthma peaks relative to school term dates were described. The timing of a BTS excess period and adjusted rates of asthma relative to a baseline period were estimated using cumulative sum control chart plots and negative binomial regression. Results BTS asthma among children aged below 15 years was most pronounced at the start of the school year in September. This effect was not present among those aged 15 years and above. After controlling for sex and study year, the adjusted daily rate of childhood GP in-hours asthma consultations was 2.5-3 times higher in the BTS excess period, with a significantly higher effect among children aged 0-4 years. A distinct age-specific pattern of sex differences in asthma presentations was present, with a higher burden among males in children and among females aged over 15 years. Conclusion We found evidence of a BTS asthma peak in children using surveillance data across a range of healthcare systems, supporting the need for further preventative work to reduce the impact of BTS asthma in children.",,
DES-228,23994,SCOPUS_ID:85190844068,10.1097/ede.0000000000001728,"Long-term Impact of Tropical Cyclones on Disease Exacerbation among Children with Asthma in the Eastern United States, 2000-2018",Epidemiology,2024,Other/None,Quasi-experimental,Quasi-experimental,Other/None,Quasi-experimental,Quasi-experimental,False,True,False,True,False,Asthma; Child; Cyclonic storms; United States,"Background: Tropical cyclones are associated with acute increases in mortality and morbidity, but few studies have examined their longer-term health consequences. We assessed whether tropical cyclones are associated with a higher frequency of symptom exacerbation among children with asthma in the following 12 months in eastern United States counties, 2000-2018. Methods: We defined exposure to tropical cyclones as a maximum sustained windspeed >21 meters/second at the county center and used coarsened exact matching to match each exposed county to one or more unexposed counties. We used longitudinal, de-identified administrative claims data to estimate the county-level, monthly risk of experiencing at least one asthma exacerbation requiring medical attention among commercially insured children aged 5-17 with prior diagnosis of asthma. We used a difference-in-differences approach implemented via a Poisson fixed effects model to compare the risk of asthma exacerbation in the 12 months before versus after each storm in exposed versus unexposed counties. Results: Across 43 tropical cyclones impacting the eastern United States, we did not observe evidence of an increase in the risk of symptom exacerbation in the 12 months following the storm (random-effects meta-analytic summary estimate: risk ratio = 1.03 [95% confidence interval = 0.96, 1.10], I2= 17%). However, certain storms, such as Hurricane Sandy, were associated with a higher risk of symptom exacerbation. Conclusions: These findings are consistent with the hypothesis that some tropical cyclones are detrimental to children's respiratory health. However, tropical cyclones were not associated in aggregate with long-term exacerbation of clinically apparent asthma symptoms among a population of children with commercial health insurance.",,
DES-229,22127,SCOPUS_ID:4344714811,10.1097/01.ede.0000129518.99816.e1,Case-control studies of the efficacy of cancer screening: Overcoming bias from nonrandom patterns of screening,Epidemiology,2004,Other/None,Case-control,Case-control,Other/None,Case-control,Case-control,False,False,False,False,False,,"A case-control study of the efficacy of cancer screening, like any other case-control study, must deal with potential confounding. There are 2 categories of confounding variables that pose special problems for studies of screening: (1) age and calendar time resulting from different temporal distributions of screening between cases and controls irrespective of whether the screening test leads to a reduction in mortality; and (2) the administration of other screening tests for the cancer in question when it is not clear whether the result of the other test had a bearing on the decision to order the test under study. We describe circumstances in which confounding from these sources can be dealt with satisfactorily by means of restriction or adjustment, and other circumstances in which it cannot. Copyright © 2004 by Lippincott Williams & Wilkins.",,
DES-230,1063,SCOPUS_ID:0028268493,10.1093/oxfordjournals.aje.a117052,"Salivary cotinine, frequency of cigarette smoking, and body mass index: Findings at baseline in the lung health study",American Journal Of Epidemiology,1994,Other/None,Experimental,Experimental,Other/None,Experimental,Experimental,False,False,False,False,False,Body weight; Cotinine; Smoking,"This study investigates the relation of salivary cotinine and of the reported number of cigarettes smoked per day to body mass index among middle-aged male (n = 3,538) and female (n = 2,096) cigarette smokers participating in screening for entry to a clinical trial of early intervention in chronic obstructive pulmonary disease (Lung Health Study) from 1986 to 1989. Both before and after controlling for age, education, and alcohol intake, the number of cigarettes smoked per day was positively related to body mass index among both men and women, whereas salivary cotinine levels were negatively related to body mass index among both men and women. The opposite relation of salivary cotinine and of reported number of cigarettes smoked per day to body mass index is discussed with regard to nicotine metabolism, energy intake, and measurement issues in the assessment of cigarette smoke exposure. © 1994 The Johns Hopkins University School of Hygiene and Public Health.",,
DES-231,45720,SCOPUS_ID:85190277395,10.1016/j.ypmed.2024.107954,"Would banning menthol cigarettes, flavored cigars, and flavored e-cigarettes prompt users to seek illicit channels for obtaining them in the United States?",Preventive Medicine,2024,Other/None,Cross-sectional,Cross-sectional,Other/None,Cross-sectional,Cross-sectional,False,False,False,False,True,Flavor ban; Flavored cigars; Flavored e-cigarettes; Illicit channels; Illicit market; Menthol cigarettes,"Background: Banning flavors in tobacco and nicotine products may reduce youth initiation and prompt quit attempts but such bans may lead to illicit markets. We examined how likely current users would be to seek flavored products from illicit channels under various ban scenarios. Methods: Cross-sectional surveys of 2552 current users of menthol cigarettes or flavored cigars and 2347 users of flavored e-cigarettes were conducted between 2021 and 2022 in the United States. For each ban scenario, respondents reported if they would have intentions to seek the banned flavored products from any illicit channels and identified the specific illicit channel they would consider. Logistic regressions were used to estimate how the likelihood of having intentions to seek illicit channels was associated with demographics, ban scenarios, and status of tobacco use. Results: Under various ban scenarios, 24–30% of people who smoked said they would seek illicit channels to obtain the banned products compared with 21–41% of dual users and 35–39% of users of flavored e-cigarettes. Online retailers were favored by people who smoked while users of flavored e-cigarettes favored local retailers. Heavy users were more likely to say they would try illicit channels. Under bans restricting more types of flavored tobacco products, users would be less likely to try illegal channels. Conclusions: A significant proportion of users of flavored tobacco and nicotine products would not reject using illicit banned products. Tailored programs are needed to apply to the groups with a higher risk of seeking illicit channels for banned products.",,
DES-232,27567,SCOPUS_ID:34047227884,10.1093/eurpub/ckl119,Are manual workers at higher risk of death than non-manual employees when living in Swedish municipalities with higher income inequality?,European Journal Of Public Health,2007,Other/None,Other/None,Other/None,Experimental,Experimental,Experimental,False,False,False,False,False,Attempted suicide; Income inequality; Myocardial infarction; Socio-economic position; Sweden,"Objectives: To test the hypothesis that manual workers are at higher risk of death than are non-manual employees when living in municipalities with higher income inequality. Design: Hierarchical regression was used for the analysis were individuals were nested within municipalities according to the 1990 Swedish census. The outcome was all-cause mortality 1992-1998. The income measure at the individual level was disposable family income weighted against composition of family; the income inequality measure used at the municipality level was the Gini coefficient. Participants: The study population consisted of 1 578 186 people aged 40-64 years in the 1990 Swedish census, who were being reported as unskilled or skilled manual workers, lower-, intermediate-, or high-level non-manual employees. Results: There was no significant association between income inequality at the municipality level and risk of death, but an expected gradient with unskilled manual workers having the highest risk and high-level non-manual employees having the lowest. However, in the interaction models the relative risk (RR) of death for high-level non-manual employees was decreasing with increasing income inequality (RR = 0.77; 95% CI, 0.63-0.93), whereas the corresponding risk for unskilled manual workers increased with increasing income inequality (RR = 1.24; 95% CI, 1.06-1.46). The RRs for skilled manual, low- and medium- level non-manual employees were not significant. Controlling for income at the individual level did not substantially alter these findings, neither did potential confounders at the municipality level. Conclusions: The findings suggest that there could be a differential impact from income inequality on risk of death, dependent on individuals' social position. © The Author 2006. Published by Oxford University Press on behalf of the European Public Health Association. All rights reserved.",,
DES-233,35441,SCOPUS_ID:0031973323,10.1136/jech.52.1.59,"Effect of varying the time frame for COOP-WONCA functional health status charts: A nested randomised controlled trial in Bristol, UK",Journal Of Epidemiology And Community Health,1998,Experimental,Experimental,Experimental,Other/None,Experimental,Experimental,False,False,False,False,False,,"Study objective - To investigate whether changing the stated time frame for COOP-WONCA charts has any effect on responses. Specifically, to assess the effect of attempting to avoid the situation where the time frame crosses the onset of an acute episode. Design - A randomised controlled trial of two time frames, nested within a main trial comparing early discharge with a hospital at home scheme against routine discharge policy. The time frames compared were the standard two weeks (four for the pain chart) and a shorter period of 48 hours for all seven charts. Setting - Acute hospital wards Frenchay Healthcare Trust and the Avon Orthopaedic Centre in Bristol. Participants - Patients entered into the main trial, who were medically stable, in need of continued rehabilitative care but suitable for discharge to hospital at home. Main results - A total of 200 patients were randomised, 106 to the shorter time frame, 94 to the standard charts. No clear differences were observed between the two groups for the proportion failing to self complete the charts. For the (seven) chart scores, only pain was statistically significantly different between the time frames (Mann-Whitney p = 0.0085; proportion reporting moderate or severe pain 19% higher in the standard group, 95% confidence intervals 5% to 33%). For both this chart and that for change in health, however, there was evidence of greater differences between the versions of the chart among those admitted more recently (p values for relevant interactions 0.004 and < 0.001 respectively). Conclusions - While the present findings give some support for the wide applicability of the standard version, there is sufficient evidence here to indicate that the time frame may influence the results, particularly for patients with a recent acute episode. In the absence of further data, then, it would seem prudent to consider a shorter time frame for such patients, especially if the aim is to assess current health status or to measure changes over a comparatively short period of time, or both.",,
DES-234,21394,SCOPUS_ID:0029962275,10.1097/00001648-199605000-00005,Job stress and preeclampsia,Epidemiology,1996,Other/None,Case-control,Case-control,Case-control,Case-control,Case-control,False,False,False,False,False,case-control study; job; occupation; preeclampsia; strain; stress,"We conducted a case-control study to determine whether job strain (or stress) during pregnancy resulted in an increased risk of preeclampsia. We compared 110 nulliparous Caucasian and African-American women who had preeclampsia with 115 healthy nulliparous controls. All subjects gave birth between 1984 and 1987 in Chapel Hill, NC. Occupation was ascertained during a telephone interview. We assigned each job title a strain (or stress) score in accordance with the occupational database developed by Karasek. Overall, 54 (49%) of the control women worked during pregnancy, 14 in high-stress jobs. Logistic regression analysis indicated a 3.1-fold [95% confidence interval (CI) = 1.2-7.8] increased risk of preeclampsia for women employed in high- stress jobs (high psychological demand, low decision latitude) and an odds ratio of 2.0 (95% CI = 1.0-4.3) for low-stress jobs compared with nonworking women, while simultaneously adjusting for age, race, family history of preeclampsia, history of hypertension in the subject's mother, gravidity, smoking during pregnancy, timing of the first prenatal visit, and type of birth control used by the couple before the pregnancy. Furthermore, working women had 2.3 times the risk of developing preeclampsia (95% CI = 1.2-4.6) compared with nonworking women. Work-related psychosocial strain increased the risk of preeclampsia in our study.",,
DES-235,28178,SCOPUS_ID:84881286025,10.1093/eurpub/ckt008,Access points to the different levels of health care and demographic predictors in a country without a gatekeeping system. Results of a cross-sectional study from Austria,European Journal Of Public Health,2013,Cross-sectional,Other/None,Cross-sectional,Other/None,Cross-sectional,Cross-sectional,False,False,False,False,True,,"Background: The challenges for health care systems are evident both in terms of costs and of healthy life expectancy. It was the aim of this study to assess the access points towards the different levels of care and predictors for consulting a specialist without having consulted a general practitioner (GP), a common way of access to the Austrian health care system, a system without gatekeeping function. Method: The database used for this analysis was the Austrian Health Interview Survey 2006-07, with data from 15 474 people. Statistical analyses included descriptive statistics as well as multivariate logistic regression models. Results: In the 12 months before the survey, 78.8% consulted a GP, 67.4% consulted a specialist, 18.6% visited an outpatient department and 22.8% had a hospital stay at least once. Overall, 15.1% visited a specialist, 8.5% an outpatient department and 8.1% a hospital without consulting a GP concomitantly. One of the main reasons for direct specialist use was a preventive check-up visit. Tertiary education and migration background increased significantly the chance of having been to a specialist without GP contact for both sexes. Conclusion: The overall access rates for specialists as well as the access rates for specialist without GP consultations were high. The findings point into the direction of a benefit through a structurally supported advocacy role for primary health care professionals. The knowledge gained could contribute to the health policy debate on the importance of coordination and continuity with special respect to demographic factors showing the importance of target-group-specific interventions. © 2013 The Author.",,
DES-236,12815,SCOPUS_ID:85150030965,10.1016/j.amepre.2023.02.001,Time-Varying Food Retail and Incident Disease in the Cardiovascular Health Study,American Journal Of Preventive Medicine,2023,Other/None,Quasi-experimental,Quasi-experimental,Other/None,Quasi-experimental,Other/None,False,True,False,True,False,,"Introduction: Natural experiments can strengthen evidence linking neighborhood food retail presence to dietary intake patterns and cardiometabolic health outcomes, yet sample size and follow-up duration are typically not extensive. To complement natural experiment evidence, longitudinal data were used to estimate the impacts of neighborhood food retail presence on incident disease. Methods: The Cardiovascular Health Study recruited adults aged 65+ years in 1989–1993. Analyses conducted in 2021–2022 included those in good baseline health, with addresses updated annually through the year of death (restricted to 91% who died during >2 decades of cohort follow-up). Baseline and annually updated presence of 2 combined food retail categories (supermarkets/produce markets and convenience/snack focused) was characterized using establishment-level data for 1-km and 5-km Euclidean buffers. Cox proportional hazards models estimated associations with time to each incident outcome (cardiovascular disease, diabetes), adjusting for individual and area-based confounders. Results: Among 2,939 participants, 36% with baseline supermarket/produce market presence within 1 km had excess incident cardiovascular disease (hazard ratio=1.12; 95% CI=1.01, 1.24); the association was attenuated and no longer statistically significant after adjustment for sociodemographic characteristics. Adjusted associations were robustly null for time-varying supermarket/produce market or convenience/fast food retail presence across analyses with outcomes of cardiovascular disease or diabetes incidence. Conclusions: Food environment changes continue to be studied to provide an evidence base for policy decisions, and null findings in this longitudinal analysis add literature that casts doubt on the sufficiency of strategies targeting food retail presence alone of an elderly cohort for curtailing incident events of clinical importance.",,
DES-237,40880,SCOPUS_ID:0345283025,10.1016/j.ypmed.2003.09.015,A randomized trial of a family-based smoking prevention intervention in managed care,Preventive Medicine,2003,Experimental,Experimental,Experimental,Other/None,Experimental,Experimental,False,False,False,False,False,Family; Managed care; Tobacco prevention; Youth,"Background. Each day more than 2000 youth under age 18 become daily smokers and the age of tobacco initiation has been going down. Health care settings can partner with families to encourage parent-child interactions that prevent youth tobacco use. This study evaluates a smoking prevention intervention package for parents and children (aged 10-12) provided through their managed care organization. Methods. A two-arm (usual care vs intervention) randomized trial was employed. The intervention included a mailed parental smoking prevention kit, outreach follow-up telephone calls to the parent by a health educator, child materials, medical record cues for physicians to deliver prevention messages, and parent newsletter. Outcome measures were susceptibility to smoking, experimentation with smoking, and smoking in the past 30 days as assessed by 20-month follow-up surveys of children. Results. A total of 4,026 families enrolled in the study. The response rate to the 20-month follow-up was 88%. There were no significant effects of the intervention on any of the primary outcomes. The intervention was associated with modest but statistically significant increases in parent-child discussions of smoking related topics. Conclusions. A minimal-intensity family-based prevention program did not significantly reduce rates of susceptibility or tobacco use among youth aged 10-12 at baseline and 11 to 14 at follow-up. Development and evaluation of innovative approaches to tobacco use prevention must continue, despite our disappointing results. Parents and health care systems are too important to abandon as channels for prevention messages. © 2003 American Health Foundation and Elsevier Science (USA). All rights reserved.",,
DES-238,45273,SCOPUS_ID:85121848541,10.1016/j.ypmed.2021.106915,"The association between fast-food outlet proximity and density and Body Mass Index: Findings from 147,027 Lifelines Cohort Study participants",Preventive Medicine,2022,Cohort,Quasi-experimental,Quasi-experimental,Other/None,Quasi-experimental,Other/None,False,True,False,True,False,Body Mass Index; Body Weight; Built environment; Fast foods,"Unhealthy food environments may contribute to an elevated Body Mass Index (BMI), which is a chronic disease risk factor. We examined the association between residential fast-food outlet exposure, in terms of proximity and density, and BMI in the Dutch adult general population. Additionally, we investigated to what extent this association was modified by urbanisation level. In this cross-sectional study, we linked residential addresses of baseline adult Lifelines Cohort participants (n = 147,027) to fast-food outlet locations using geo-coding. We computed residential fast-food outlet proximity, and density within 500 m, 1, 3, and 5 km. We used stratified (urban versus rural areas) multilevel linear regression models, adjusting for age, sex, partner status, education, employment, neighbourhood deprivation, and address density. The mean BMI of participants was 26.1 (SD 4.3) kg/m2. Participants had a mean (SD) age of 44.9 (13.0), 57.3% was female, and 67.0% lived in a rural area. Having two or more (urban areas) or five or more (rural areas) fast-food outlets within 1 km was associated with a higher BMI (B = 0.32, 95% confidence interval (CI): 0.03, 0.62; B = 0.23, 95% CI: 0.10, 0.36, respectively). Participants in urban and rural areas with a fast-food outlet within <250 m had a higher BMI (B = 0.30, 95% CI: 0.03, 0.57; B = 0.20, 95% CI: 0.09, 0.31, respectively). In rural areas, participants also had a higher BMI when having at least one fast-food outlet within 500 m (B = 0.10, 95% CI: 0.02, 0.18). In conclusion, fast-food outlet exposure within 1 km from the residential address was associated with BMI in urban and rural areas. Also, fast-food outlet exposure within 500 m was associated with BMI in rural areas, but not in urban areas. In the future, natural experiments should investigate changes in the fast-food environment over time.",,
DES-239,44996,SCOPUS_ID:85097799481,10.1016/j.ypmed.2020.106316,"Effects of e-cigarette use on cigarette smoking among U.S. youth, 2004–2018",Preventive Medicine,2021,Other/None,Quasi-experimental,Quasi-experimental,Other/None,Quasi-experimental,Other/None,False,True,False,True,False,Adolescent; Cigarette smoking; E-cigarettes; Tobacco use,"Objective: To determine if the declining trend in U.S. youth cigarette smoking changed after e-cigarettes were introduced, and if youth e-cigarette users would have been likely to smoke cigarettes based on psychosocial and demographic predictors of smoking. Methods: An interrupted time series analysis was used for cross-sectional data from the 2004 to 2018 National Youth Tobacco Surveys (NYTS) to assess changes in cigarette and e-cigarette use over time. A multivariable logistic regression model used 2004–2009 NYTS data on psychosocial risk factors to predict individual-level cigarette smoking risk from 2011 to 2018. Model-predicted and actual cigarette smoking behavior were compared. Results: The decline in current cigarette smoking slowed in 2014 (−0.75 [95% CI: −0.81, −0.68] to −0.26 [95% CI: −0.40, −0.12] percentage points per year). The decline in ever cigarette smoking accelerated after 2012 (−1.45 [95% CI: −1.59, −1.31] to −1.71 [95% CI: −1.75, −1.66]). Ever and current combined cigarette and/or e-cigarette use declined during 2011–2013 and increased during 2013–2014 with no significant change during 2014–2018 for either variable. The psychosocial model estimated that 69.0% of current cigarette smokers and 9.3% of current e-cigarette users (who did not smoke cigarettes) would smoke cigarettes in 2018. Conclusions: The introduction of e-cigarettes was followed by a slowing decline in current cigarette smoking, a stall in combined cigarette and e-cigarette use, and an accelerated decline in ever cigarette smoking. Traditional psychosocial risk factors for cigarette smoking suggest that e-cigarette users do not fit the traditional risk profile of cigarette smokers.",,
DES-240,20170,SCOPUS_ID:85070646385,10.2105/ajph.2019.305168,"Effect of the Affordable Care Act’s medicaid expansions on food security, 2010–2016",American Journal Of Public Health,2019,Other/None,Quasi-experimental,Quasi-experimental,Other/None,Quasi-experimental,Quasi-experimental,False,False,False,False,False,,"Objectives. To examine whether the expansion of Medicaid under the Affordable Care Act (ACA) decreased the prevalence of severe food insecurity. Methods. With data on adult respondents to the Food Security Supplement to the Current Population Survey in US states for the years 2010 to 2013 and 2015 to 2016, I used a difference-in-difference design to compare trends in very low food security (VLFS) among low-income childless adults in states that did and did not expand Medicaid in 2014 under the ACA. Results. Among low-income, nonelderly childless adults, VLFS rose from 17.4% before ACA to 17.5% after ACA in nonexpansion states, and fell from 17.6% to 15.9% in expansion states. In difference-in-difference analysis, Medicaid expansion was associated with a significant adjusted 2.2-percentage-point decline in rates of VLFS, equivalent to a 12.5% relative reduction. Conclusions. The improvement in food security after the ACA’s health insurance expansion suggests that health insurance provision has spillover effects that reduce other dimensions of poverty. Public Health Implications. Providing free or low-cost health insurance coverage may free up household funds, reducing food insecurity and improving this important social determinant of health.",,
DES-241,23630,SCOPUS_ID:85083041258,10.1097/ede.0000000000001161,A Graphical Catalog of Threats to Validity: Linking Social Science with Epidemiology,Epidemiology,2020,Other/None,Other/None,Other/None,Quasi-experimental,Quasi-experimental,Quasi-experimental,True,True,False,True,False,Causal inference; Directed acyclic graph; Epidemiologic methods; Quasi-experimental designs; The Campbell tradition; Threats to validity,"Directed acyclic graphs (DAGs), a prominent tool for expressing assumptions in epidemiologic research, are most useful when the hypothetical data generating structure is correctly encoded. Understanding a study's data generating structure and translating that data structure into a DAG can be challenging, but these skills are often glossed over in training. Campbell and Stanley's framework for causal inference has been extraordinarily influential in social science training programs but has received less attention in epidemiology. Their work, along with subsequent revisions and enhancements based on practical experience conducting empirical studies, presents a catalog of 37 threats to validity describing reasons empirical studies may fail to deliver causal effects. We interpret most of these threats to study validity as suggestions for common causal structures. Threats are organized into issues of statistical conclusion validity, internal validity, construct validity, or external validity. To assist epidemiologists in drawing the correct DAG for their application, we map the correspondence between threats to validity and epidemiologic concepts that can be represented with DAGs. Representing these threats as DAGs makes them amenable to formal analysis with d-separation rules and breaks down cross-disciplinary language barriers in communicating methodologic issues.",,
DES-242,40704,SCOPUS_ID:0036353591,10.1006/pmed.2001.0970,"The population consumption model, alcohol control practices, and alcohol-related traffic fatalities",Preventive Medicine,2002,Other/None,Cross-sectional,Cross-sectional,Other/None,Cross-sectional,Cross-sectional,False,False,False,False,True,Alcohol accessibility; Alcohol policy; Traffic fatalities,"Background. More than 40% of urban traffic fatalities are alcohol related and the rate of such fatalities varies more than 10-fold across U.S. cities. These variations might be explained by differences in local alcohol control policies and practices. Methods. We conducted a cross-sectional survey of state Alcohol Beverage Control agencies and local city police departments in 107 cities that participate in the National Highway and Traffic Safety Administration's Fatality Analysis Reporting System. We examined the association of alcohol control practices in 1997 and alcohol-related traffic fatalities per daily vehicle miles traveled, 1995-1997. Results. Ninety-seven (91%) cities participated. Regulations related to alcohol accessibility, licensure of alcohol outlets, disciplinary procedures of alcohol outlets, and enforcement of blood alcohol concentration laws were associated with lower rates of fatalities. Cities with 9 or fewer of the 20 regulations had 1.46-fold greater alcohol-related traffic fatality rates than cities with 15 or more of these regulations, representing 392 excess deaths annually. Beer consumption was found to be a potential mediator of the effect of regulations on traffic fatalities. Conclusions. Alcohol beverage regulations are associated with alcohol-related traffic fatalities. Localities should consider greater restrictions on alcohol accessibility, stricter disciplinary measures for violations, and stricter licensure requirements as a potential means to reduce alcohol-related traffic fatalities. © 2002 American Health Foundation and Elsevier Science (USA).",,
DES-243,10984,SCOPUS_ID:84994161556,10.1016/j.amepre.2016.05.008,School Obesity Prevention Policies and Practices in Minnesota and Student Outcomes: A Longitudinal Cohort Study,American Journal Of Preventive Medicine,2016,Cohort,Cohort,Cohort,Other/None,Cohort,Cohort,False,True,True,False,False,,"Introduction The School Obesity-related Policy Evaluation (ScOPE) Study uses existing public surveillance data and applies a rigorous study design to evaluate effectiveness of school policies and practices impacting student behavioral and weight outcomes. Methods The ScOPE Study used a cohort of 50 combined junior−senior and high schools in Minnesota to evaluate the change in weight-related policy environments in 2006 and 2012 and test the effect of policy change on students attending those schools in 2007 and 2013. Exposure variables included school practices about foods and beverages available in school vending machines and school stores, physical education requirements, and intramural opportunities. Primary study outcomes were average school-level ninth grade student BMI percentile, obesity prevalence, daily servings of fruits/vegetables, and daily glasses of soda. Results Availability of fruits/vegetables in schools was associated with a significant increase in total daily intake among ninth grade students by 0.4 servings. Availability of soda in schools was associated with a significant increase in total daily intake among ninth grade boys by 0.5 servings. Less-healthy snack and drink availability in schools was associated with a small, significant increase (1%) in student BMI percentile at the school level. Conclusions Use of a school-level longitudinal cohort study design over a 6-year period uniquely adds to the methodologic rigor of school policy and practice evaluation studies. The ScOPE Study provides marginal evidence that school policies and practices, especially those that restrict vending and school store offerings, may have small effects on weight status among ninth grade students.",,
DES-244,28372,SCOPUS_ID:84922474802,10.1093/eurpub/cku043,Public health in the 21st century: Working differently means leading and learning differently,European Journal Of Public Health,2014,Other/None,Qualitative,Qualitative,Other/None,Qualitative,Qualitative,False,False,False,False,True,,"Background: Public health needs to adapt to the complex context of 21st century Europe. Unquestionably, leaders for health require new skills to face a myriad of wicked problems and challenges that are at a critical juncture for potential improvements. Public health curricula are traditionally oriented around core educational disciplines, and there is little room for developing students' leadership capabilities within the context of public health. The aim is to present the meaning of contemporary public health leadership based on qualitative research and propose a curriculum model for contemporary public health leadership. Methods: A series of in-depth semi-structured interviews were carried out with six European public health leaders from a variety of countries and professional backgrounds. The interviews recorded and transcribed. A thematic content analysis was undertaken to identify themes within the data. Results: Five common themes that help to inform future leadership capacity arose from the interviews: the inner path of leadership, the essence of leadership, new types of leadership, future leaders' imperatives functioning within a complex and uncertain European public health context. Conclusion: The leadership thematic model makes an important contribution to defining public health leadership in Europe and can help to guide the content development of public health leadership curricula. The authors assert that a new 'integrative inquiry-based learning model', with leadership as a central component, will allow schools and departments of public health across Europe to be able to ensure that tomorrow's public health leaders are adequately trained and prepared for the challenges they will face.",,
DES-245,21645,SCOPUS_ID:0033025118,10.1097/00001648-199907000-00018,Hormone replacement therapy and colon cancer among members of a health maintenance organization,Epidemiology,1999,Other/None,Case-control,Case-control,Other/None,Case-control,Case-control,False,False,False,False,False,Colon cancer; Colorectal neoplasms; Estrogen replacement therapy; Hormone replacement therapy; Menopause,"We investigated the association between hormone replacement therapy (HRT), primarily conjugated estrogens with or without medroxyprogesterone acetate, and colon cancer risk in a nested case-control study among women ages 55-79 years enrolled in Group Health Cooperative, a health maintenance organization in Washington state. Cases were diagnosed between 1984 and 1993. We selected controls randomly from enrollment files. HRT use was ascertained from a computerized database containing virtually all prescriptions dispensed since 1977. Among subjects with at least 5 years of pharmacy database information before reference date (1 year before diagnosis date), there were 341 cases of incident colon cancer and 1,679 controls. Estrogen use during the 5 years before reference date was not associated with risk of colon cancer [odds ratio (OR) = 0.85 and 95% confidence interval (CI) = 0.57-1.27 for 1-749 estrogen tablets; OR = 0.97 and 95% CI = 0.68-1.40 for ≥750 estrogen tablets]. An analysis including only women with at least 10 years of pharmacy database coverage found no association with use during the 10 years before reference date [OR = 1.07 (95% CI = 0.61-1.86) for 1-749 estrogen tablets; OR = 1.11 (95% CI = 0.69-1.80) for 750 or more estrogen tablets]. These results do not support the hypothesis that recent HRT use substantially reduces risk of colon cancer.",,
DES-246,33857,SCOPUS_ID:85077222152,10.1093/ije/dyz157,"Assessing longer-term effectiveness of a combined household-level piped water and sanitation intervention on child diarrhoea, acute respiratory infection, soil-transmitted helminth infection and nutritional status: A matched cohort study in rural Odisha, India",International Journal Of Epidemiology,2019,Cohort,Cohort,Cohort,Other/None,Cohort,Cohort,False,False,False,False,False,diarrhoea; on-premise piped water; Sanitation; soil-transmitted helminth infection; stunting,"Background: Open defecation is widespread in rural India, and few households have piped water connections. While government and other efforts have increased toilet coverage in India, and evaluations found limited immediate impacts on health, longer-term effects have not been rigorously assessed. Methods: We conducted a matched cohort study to assess the longer-term effectiveness of a combined household-level piped water and sanitation intervention implemented by Gram Vikas (an Indian NGO) in rural Odisha, India. Forty-five intervention villages were randomly selected from a list of those where implementation was previously completed at least 5 years before, and matched to 45 control villages. We conducted surveys and collected stool samples between June 2015 and October 2016 in households with a child <5 years of age (n = 2398). Health surveillance included diarrhoea (primary outcome), acute respiratory infection (ARI), soil-transmitted helminth infection, and anthropometry. Results: Intervention villages had higher improved toilet coverage (85% vs 18%), and increased toilet use by adults (74% vs 13%) and child faeces disposal (35% vs 6%) compared with control villages. There was no intervention association with diarrhoea [adjusted OR (aOR): 0.94, 95% confidence interval (CI): 0.74-1.20] or ARI. Compared with controls, children in intervention villages had lower helminth infection (aOR: 0.44, 95% CI: 0.18, 1.00) and improved height-for-age z scores (HAZ) (+0.17, 95% CI: 0.03-0.31). Conclusions: This combined intervention, where household water connections were contingent on community-wide household toilet construction, was associated with improved HAZ, and reduced soil-transmitted helminth (STH) infection, though not reduced diarrhoea or ARI. Further research should explore the mechanism through which these heterogenous effects on health may occur.",,
DES-247,12041,SCOPUS_ID:85084750443,10.1016/j.amepre.2020.02.022,Rhode Island Human Papillomavirus Vaccine School Entry Requirement Using Provider-Verified Report,American Journal Of Preventive Medicine,2020,Other/None,Quasi-experimental,Quasi-experimental,Other/None,Quasi-experimental,Other/None,False,True,False,True,True,,"Introduction: Human papillomavirus vaccine school entry requirements may be an opportunity to improve the low rates of human papillomavirus vaccination among adolescents. This study evaluates changes in provider-verified human papillomavirus vaccine uptake by age 13 years for adolescents in Rhode Island compared with all other states from 2011 to 2017. Methods: The National Immunization Survey-Teen 2011–2017, a population-based cross-sectional survey, was analyzed in 2019. The survey included telephone interviews and provider-verified reports of vaccination among U.S. adolescents aged 13–17 years. The sample was subset to participants with provider-verified human papillomavirus vaccination reports (n=145,153). A difference-in-differences approach evaluated the Rhode Island human papillomavirus vaccination school entry requirement enacted in 2015. The main outcome was provider-verified human papillomavirus vaccine uptake by age 13 years. Results: Compared with boys in other states, boys in Rhode Island had an increase of 14 percentage points in the probability of uptake of human papillomavirus vaccination by age 13 years (β=0.139, 95% CI=0.073, 0.205). No such differences were observed on comparing girls in Rhode Island with girls in other states (β=0.009, 95% CI= −0.068, 0.086). Conclusions: The Rhode Island school entry requirement for human papillomavirus vaccination improved rates of vaccine uptake among boys and may be a useful option for improving human papillomavirus vaccination nationally.",,
DES-248,18314,SCOPUS_ID:84857271411,10.2105/ajph.2011.300484,Suicide incidence and risk factors in an active duty US military population,American Journal Of Public Health,2012,Other/None,Cross-sectional,Cross-sectional,Other/None,Cross-sectional,Cross-sectional,False,False,False,False,False,,"Objectives: The goal of this study was to investigate and identify risk factors for suicide among all active duty members of the US military during 2005 or 2007. Methods. The study used a cross-sectional design and included the entire active duty military population. Study sample sizes were 2 064 183 for 2005 and 1 981 810 for 2007. Logistic regression models were used. Results: Suicide rates for all services increased during this period. Mental health diagnoses, mental health visits, selective serotonin reuptake inhibitors (SSRIs), sleep prescriptions, reduction in rank, enlisted rank, and separation or divorce were associated with suicides. Deployments to Operation Enduring Freedom or Operation Iraqi Freedom were also associated with elevated odds ratios for all services in the 2007 population and for the Army in 2005. Conclusions: Additional research needs to address the increasing rates of suicide in active duty personnel. This should include careful evaluation of suicide prevention programs and the possible increase in risk associated with SSRIs and other mental health drugs, as well as the possible impact of shorter deployments, age, mental health diagnoses, and relationship problems.",,
DES-249,30090,SCOPUS_ID:0025113261,10.1093/ije/19.supplement_1.s32,Protective dietary factors and lung cancer,International Journal Of Epidemiology,1990,Other/None,Experimental,Experimental,Other/None,Experimental,Experimental,False,False,False,False,False,,"Since the first report of a protective effect of dietary vitamin A on lung cancer risk was issued in 1975, a succession of retrospective (case-control) and prospective (cohort) epidemiological studies have examined the association. Food frequency questionnaires have been used to assess dietary intake of food groups and to generate indices of specific dietary components, in particular retinol and carotene. Serum levels of retinol, carotenoids, and other micronutrients have been determined as well, and related to risk of lung cancer. The dietary studies have been notably consistent, finding an approximate 50% reduction in risk associated with high compared to low consumption of carotene-containing fruits and vegetables. Unresolved issues include gender differences, histological specificity and the interaction with cigarette smoking as well as the role of other possible protective factors found in these foods–indoles, vitamin C, trace minerals. Most studies in which serum beta-carotene was assayed in prospectively collected blood samples have found lower levels of beta-carotene in people who subsequently developed lung cancer. Unlike carotene, blood retinol levels do not reflect dietary intake under normal conditions and, as might be expected, have failed to show a consistent relation with risk of lung cancer. Although epidemiological studies have not strongly supported the role of preformed retinol as a protective agent, animal studies have provided convincing evidence that retinol and synthetic retinoids are protective against epithelial tumours including those of the lung. A number of on-going clinical trials are testing the efficacy of retinol, beta-carotene, synthetic retinoids and alpha-tocopherol for preventing cancer of the lung, especially in high risk groups such as heavy smokers, miners and asbestos workers. It is hoped that these trials will help explain the nature of the observed protective effect of fruit and vegetables. © 1990 Oxford University Press.",,
DES-250,40368,SCOPUS_ID:0034025282,10.1006/pmed.2000.0658,Health-promoting behaviors among adults with type 2 diabetes: Findings from the health and retirement study,Preventive Medicine,2000,Other/None,Other/None,Other/None,Other/None,Other/None,Other/None,False,False,False,False,False,Diabetes; Diet; Exercise; Weight loss,"Background. Type 2 diabetes has an enormous impact on the health care system and individuals. Dietary habits, exercise, weight management, and smoking status are critical to management and prevention of complications. This study describes the prevalence of these behaviors and their change over time in a national sample of adults with type 2 diabetes. The relationships between behavior change and sociodemographic and health status measures are explored. Methods. Data are from the first and third longitudinal waves of the Health and Retirement Study. Surveys were conducted face-to-face or via telephone in 1992 and 1996. Results. The sample consisted of 733 persons with type 2 diabetes, ages 50-62. The most common behaviors were being on a special diet (79.6%), and not smoking (76.6%). Sixty-six percent were engaged in some physical activity, and 58.4% were trying to lose weight. Reports of being on a special diet, trying to lose weight, and exercising all diminished over time. Conclusions. The prevalence of these behaviors is disappointing. Worse, they declined over the 4-year period. A better understanding of factors contributing to a person's decision to begin or discontinue health- promoting behaviors is needed to plan effective supportive or preemptive interventions. (C) 2000 American Health Foundation and Academic Press.",,
DES-251,10877,SCOPUS_ID:84928237502,10.1016/j.amepre.2014.11.015,Understanding Mis-implementation in public health practice,American Journal Of Preventive Medicine,2015,Other/None,Cross-sectional,Cross-sectional,Other/None,Cross-sectional,Cross-sectional,False,False,False,False,True,,"Introduction A better understanding of mis-implementation in public health (ending effective programs and policies or continuing ineffective ones) may provide important information for decision makers. The purpose of this study is to describe the frequency and patterns in mis-implementation of programs in state and local health departments in the U.S. Methods A cross-sectional study of 944 public health practitioners was conducted. The sample included state (n=277) and local health department employees (n=398) and key partners from other agencies (n=269). Data were collected from October 2013 through June 2014 (analyzed in May through October 2014). Online survey questions focused on ending programs that should continue, continuing programs that should end, and reasons for endings. Results Among state health department employees, 36.5% reported that programs often or always end that should have continued, compared with 42.0% of respondents in local health departments and 38.3% of respondents working in other agencies. In contrast to ending programs that should have continued, 24.7% of state respondents reported programs often or always continuing when they should have ended, compared to 29.4% for local health departments and 25% of respondents working in other agencies. Certain reasons for program endings differed at the state versus local level (e.g., policy support, support from agency leadership), suggesting that actions to address mis-implementation are likely to vary. Conclusions The current data suggest a need to focus on mis-implementation in public health practice in order to make the best use of scarce resources.",,
DES-252,6126,SCOPUS_ID:84947580609,10.1093/aje/kwv202,Estimating Efficacy in a Randomized Trial With Product Nonadherence: Application of Multiple Methods to a Trial of Preexposure Prophylaxis for HIV Prevention,American Journal Of Epidemiology,2015,Experimental,Experimental,Experimental,Experimental,Experimental,Experimental,False,False,False,False,False,HIV; HIV prevention; intention-to-treat analysis; medication adherence; randomized controlled trials,"Antiretroviral preexposure prophylaxis (PrEP) for persons at high risk of human immunodeficiency virus infection is a promising new prevention strategy. Six randomized trials of oral PrEP were recently conducted and demonstrated efficacy estimates ranging from 75% to no effect, with nonadherence likely resulting in attenuated estimates of the protective effect of PrEP. In 1 of these trials, the Partners PrEP Study (Kenya and Uganda, 2008-2011), participants (4,747 serodiscordant heterosexual couples) were randomized to receipt of tenofovir (TDF), coformulated TDF/emtricitabine (FTC), or placebo. Intention-to-treat analyses found efficacy estimates of 67% for TDF and 75% for TDF/FTC. We applied multiple methods to data from that trial to estimate the efficacy of PrEP with high adherence, including principal stratification and inverse-probability-of-censoring (IPC) weights. Results were further from the null when correcting for nonadherence: 1) among the strata with an estimated 100% probability of high adherence (TDF hazard ratio (HR) = 0.19, 95% confidence interval (CI): 0.07, 0.56; TDF/FTC HR = 0.12, 95% CI: 0.03, 0.52); 2) with IPC weights used to approximate a continuously adherent population (TDF HR = 0.18, 95% CI: 0.06, 0.53; TDF/FTC HR = 0.15, 95% CI: 0.04, 0.52); and 3) in per-protocol analysis (TDF HR = 0.18, 95% CI: 0.06, 0.53; TDF/FTC HR = 0.16, 95% CI: 0.05, 0.53). Our results suggest that the efficacy of PrEP with high adherence is over 80%.",,
DES-253,9549,SCOPUS_ID:40949132946,10.1016/j.amepre.2008.01.018,"Urban Containment Policies and Physical Activity. A Time-Series Analysis of Metropolitan Areas, 1990-2002",American Journal Of Preventive Medicine,2008,Ecological / Time-series,Other/None,Ecological / Time-series,Other/None,Ecological / Time-series,Ecological / Time-series,False,False,False,False,False,,"Background: Urban containment policies attempt to manage the location, character, and timing of growth to support a variety of goals such as compact development, preservation of greenspace, and efficient use of infrastructure. Despite prior research evaluating the effects of urban containment policies on land use, housing, and transportation outcomes, the public health implications of these policies remain unexplored. This ecologic study examines relationships among urban containment policies, state adoption of growth-management legislation, and population levels of leisure and transportation-related physical activity in 63 large metropolitan statistical areas from 1990 to 2002. Methods: Multiple data sources were combined, including surveys of urban containment policies, the Behavioral Risk Factor Surveillance System, the U.S. Census of Population, the National Resources Inventory, and the Texas Transportation Institute Urban Mobility Study. Mixed models were used to examine whether urban containment policies and state adoption of growth-management legislation were associated with population levels of leisure-time physical activity (LTPA) and walking/bicycling to work over time. Results: Strong urban containment policies were associated with higher population levels of LTPA and walking/bicycling to work during the study period. Additionally, residents of states with legislation mandating urban growth boundaries reported significantly more minutes of LTPA/week compared to residents of states without such policies. Weak urban containment policies showed inconsistent relationships with physical activity. Conclusions: This study provides preliminary evidence that strong urban containment policies are associated with higher population levels of LTPA and active commuting. Future research should examine potential synergies among state, metropolitan, and local policy processes that may strengthen these relationships. © 2008 American Journal of Preventive Medicine.",,
DES-254,28765,SCOPUS_ID:85032635334,10.1093/eurpub/ckx154,Ethics in public health: Call for shared moral public health literacy,European Journal Of Public Health,2017,Other/None,Other/None,Other/None,Other/None,Other/None,Other/None,False,False,False,False,False,,"Public Health (PH) in Europe has become much more vocal about its moral understandings since 1992. The rising awareness that PH issues were inseparable from issues of human rights and social justice almost self-evidently directed the agenda of EUPHA and the European Public Health (EPH)-conferences. Problems of cultural and behavioural change, and environmental issues on a global scale were also added. The Section Ethics in PH invited the EPH community to join in arm chair thinking': coming together at conferences not only to share the 'how' and 'what' of PH research, practices and policies but also the 'why'. Time has been reserved to genuinely discuss what moral values are at stake in the work of PH and to actively develop a moral language and framework for PH Ethics. The challenge for the next decades is to find ways to involve the general public in the cultivation of a shared moral PH literacy.",,
DES-255,2436,SCOPUS_ID:18544395999,10.1093/aje/152.2.186,Multiple modes of hepatitis A virus transmission among methamphetamine users,American Journal Of Epidemiology,2000,Other/None,Case-control,Case-control,Case-control,Case-control,Case-control,True,True,False,True,True,"Case-control studies; Disease outbreaks; Epidemiologic methods; Equipment contamination; Hepatitis A; Methamphetamine; Substance abuse, intravenous","Methamphetamine users are at increased risk of hepatitis A, but modes of transmission are unclear. The authors conducted a case-control study among methamphetamine users during an outbreak in Iowa in 1997. Twenty-eight reported, laboratory-confirmed, hepatitis A cases did not differ from 18 susceptible controls with respect to age, sex, or number of doses used. When compared with controls in multivariate analysis, case-patients were more likely to have injected methamphetamine (odds ratio (OR) = 5.5, 95% confidence interval (CI): 1.1, 27), to have used methamphetamine with another case-patient (OR = 6.2, 95% CI: 0.95, 41), and to have used brown methamphetamine (OR = 5.5, 95% CI: 0.51, 59). Receptive needle sharing was reported by 10 of the 20 case-patients who injected. Methamphetamine use with another case-patient was also associated with hepatitis A in an analysis restricted to noninjectors (OR = 17, 95% CI: 1.0, 630). During this outbreak, hepatitis A may have been transmitted from person to person among methamphetamine users through the fecal-oral and the percutaneous routes. Methamphetamine users should be vaccinated against hepatitis A and should be given immune globulin if they used methamphetamine with a case-patient in the last 2 weeks. Persons who intend to continue using methamphetamine should be advised about safer practices.",,
DES-256,20370,SCOPUS_ID:85121991133,10.2105/ajph.2021.306464,Philadelphia’s Excise Tax on Sugar-Sweetened and Artificially Sweetened Beverages and Supplemental Nutrition Assistance Program Benefit Redemption,American Journal Of Public Health,2021,Other/None,Quasi-experimental,Quasi-experimental,Other/None,Quasi-experimental,Quasi-experimental,False,True,False,True,False,,"Objectives. To assess the effect of a 2017 excise tax on sugar and artificially sweetened beverages in Philadelphia, Pennsylvania, on the shopping patterns of low-income populations using Supplemental Nutrition Assistance Program (SNAP) data. Methods. I used a synthetic controls approach to estimate the effect of the tax on Philadelphia and neighboring Pennsylvania counties (Bucks, Delaware, and Montgomery) as measured by total SNAP sales (“SNAP redemption”) and SNAP redemption per SNAP participant. I assembled biannual data (2005–2019) from all US counties for SNAP redemption and relevant predictors. I performed placebo tests to estimate statistically significant effects and conducted robustness checks. Results. Detectable increases in SNAP spending occurred in all 3 Philadelphia neighboring counties. Per-participant SNAP spending increased in 2 of the neighboring counties and decreased in Philadelphia. These effects were robust across multiple specifications and placebo tests. Conclusions. The tax contributed to increased SNAP shopping in Philadelphia’s neighboring counties across both outcome measures, and decreased spending in Philadelphia (at least by 1 measure). This raises questions about retailer behavior, the effectiveness of the tax’s public health aim of reducing sugar-sweetened beverage consumption, and policy aims of investing in low-income communities.",,
DES-257,21506,SCOPUS_ID:0031045098,10.1097/00001648-199703000-00004,Margarine intake and subsequent coronary heart disease in men,Epidemiology,1997,Other/None,Other/None,Other/None,Cohort,Cohort,Cohort,False,False,False,False,False,cohort study; coronary heart disease; diet; trans fatty acids,"Margarine is a major source of trans fatty acids, the intake of which has risen since the early 20th century. Some data indicate that consumption of trans fatty acids increases the risk of coronary heart disease (CHD). In 1966-1969, 832 men from the Framingham Study, age 45-64 years and free of CHD, were administered a single 24-hour dietary recall, from which we estimated total daily margarine intake. We calculated CHD cumulative incidence rates and, using proportional hazards regression, CHD incidence rate ratios over 21 years of follow-up. Mean energy intake was 2,619 kcal; mean margarine intake was 1.8 (range 0-12) tsp per day. There were 267 incident cases of CHD. Age-adjusted CHD cumulative incidence rose over categories of margarine intake, but the increased risk was apparent only in the second half of the follow-up period. Adjusted for age and energy intake, the risk ratio for CHD for each increment of 1 teaspoon per day of margarine was 0.98 [95% confidence interval (CI) = 0.91-1.05] for the first 10 years of follow-up and 1.10 (95% CI = 1.04-1.17) for follow-up years 11-21. Adjustment for total fat intake and for cigarette smoking, glucose intolerance, left ventricular hypertrophy, body mass index, blood pressure, physical activity, and alcohol intake did not materially change the results. Butter intake did not predict CHD incidence. These data offer modest support to the hypothesis that margarine intake increases the risk of coronary heart disease.",,
DES-258,37669,SCOPUS_ID:84958104558,10.1136/jech-2015-205988,Contribution of modifiable risk factors for hypertension and type-2 diabetes in Peruvian resource-limited settings,Journal Of Epidemiology And Community Health,2015,Other/None,Cohort,Cohort,Other/None,Cohort,Cohort,False,False,False,False,False,,"Background It is important to understand the local burden of non-communicable diseases including withincountry heterogeneity. The aim of this study was to characterise hypertension and type-2 diabetes profiles across different Peruvian geographical settings emphasising the assessment of modifiable risk factors. Methods Analysis of the CRONICAS Cohort Study baseline assessment was conducted. Cardiometabolic outcomes were blood pressure categories (hypertension, prehypertension, normal) and glucose metabolism disorder status (diabetes, prediabetes, normal). Exposures were study setting and six modifiable factors (smoking, alcohol drinking, leisure time and transportrelated physical activity levels, TV watching, fruit/ vegetables intake and obesity). Poisson regression models were used to report prevalence ratios (PR). Population attributable risks (PAR) were also estimated. Results Data from 3238 participants, 48.3% male, mean age 45.3 years, were analysed. Age-standardised (WHO population) prevalence of prehypertension and hypertension was 24% and 16%, whereas for prediabetes and type-2 diabetes it was 18% and 6%, respectively. Outcomes varied according to study setting (p < 0.001). In multivariable model, hypertension was higher among daily smokers (PR 1.76), heavy alcohol drinkers (PR 1.61) and the obese (PR 2.06); whereas only obesity (PR 2.26) increased the prevalence of diabetes. PAR showed that obesity was an important determinant for hypertension (15.7%) and type-2 diabetes (23.9%). Conclusions There is an evident heterogeneity in the prevalence of and risk factors for hypertension and diabetes within Peru. Prehypertension and prediabetes are highly prevalent across settings. Our results emphasise the need of understanding the epidemiology of cardiometabolic conditions to appropriately implement interventions to tackle the burden of non-communicable diseases.",,
DES-259,39596,SCOPUS_ID:0026640432,10.1016/0091-7435(92)90061-l,Association of serum lipoproteins and health-related habits with coffee and tea consumption in free-living subjects examined in the Israeli CORDIS study,Preventive Medicine,1992,Other/None,Experimental,Experimental,Other/None,Experimental,Experimental,False,False,False,False,False,,"Background. A positive association between coffee consumption and serum cholesterol levels has been demonstrated and recent results indicate that this may be due to a lipid-rich fraction present mainly in boiled coffee. The possible effects of tea consumption are less clear, although evidence has been presented which suggests that tea drinkers have lower cholesterol levels. The associations between serum lipids and lipoproteins and coffee and tea consumption were examined in the Israel CORDIS study. Methods. Employees of 21 factories were screened for cardiovascular disease risk factors between 1985 and 1987. Detailed data on coffee and tea consumption and serum lipids and lipoproteins were available for 3,858 men and 1,511 women. Results and Conclusions. Consumption of five or more cups of coffee per day was reported by 10.1% of men and 8.7% of women, whereas only 3.4% of men and 2.2% of women consumed similar quantities of tea. After controlling for a number of potential confounders, coffee consumption (particularly ""mud"" coffee) was strongly and positively associated with higher serum total and low-density lipoprotein cholesterol levels in both sexes (consumers of five or more cups per day had cholesterol levels up to 18 mg/dl higher than abstainers) and with high-density lipoprotein cholesterol in women. There was a nonsignificant negative association between tea consumption and serum cholesterol (cholesterol levels about 5 mg/dl more in abstainers than in those consuming five or more cups per day). In general, more negative health-related habits were reported with increased coffee consumption, whereas this relationship was not found for tea drinking. The relatively small percentage of heavy tea drinkers limits the conclusions that one can draw from this study and controlled trials are needed to evaluate possible lipid-lowering effects of tea consumption. © 1992.",,
DES-260,39156,SCOPUS_ID:85062301183,10.1016/s2468-2667(19)30002-7,"Long-term trends in child maltreatment in England and Wales, 1858–2016: an observational, time-series analysis",The Lancet Public Health,2019,Ecological / Time-series,Ecological / Time-series,Ecological / Time-series,Other/None,Ecological / Time-series,Ecological / Time-series,False,False,False,False,True,,"Background: It is unclear whether child maltreatment is increasing or decreasing in England and Wales. More evidence is needed, from multiple sources and over longer periods of time, to explore trends in child maltreatment. We investigated whether the annual incidence of child maltreatment has changed over time, using official record data and time-series methods to establish long-term trends. Methods: In this observational time-series analysis, we used six data sources (Government records for child mortality, police-recorded child homicides, crimes against children, child protection, and children in care; and NSPCC data) to estimate the incidence of child maltreatment in England and Wales and examine long-term trends. We included nationally representative data that could estimate the incidence of child maltreatment for more than 25 years. Our primary outcomes were the number of victims (age <20 years) or perpetrators (age >16 years) of child maltreatment per 12-month period in England, including or excluding Wales. We fitted Poisson regression models with year as the exposure and the number of victims or perpetrators of child maltreatment as the outcome (adjusted for population age-structure and size). When a linear trend was not appropriate, we fitted generalised additive models with penalised splines to visualise trends. Findings: The incidence of child mortality by homicide or assault decreased by 90% (2·7 per 100 000 children) between 1858 and 2016 and the incidence of people guilty of child cruelty or neglect decreased by 83% (6·7 per 100 000 adults) between 1893 and 2016, whereas child protection registrations increased by 182% (328·7 per 100 000 children) between 1988 and 2016. Crimes against children and children entering care increased between 2000 and 2016. In 2016, 40 children died by homicide, with twice as many adolescent (15–19 years) deaths than infant (age <1 year) deaths. In 2016, 67 700 children were placed on the child protection register and neglect and emotional abuse were the most common reasons. Interpretation: Although long-term trends have decreased, child maltreatment remains a major public health problem in England and Wales. Further research is needed to establish whether adolescents are a particularly vulnerable age group and whether neglect and emotional abuse are increasing. Future child protection policies and practices should respond to these areas of growing need. Funding: Andrew W Mellon Foundation and Clarendon through The Oxford Research Centre in the Humanities, Oxford.",,
DES-261,24747,SCOPUS_ID:0035702784,10.1023/a:1013765016742,Association between gastric cancer mortality and nitrate content of drinking water: Ecological study on small area inequalities,European Journal Of Epidemiology,2001,Ecological / Time-series,Ecological / Time-series,Ecological / Time-series,Ecological / Time-series,Ecological / Time-series,Ecological / Time-series,False,False,False,False,False,Drinking water; Ecological study; Gastric cancer; Nitrate,"The carcinogenic feature of N-nitroso compounds has been well established. Similarly, the transformation of ingested nitrate to N-nitroso compounds in the stomach has been thoroughly documented, nevertheless nitrates' carcinogenic effect has not been proved convincingly in human. The present study was aimed to investigate a population of small villages provided by drinking water with high and widely variable nitrate content (72 mg/l median, 290.7 mg/l 95-percentile concentration). Empirical Bayes estimates for settlement-specific age-, sex-, and year-standardised mortality ratios of gastric cancer (GC) were related to the settlement level average nitrate concentrations in drinking water controlling for confounding effects of smoking, ethnicity and education. The log-transformed average nitrate concentration showed significant positive association with stomach cancer mortality in linear regression analysis (p= 0.014). The settlements were aggregated according to the nitrate concentration into 10-percentile groups and the standardised mortality ratios (SMRs) were calculated. Those groups with higher than 88 mg/l average nitrate concentration showed substantial risk elevation and the log-transformed exposure variables proved to be significant predictors of mortality (p = 0.032) at this level of aggregation also. The association seemed to be fairly strong (r2 = 0.46). Although this investigation constituting an ecological study has certain limitations, it supports the hypothesis that the high level of nitrate in drinking water is involved in the development of GC.",,
DES-262,1087,SCOPUS_ID:0028069411,10.1093/oxfordjournals.aje.a116998,Characteristics of a hypothetical group of hospital controls for a case-control study,American Journal Of Epidemiology,1994,Case-control,Other/None,Case-control,Case-control,Case-control,Case-control,True,True,False,True,False,Case-control studies; Epidemiologic methods,"In case-control studies in which cases are ascertained from hospitals, controls are frequently chosen from among patients with other diseases at the same hospitals. This study was undertaken to examine the extent to which a hospital control group is representative of the population to which inferences are made. A hypothetical hospital control group was assembled consisting of 233 men and women aged 40-74 years who were surgical inpatients at the two hospitals in Otsego County, New York, in 1990. The characteristics of this group were compared with the characteristics of 15,563 men and women aged 40-74 years who participated in a privately conducted health census in the same county in 1989 with the use of health-related data collected in the census. In this rural setting, only small differences were found between the hospital control group and the census population on most of the measures considered, including demographic characteristics, certain health behaviors, and the prevalence of common conditions. However, the female hospital controls were more likely to be overweight than the females enumerated in the census, and the men were more likely to have ever smoked cigarettes. These differences were large enough to lead to different interpretations about the strength of the associations between these variables and case-control status. © 1994 by The Johns Hopkins University School of Hygiene and Public Health.",,
DES-263,4362,SCOPUS_ID:53749089278,10.1093/aje/kwn190,Antidiabetic medication and prostate cancer risk: A population-based case-control study,American Journal Of Epidemiology,2008,Case-control,Other/None,Case-control,Case-control,Case-control,Case-control,False,False,False,False,False,Case-control studies; Diabetes mellitus; Drug therapy; Finland; Incidence; Population; Prostatic neoplasms,"Decreased risk of prostate cancer in diabetic men has been reported. The authors evaluated the association between antidiabetic medication use and prostate cancer at the population level. All incident prostate cancer cases in Finland during 1995-2002 were identified from the Finnish Cancer Registry. Matched controls were provided by the Population Register Center (24,723 case-control pairs). Information on medication use was obtained from a comprehensive prescription database. Multivariable-adjusted odds ratios were computed by using conditional logistic regression. The authors found that prostate cancer risk was decreased for antidiabetic medication users (odds ratio = 0.87, 95% confidence interval: 0.82, 0.92). The decrease was observed for most drug groups. The odds ratio decreased in a dose-dependent fashion by quantity of use. Duration of antidiabetic treatment was inversely associated with overall prostate cancer risk and risk of advanced cancer. Similar risk reduction for users of different antidiabetic drugs suggests that diabetes, instead of the medication itself, is behind the association. This finding is unlikely to be secondary because of differential uptake of the prostate-specific antigen test or different prostate-specific antigen levels between medication users and nonusers; prevalence of testing in Finland is low. Dose and time dependency of the relation probably indicates that duration of diabetes is negatively associated with risk. © The Author 2008. Published by the Johns Hopkins Bloomberg School of Public Health. All rights reserved.",,
DES-264,2612,SCOPUS_ID:0035500686,10.1093/aje/154.9.787,Boy/girl differences in risk for reading disability: Potential clues?,American Journal Of Epidemiology,2001,Other/None,Case-control,Case-control,Case-control,Case-control,Case-control,False,False,False,False,False,Case-control studies; Dyslexia; Educational status; Learning disorders; Risk factors,"The authors conducted a case-control study to determine whether risk factors for reading disability (RD) differentially affect boys and girls. The study population included all children born between 1976 and 1982 in Olmsted County, Minnesota (n = 5,701). A total of 303 RD cases were identified by using intelligence quotient and achievement test scores collected from school and medical records. After excluding those who met exclusion criteria (n = 869), controls consisted of all children not identified with RD (n = 4,529). The authors examined the association between RD and potential risk factors in boys and girls and confirmed their results in multivariable logistic regression models. Multivariable models indicated that girls of low birth weight were more than twice as likely to be identified as RD (odds ratio (OR) = 2.94, 95% confidence interval (CI): 1.09, 6.25). Girls whose mothers had 12 or fewer years of education were twice as likely to be identified as RD (OR = 2.14, 95% CI: 1.24, 3.72). However, girls whose fathers were aged 35 years or older at the time of birth were less likely to be identified as RD (OR = 0.24, 95% CI: 0.06, 0.92). Only 12 or fewer years of paternal education was associated with increased RD in boys (OR = 2.28, 95% CI: 1.59, 3.27). Boys and girls appear to be differentially susceptible to RD risk factors, suggesting that the biologic processes leading to RD may differ between boys and girls.",,
DES-265,23676,SCOPUS_ID:85116823719,10.1097/ede.0000000000001402,Effect of Adjustment for Case Misclassification and Infection Date Uncertainty on Estimates of COVID-19 Effective Reproduction Number,Epidemiology,2021,Other/None,Ecological / Time-series,Ecological / Time-series,Other/None,Ecological / Time-series,Ecological / Time-series,False,False,False,False,True,Bayesian analysis; COVID-19; Deconvolution; Misclassification; Quantitative bias analysis; Surveillance,"Background: Surveillance data captured during the COVID-19 pandemic may not be optimal to inform a public health response, because it is biased by imperfect test accuracy, differential access to testing, and uncertainty in date of infection. Methods: We downloaded COVID-19 time-series surveillance data from the Colorado Department of Public Health & Environment by report and illness onset dates for 9 March 2020 to 30 September 2020. We used existing Bayesian methods to first adjust for misclassification in testing and surveillance, followed by deconvolution of date of infection. We propagated forward uncertainty from each step corresponding to 10,000 posterior time-series of doubly adjusted epidemic curves. The effective reproduction number (Rt), a parameter of principal interest in tracking the pandemic, gauged the impact of the adjustment on inference. Results: Observed period prevalence was 1.3%; median of the posterior of true (adjusted) prevalence was 1.7% (95% credible interval [CrI]: 1.4%, 1.8%). Sensitivity of surveillance declined over the course of the epidemic from a median of 88.8% (95% CrI: 86.3%, 89.8%) to a median of 60.8% (95% CrI: 60.1%, 62.6%). The mean (minimum, maximum) values of Rtwere higher and more variable by report date, 1.12 (0.77, 4.13), compared to those following adjustment, 1.05 (0.89, 1.73). The epidemic curve by report date tended to overestimate Rtearly on and be more susceptible to fluctuations in data. Conclusion: Adjusting for epidemic curves based on surveillance data is necessary if estimates of missed cases and the effective reproduction number play a role in management of the COVID-19 pandemic.",,
DES-266,37137,SCOPUS_ID:78651322611,10.1136/jech.2009.090100,Social inequalities in health among adolescents in a large southern European city,Journal Of Epidemiology And Community Health,2011,Other/None,Cross-sectional,Cross-sectional,Other/None,Cross-sectional,Cross-sectional,False,False,False,False,False,,"Background: Numerous health problems are initiated in childhood and adolescence. For example, obesity, which has increased significantly in recent years, often begins in early life. The objective of this study is to describe social inequalities in obesity and other health problems among adolescents, by sex. Methods: Data were from a cross-sectional study conducted in a representative sample of 903 adolescents aged 12-16 years old, from secondary schools in Barcelona, Spain. Associations between socioeconomic indicators and health outcomes (perceived health status, and overweight and obesity) were examined through generalised estimating equation models. All analyses were stratified by sex. Results: Boys were more likely to report very good perceived health status than girls (64.1% and 46.3%, respectively). Some of the less privileged socioeconomic position indicators were associated with the presence of overweight and obesity (prevalence ratio 2.41 for low family affluence scale in girls), and with a lower probability of reporting very good perceived health status among boys (prevalence ratio 0.75 for primary level of paternal education). Conclusions: This study suggests that there are social inequalities in perceived health status, overweight and obesity, measured by different socioeconomic indicators among the adolescent population of Barcelona, and that these inequalities were distributed differently among boys and girls. Gender differences in the impact of socioeconomic variables in health need to be considered in epidemiological and intervention studies.",,
DES-267,43888,SCOPUS_ID:85002152458,10.1016/j.ypmed.2016.08.043,“We actually care and we want to make the parks better”: A qualitative study of youth experiences and perceptions after conducting park audits,Preventive Medicine,2017,Qualitative,Other/None,Qualitative,Other/None,Qualitative,Qualitative,False,False,False,False,False,Active living; Community policy systems; Environmental change; Parks and recreation; Youth advocacy,"This study explored youths’ experiences and perceptions about community engagement as a result of participating in a community-based data collection project using paper and mobile technology park environmental audit tools. In July 2014, youth (ages 11–18, n = 50) were recruited to participate in nine focus groups after auditing two parks each using paper, electronic, or both versions of the Community Park Audit Tool in Greenville County, SC. The focus groups explored the youths’ experiences participating in the project, changes as a result of participation, suggested uses of park audit data collected, and who should use the tools. Four themes emerged related to youths’ project participation experiences: two positive (fun and new experiences) and two negative (uncomfortable/unsafe and travel issues). Changes described as a result of participating in the project fell into four themes: increased awareness, motivation for further action, physical activity benefits, and no change. Additionally, youth had numerous suggestions for utilizing the data collected that were coded into six themes: maintenance & aesthetics, feature/amenity addition, online park information, park rating/review system, fundraising, and organizing community projects. Finally, six themes emerged regarding who the youth felt could use the tools: frequent park visitors, community groups/organizations, parks and recreation professionals, adults, youth, and everyone. This study revealed a wealth of information about youth experiences conducting park audits for community health promotion. Understanding youth attitudes and preferences can help advance youth empowerment and civic engagement efforts to promote individual and community health.",,
DES-268,23011,SCOPUS_ID:84927699517,10.1097/ede.0000000000000165,Global variation in the effects of ambient temperature on mortality: A systematic evaluation,Epidemiology,2014,Other/None,Other/None,Other/None,Other/None,Other/None,Other/None,False,False,False,False,True,,"Background: Studies have examined the effects of temperature on mortality in a single city, country, or region. However, less evidence is available on the variation in the associations between temperature and mortality in multiple countries, analyzed simultaneously. Methods: We obtained daily data on temperature and mortality in 306 communities from 12 countries/regions (Australia, Brazil, Thailand, China, Taiwan, Korea, Japan, Italy, Spain, United Kingdom, United States, and Canada). Two-stage analyses were used to assess the nonlinear and delayed relation between temperature and mortality. In the first stage, a Poisson regression allowing overdispersion with distributed lag nonlinear model was used to estimate the communityspecific temperature-mortality relation. In the second stage, a multivariate meta-analysis was used to pool the nonlinear and delayed effects of ambient temperature at the national level, in each country. Results: The temperatures associated with the lowest mortality were around the 75th percentile of temperature in all the countries/regions, ranging from 66th (Taiwan) to 80th (UK) percentiles. The estimated effects of cold and hot temperatures on mortality varied by community and country. Meta-analysis results show that both cold and hot temperatures increased the risk of mortality in all the countries/regions. Cold effects were delayed and lasted for many days, whereas heat effects appeared quickly and did not last long. Conclusions: People have some ability to adapt to their local climate type, but both cold and hot temperatures are still associated with increased risk of mortality. Public health strategies to alleviate the impact of ambient temperatures are important, in particular in the context of climate change.",,
DES-269,32402,SCOPUS_ID:33645800377,10.1093/ije/dyi170,Randomized controlled trial: Effect of nutritional counselling in general practice,International Journal Of Epidemiology,2006,Experimental,Experimental,Experimental,Experimental,Experimental,Experimental,False,False,False,False,False,General practice; Health promotion; Nutrition; Randomized controlled trial,"Objectives: To investigate the effectiveness of a non-structured 15-min educational intervention by general practitioners (GPs) on modifications of daily diet among healthy adults. Design Two arms randomized trial la sting 12 months. Setting: Italian general practitioner wards. Subjects: A total of 3186 men and women aged 18-65 years recruited in the medical ward by their GPs. Interventions: An educational intervention and a brochure on the basics of a healthy diet based on the Italian Guidelines for a Correct Nutrition, 1998. The main study goal was to attain an intake of fruits and vegetables >5 servings per day. Follow-up visit every 6 months. Main outcome measures Weight, blood pressure, and a 40-items Food Frequency Questionnaire. Results: The intervention group showed a slightly reduced net intake of meat and a slightly increased net intake of fruits and vegetables, fish products, and olive oil. Body mass index (BMI) changed only in the treatment arm [ - 0.41 95% confidence interval (95% CI) -0.11 to -0.53]. The net change at 1 year in the intervention arm was +1.31 (CI 0.90-4.39) for fruits and vegetables, and -0.22 (-0.11 to -0.69) for meat (portions per week). We also computed a 'healthy diet score' reflecting compliance with recommended dietary habits. In the intervention group, the mean score at recruitment was significantly lower than the mean score at the end of follow-up (Crude score change = 0.29; CI 0.19-0.48). No differences were served in the control group (Crude score change = -0.04; CI -0.22-0.02). The difference in score from baseline to the final visit, comparing the intervention vs the control group, was statistically significant (P < 0.001) (MANOVA adjusted by sex, BMI, education, and time). Conclusions: A brief educational intervention by GPs can induce multiple diet changes that may lower BMI and potentially reduce chronic disease risk in generally healthy adults. © 2006 Oxford University Press.",,
DES-270,12583,SCOPUS_ID:85126380124,10.1016/j.amepre.2021.12.026,Young Adult Healthcare Exposure and Future Opioid Misuse: A Prospective Cohort Study,American Journal Of Preventive Medicine,2022,Cohort,Cohort,Cohort,Other/None,Cohort,Cohort,False,False,False,False,True,,"Introduction: Outpatient opioid prescribing is associated with opioid misuse in young adults, but the longitudinal association between general healthcare exposure and opioid misuse has not been explored. The objective of this study is to examine the association between healthcare exposure in young adulthood and future opioid misuse. Methods: Data were drawn from the National Longitudinal Study of Adolescent to Adult Health (2001–2018) and analyzed in 2021. Healthcare exposure (i.e., inpatient hospitalization and visits to the clinic, emergency department, mental-health facility, or dentist) between individuals aged 18 and 26 years was the primary independent variable; only patients who did not report opioid misuse at baseline were included. Opioid misuse was defined as using prescription painkillers without a doctor's permission and was measured 17 years after exposure. Multivariable logistic regression was used to examine any associations with opioid misuse (ages 33–43 years). Results: A total of 8,225 young adults with a mean baseline age of 21.8 (SE=0.12) years met inclusion criteria. Approximately 13.7% reported new opioid misuse at follow-up. Those reporting opioid misuse at follow-up were more likely to be White, lack a college education, or report depression. Those exposed to inpatient hospitalization, emergency departments, or mental-health facilities had an increased risk of future opioid misuse. Conclusions: In young adults reporting no opioid misuse at baseline, healthcare exposure was associated with an increased risk of opioid misuse later in adulthood in this large, national cohort. Physicians encounter this at-risk population daily, reinforcing the importance of responsible prescribing practices and the need for targeted screening, patient education, and intervention efforts in the healthcare setting.",,
DES-271,4161,SCOPUS_ID:34547437743,10.1093/aje/kwm051,"A prospective study of tobacco, alcohol, and the risk of esophageal and gastric cancer subtypes",American Journal Of Epidemiology,2007,Other/None,Other/None,Other/None,Cohort,Cohort,Cohort,False,False,False,False,False,Alcohol drinking; Cohort studies; Esophageal neoplasms; Prospective studies; Smoking; Stomach neoplasms,"Rates of esophageal adenocarcinoma and gastric cardia adenocarcinoma have increased, while rates of esophageal squamous cell carcinoma (ESCC) and gastric noncardia adenocarcinoma have decreased, suggesting distinct etiologies. The authors prospectively investigated the associations of alcohol and tobacco with these cancers in 474,606 US participants using Cox models adjusted for potential confounders. Between 1995/1996 and 2000, 97 incident cases of ESCC, 205 of esophageal adenocarcinoma, 188 of gastric cardia, and 187 of gastric noncardia cancer occurred. Compared with nonsmokers, current smokers were at increased risk for ESCC (hazard ratio (HR) = 9.27, 95% confidence interval (CI): 4.04, 21.29), esophageal adenocarcinoma (HR = 3.70, 95% CI: 2.20, 6.22), gastric cardia (HR = 2.86, 95% CI: 1.73, 4.70), and gastric noncardia (HR = 2.04, 95% CI: 1.32, 3.16). Assuming causality, ever smoking had population attributable risks of 77% (95% CI: 0.55, 0.89) for ESCC, 58% (95% CI: 0.38, 0.72) for esophageal adenocarcinoma, 47% (95% CI: 0.27, 0.63) for gastric cardia, and 19% (95% CI: 0.00, 0.37) for gastric noncardia. For drinkers of more than three alcoholic beverages per day, compared with those whose intake was up to one drink per day, the authors found significant associations between alcohol intake and ESCC risk (HR = 4.93, 95% CI: 2.69, 9.03) but not risk for esophageal, gastric cardia, or gastric noncardia adenocarcinoma. Copyright © 2007 by the Johns Hopkins Bloomberg School of Public Health All rights reserved.",,
DES-272,33190,SCOPUS_ID:84913592564,10.1093/ije/dyu134,Prospective association between red and processed meat intakes and breast cancer risk: Modulation by an antioxidant supplementation in the SU.VI.MAX randomized controlled trial,International Journal Of Epidemiology,2014,Experimental,Experimental,Experimental,Other/None,Experimental,Experimental,False,False,False,False,False,Antioxidants; Breast cancer; Meat; Meat products; Prospective studies,"Background: The level of evidence regarding the association between red and processed meat intakes and breast cancer risk is still low, due to insufficient prospective studies. Moreover, mechanistic data suggest that some antioxidants may modulate this relationship but epidemiological evidence is lacking. Our objectives were to investigate relationships between red and processed meat intakes and breast cancer risk, and to study whether an antioxidant supplementation modulates these associations, which, to our knowledge, has never been investigated before. Methods: The SU.VI.MAX study was a randomized, double-blind, placebo-controlled trial in which participants received a combination of low-dose antioxidants or a placebo from 1994 to 2002. This observational prospective analysis included 4684 women among whom 190 developed a first incident breast cancer between 1994 and 2007 [mean (range) follow-up=11.3 (0-13)years]. Baseline dietary data were assessed by repeated dietary records in 1994-1995. Associations between quartiles of red and processed meat intakes and breast cancer risk were characterized by multivariate Cox proportional hazards models. Results: Breast cancer risk was directly associated with processed meat intake [hazard ratio (HR)Q4vsQ1=1.45 (0.92-2.27), Ptrend=0.03] and this association was stronger when excluding cooked ham [HRQ4vsQ1=1.90 (1.18-3.05), Ptrend=0.005]. In stratified analyses, processed meat intake was directly associated with breast cancer risk in the placebo group only [HRQ4vsQ1=2.46 (1.28-4.72), Ptrend=0.001], but not in the supplemented group [HRQ4vsQ1=0.86 (0.45-1.63), Ptrend=0.7]. Conclusion: Processed meat intake was prospectively associated with increased breast cancer risk. This study also suggests that antioxidants may modulate this association by counteracting the potential pro-carcinogenic effects of processed meat on breast cancer.",,
DES-273,13400,SCOPUS_ID:0026351577,10.2105/ajph.81.12.1651,Patterns of breast and cervical cancer screening at three public health centers in an inner-city urban area,American Journal Of Public Health,1991,Other/None,Other/None,Other/None,Other/None,Other/None,Other/None,False,False,False,False,True,,"In an effort to examine breast and cervical cancer screening patterns among poor African-American urban women, medical records were abstracted at three public health centers located in the inner city of Chicago. The proportions of eligible women at these three centers who received Pap smears, breast examinations, and mammograms were computed. These proportions were notably low and differed significantly among the three centers. Because the literature is now suggesting that an appropriate sequence best defines adequate screening, sequences of screenings were also determined and were found to be lacking. All of these screening histories fall far below the screening objectives set by the National Cancer Institute for the year 2000. This information suggests that interventions are needed that will help health centers serving poor women to deliver more frequent cancer screening.",,
DES-274,8981,SCOPUS_ID:4644318676,10.1016/j.amepre.2004.05.002,Barriers to physical activity: Qualitative data on caregiver-daughter perceptions and practices,American Journal Of Preventive Medicine,2004,Other/None,Qualitative,Qualitative,Other/None,Qualitative,Qualitative,False,False,False,False,False,,"There is little research on household and physical environment barriers to physical activity, particularly in minority populations at high risk for obesity and inactivity. Few studies include data on caregiver and daughter dyads. Formative data were used to develop intervention strategies and pathways for the Girls Rule! obesity prevention intervention, in under-studied high-risk pre-adolescents. Participants included 12 African-American girls (mean age 7.8 years) and their 11 primary female caregivers (mean age 41.8 years) - eight mother-daughter dyads and three grandmother-granddaughter dyads - for a total of 51 interviews across 23 participants interviewed from April to October 2000. A qualitative approach was used for 51 semistructured in-depth interviews with 11 dyads (female caregiver and girl), consisting of up to three interviews per respondent (mean=2.4 interviews per respondent). Interviews were transcribed, coded, and systematically analyzed between January 2002 and January 2003 to identify recurrent patterns and themes related to physical activity. Findings indicate clear preference of the girls for sedentary, rather than active, behaviors. Caregivers were unaware of the amount of TV viewed and found positive benefits of TV viewing, including safe supervision of their daughters. Barriers to physical activity include perceived lack of affordable and accessible recreation facilities and low caregiver motivation. Potential intervention strategies identified by respondents include walking for exercise and transportation and several low-cost, favored physical activities, such as hopscotch, jumping rope, and dance. These findings point toward several physical activity and obesity intervention strategies that can guide obesity prevention efforts. © 2004 American Journal of Preventive Medicine.",,
DES-275,32418,SCOPUS_ID:36949040429,10.1093/ije/dym196,The influence of media reporting of the suicide of a celebrity on suicide rates: A population-based study,International Journal Of Epidemiology,2007,Other/None,Ecological / Time-series,Ecological / Time-series,Other/None,Ecological / Time-series,Ecological / Time-series,False,False,False,False,True,Celebrity suicide; Completed suicide; Media report,"Background: The impact of media reporting of suicides of entertainment celebrities may affect suicide rates due to an imitation effect. We investigated the impact on suicides of the media reporting of the suicide of a male television celebrity. Methods: All suicides during 2003-2005 in Taiwan (n = 10 945) were included in this study. A Poisson time series autoregression analysis was conducted to examine whether there was an increase in suicides during the 4-week period after extensive media reporting of the celebrity suicide. Results: After controlling for seasonal variation, calendar year, temperature, humidity and unemployment rate, there was a marked increase in the number of suicides during the 4-week period after media reporting (relative risk = 1.17, 95% CI 1.04-1.31). The increase was in men (relative risk = 1.30, 95% CI 1.14-1.50) and for the individuals using the same highly lethal method (hanging) as the TV actor did (relative risk = 1.51, 95% CI 1.25-1.83). However, the age groups in which the increase occurred were younger than the age of the celebrity. Conclusions: The extensive media reporting of the celebrity suicide was followed by an increase in suicides with a strong implication of a modelling effect. The results provide further support for the need for more restrained reporting of suicides as part of suicide prevention strategies to decrease the imitation effect. © The Author 2007; all rights reserved.",,
DES-276,31125,SCOPUS_ID:0030724109,10.1093/ije/26.5.953,Comparing dietary recall data for mothers and children obtained on two occasions in a case-control study of environmental factors and childhood brain tumours,International Journal Of Epidemiology,1997,Case-control,Case-control,Case-control,Other/None,Case-control,Case-control,False,False,False,False,False,Childhood brain tumours; Diet; Food frequency questionnaires,"Background. Food frequency questionnaires (FFQ) have been widely used in epidemiological studies of dietary factors, despite persistent questions about the quality of the data they generate. To address concerns about the influence of disease status on dietary recall, we examined the temporal consistency of dietary recall data obtained in a case-control study of environmental factors and childhood brain tumours. Methods. On two occasions separated by approximately 4.5 years, the mothers of children with brain tumours and healthy matched controls were asked about their diets during pregnancy and their children's diets prior to diagnosis. Forty-five case and 60 control mothers completed both FFQ for themselves and/or their children. Daily dietary intakes of substances related to dietary N-nitroso compounds were estimated from the responses to each of the questionnaires and compared. The dietary intakes of the cases were also compared to their matched controls. Results. The changes in estimated dietary intakes from the first to the second questionnaire administration were similar in both groups of mothers, indicating negligible case-control differences in healthy individuals recalling their own diets. Control mothers reported for their children a higher intake of the index foods on the second questionnaire than on the first while estimated intakes for the case children were lower the second time compared to the first. Significant case-control differences among the children were seen for the majority of dietary components examined. Conclusions. The results suggest that the magnitude and direction of errors in dietary recall data can vary by disease status, and further suggest that reliance on retrospective reports of children's diets may be inappropriate in a case-control study.",,
DES-277,20845,SCOPUS_ID:85197973008,10.2105/ajph.2024.307696,"“The Hotel of 10,000 Stars”: The Impact of Social-Structural Determinants of Health Among Im/migrant Shrimpers in the Gulf of Mexico",American Journal Of Public Health,2024,Other/None,Qualitative,Qualitative,Other/None,Qualitative,Qualitative,False,False,False,False,True,,"Objectives. To identify appropriate interventions to prevent injury, we conducted a qualitative study among commercial shrimp fishermen in the Gulf of Mexico. Methods. Using qualitative and participatory research methods, including interviews, photovoice, and workplace observations in southeast Texas and the Rio Grande Valley in Texas, we examined the social–structural dimensions that contribute to physical and psychological injury. Results. We found that multiple layers of vulnerability and danger exist among shrimpers with interacting themes: (1) recognizing risk, (2) precarious employment, and (3) psychological distress. Conclusions. Our results add to the growing body of knowledge that emphasizes the negative health impacts of underregulated, high-risk, and physically demanding work performed primarily by im/migrants. Public Health Implications. Our findings highlight the larger social–structural conditions and context of hardships endemic to migrant labor and suggest implications for practice and policy interventions. (Am J Public Health. 2024;114(8):824–832. https://doi.org/10.2105/AJPH.2024.307696)",,
DES-278,40887,SCOPUS_ID:0242720547,10.1016/j.ypmed.2003.08.004,Indices of changes in adiposity in American Indian children,Preventive Medicine,2003,Other/None,Experimental,Experimental,Other/None,Experimental,Experimental,False,False,False,False,False,American Indian children; Bioelectrical impedance; Body composition changes; Body fat; Body mass index; Native American; Skinfolds,"Background. Pathways, a randomized trial, evaluated the effectiveness of a school-based obesity prevention program on body composition changes in American Indian children. Several body composition methods were compared in intervention and control schools for assessing body composition changes. Methods. Body composition methods, including skinfolds, bioelectric impedance analysis (BIA), body mass index (BMI), and using a combination of body composition methods were selected to assess 3-year changes in PBF in 705 children within 21 intervention schools and 663 children within 20 control schools. The study equation using skinfolds, BIA, and BMI was developed on a previous sample of American Indian children using deuterium oxide dilution as the criterion method. Results. Body fat changes among methods for the intervention sample ranged from 5.4% (BMI method) to 7.1% (combination of methods) and for the control sample, from 5.8% (BMI method) to 7.3% (combination of methods). The study equation estimates were significantly higher than the other methods and the BMI equation estimates were significantly lower than the other methods except by BIA. The BIA equation showed a significantly larger standard deviation of the difference over the 3-year intervention than each of the other methods indicating less reliability for detecting body composition changes. Conclusions. Within the Pathways large scale intervention trial with American Indian children, we found comparable yet significantly different mean PBF changes among methods. However, BIA was not as reliable as skinfolds and the combination of BIA, skinfolds, and body weight in assessing PBF changes. © 2003 American Health Foundation and Elsevier Science (USA). All rights reserved.",,
DES-279,14462,SCOPUS_ID:0029044371,10.2105/ajph.85.5.726,Predicting body fatness: The body mass index vs estimation by bioelectrical impedance,American Journal Of Public Health,1995,Other/None,Other/None,Other/None,Other/None,Other/None,Other/None,False,False,False,False,False,,"The body mass index (weight in kilograms/height in square meters) is a common surrogate for fatness. With the advent of bioelectrical impedance analysis, more precise measurement of fatness in populations is now possible. We measured height, weight, and percentage that is fat by bioelectrical impedance analysis in 2032 adults, ages 31 to 92, participating in the Framingham studies. Body mass index was a poor predictor of fatness in women (R2 = 0.55) and men (R2 = 0.38), and was imprecise (standard error of estimate = 5 percentage points). The relationship between percentage fat and body mass index was quadratic in both sexes, and was altered by age in women (P < .0001) and, to a lesser extent, in men (P < .027). These data suggest that body mass index is an imprecise measurement of fatness compared with bioelectrical impedance.",,
DES-280,11452,SCOPUS_ID:85006166037,10.1016/j.amepre.2016.09.018,Factors Perceived as Influencing Local Health Department Involvement in Mental Health,American Journal Of Preventive Medicine,2017,Other/None,Qualitative,Qualitative,Other/None,Qualitative,Qualitative,False,False,False,False,True,,"Introduction Local health departments (LHDs) are potentially well positioned to implement population-based approaches to mental health promotion, but research indicates that most LHDs are not substantively engaged in activities to address mental health. Little is known about factors that influence if and how LHDs address population mental health. The objectives of this qualitative study were to (1) understand how LHD officials perceive population mental health; (2) identify factors that influence these perceptions and LHD activities to address population mental health; and (3) develop an empirically derived conceptual framework of LHD engagement in population mental health. Methods Twenty-one semi-structured interviews were conducted with a purposive sample of LHD officials and analyzed using thematic content analysis in 2014–2015. Transcripts were double coded, inter-rater reliability statistics were calculated, and categories with κ ≥0.60 were retained. Results Respondents perceived mental health as a public health issue and expressed that it has emerged as a priority through community health needs assessment processes, such as those conducted for health department accreditation. However, most LHDs were not substantively engaged in population mental health activities because of limited resources, knowledge, data, and hesitancy to infringe upon the territory of local behavioral health agencies. LHDs and local behavioral health agencies had difficulty communicating and collaborating because of divergent perspectives and financing arrangements. Conclusions LHD officials are eager to embrace population mental health, but resources, training and education, and systems-level changes are needed. Contemporary reforms to the structure and financing of the U.S. health system offer opportunities to address these challenges.",,
DES-281,5533,SCOPUS_ID:84859514238,10.1093/aje/kwr358,Welding and lung cancer in Central and Eastern Europe and the United Kingdom,American Journal Of Epidemiology,2012,Other/None,Other/None,Other/None,Case-control,Case-control,Case-control,False,False,False,False,False,Case-control studies; Confounding factors (epidemiology); Lung neoplasms; Metals; Welding,"Occupation as a welder has been associated with a 25%-40% increase in lung cancer risk. This study aims to elucidate to what extent confounding by smoking and asbestos drives this association and to evaluate the role of welding-related exposures such as chromium. The study included 2,197 male incident lung cancer cases and 2,295 controls from Romania, Hungary, Poland, Russia, Slovakia, the Czech Republic, and the United Kingdom from 1998 to 2001. Information on risk factors was collected through face-to-face interviews. Experts assessed exposure to 70 agents, and risk estimates were adjusted for smoking and occupational exposures. Occupation as a welder/flame cutter (prevalence controls: 3.7%) was associated with an odds ratio of 1.36 (95% confidence interval (CI): 1.00, 1.86) after adjustment for smoking and occupational exposures including asbestos. An odds ratio of 1.18 (95% CI: 1.01, 1.38) was found for welding fumes (prevalence controls: 22.8%), increasing to 1.38 for more than 25 exposure years (95% CI: 1.09, 1.75). A duration-response association was also observed for mild steel welding without chromium exposure. In this population, occupational exposure to welding fumes accounted for approximately 4% of lung cancer cases, to which both stainless and mild steel welding contributed equally. Given that welding remains a common task for many workers, exposure to welding fumes represents an important risk factor for lung cancer. © The Author 2012. Published by Oxford University Press on behalf of the Johns Hopkins Bloomberg School of Public Health. All rights reserved.",,
DES-282,12465,SCOPUS_ID:85135519533,10.1016/j.amepre.2022.06.015,Family-Centered Care and Flourishing in Early Childhood,American Journal Of Preventive Medicine,2022,Other/None,Other/None,Other/None,Other/None,Other/None,Other/None,False,False,False,False,True,,"Introduction: Flourishing reflects a child's ability to cope with stress and have positive relationships, which are critical to health and well-being. Pediatricians may increase flourishing in children through family-centered care, which is perceived as sensitive and responsive to specific child needs and family circumstances. The purpose of this study was to examine the relationship between family-centered care and flourishing in young children. Methods: Data from the 2019–2020 National Survey of Children's Health were used to examine the relationship among children aged 1–5 years (n=17,826). The relationship was explored using chi-square tests and sequential logistic regression modeling, controlling for family socioeconomics and adversity, race/ethnicity, child health, and other measures of healthcare quality. Analyses were conducted in January 2022. Results: Approximately 82% of young children were flourishing. After adjusting for all variables, receipt of family-centered care was the only measure of quality health care associated with an increased likelihood of flourishing in young children (adjusted prevalence rate ratio=1.14; 95% CI=1.01, 1.29; p=0.02). Disparities in flourishing by child sex, race/ethnicity, parental education, income, and insurance type were mitigated after adjustment. However, a decreased likelihood of flourishing continued to be associated with having a special healthcare need (adjusted prevalence rate ratio=0.74; 95% CI=0.68, 0.82) and experiencing multiple adverse childhood experiences (adjusted prevalence rate ratio=0.78; 95% CI=0.66, 0.92). Conclusions: Expanding receipt of family-centered care may support flourishing and help to reduce disparities in flourishing during early childhood. Future research should evaluate the strategies to overcome barriers to delivering and receiving family-centered care, especially among children with special healthcare needs and children who experienced multiple adverse childhood experiences.",,
DES-283,39320,SCOPUS_ID:85121911783,10.1016/s2468-2667(21)00273-5,The effect of mandatory COVID-19 certificates on vaccine uptake: synthetic-control modelling of six countries,The Lancet Public Health,2022,Quasi-experimental,Quasi-experimental,Quasi-experimental,Other/None,Quasi-experimental,Quasi-experimental,False,True,False,True,False,,"Background: Mandatory COVID-19 certification (showing vaccination, recent negative test, or proof of recovery) has been introduced in some countries. We aimed to investigate the effect of certification on vaccine uptake. Methods: We designed a synthetic control model comparing six countries (Denmark, Israel, Italy, France, Germany, and Switzerland) that introduced certification (April–August, 2021), with 19 control countries. Using daily data on cases, deaths, vaccinations, and country-specific information, we produced a counterfactual trend estimating what might have happened in similar circumstances if certificates were not introduced. The main outcome was daily COVID-19 vaccine doses. Findings: COVID-19 certification led to increased vaccinations 20 days before implementation in anticipation, with a lasting effect up to 40 days after. Countries with pre-intervention uptake that was below average had a more pronounced increase in daily vaccinations compared with those where uptake was already average or higher. In France, doses exceeded 55 672 (95% CI 49 668–73 707) vaccines per million population or, in absolute terms, 3 761 440 (3 355 761–4 979 952) doses before mandatory certification and 72 151 (37 940–114 140) per million population after certification (4 874 857 [2 563 396–7 711 769] doses). We found no effect in countries that already had average uptake (Germany), or an unclear effect when certificates were introduced during a period of limited vaccine supply (Denmark). Increase in uptake was highest for people younger than 30 years after the introduction of certification. Access restrictions linked to certain settings (nightclubs and events with >1000 people) were associated with increased uptake in those younger than 20 years. When certification was extended to broader settings, uptake remained high in the youngest group, but increases were also observed in those aged 30–49 years. Interpretation: Mandatory COVID-19 certification could increase vaccine uptake, but interpretation and transferability of findings need to be considered in the context of pre-existing levels of vaccine uptake and hesitancy, eligibility changes, and the pandemic trajectory. Funding: Leverhulme Trust and European Research Council.",,
DES-284,35091,SCOPUS_ID:0028198341,10.1136/jech.48.2.201,Measurement issues in research on social support and health,Journal Of Epidemiology And Community Health,1994,Other/None,Cross-sectional,Cross-sectional,Other/None,Cross-sectional,Cross-sectional,False,False,False,False,False,,"Study objective - The aims were: (1) to identify methodological problems that may explain the inconsistencies and contradictions in the research evidence on social support and health, and (2) to validate a frequently used measure of social support in order to determine whether or not it could be used in multivariate analyses of population data in research on social support and health. Design and methods - Secondary analysis of data collected in a cross sectional survey of a multistage cluster sample of the population of the United States, designed to study relationships in behavioural, social support and health variables. Statistical models based on item response theory and graph theory were used to validate the measure of social support to be used in subsequent analyses. Participants - Data on 1755 men and women aged 20 to 64 years were available for the scale validation. Results - Massive evidence of item bias was found for all items of a group membership subscale. The most serious problems were found in relationship to an item measuring membership in work related groups. Using that item in the social network scale in multivariate analyses would distort findings on the statistical effects of education, employment status, and household income. Evidence of item bias was also found for a sociability subscale. When marital status was included to create what is called an intimate contacts subscale, the confounding grew worse. Conclusions - The composite measure of social network is not valid and would seriously distort the findings of analyses attempting to study relationships between the index and other variables. The findings show that valid measurement is a methodological issue that must be addressed in scientific research on population health.",,
DES-285,10393,SCOPUS_ID:84879327938,10.1016/j.amepre.2013.01.032,A participatory physical activity intervention in preschools: A cluster randomized controlled trial,American Journal Of Preventive Medicine,2013,Experimental,Other/None,Experimental,Other/None,Experimental,Experimental,False,False,False,False,False,,"Background: Previous studies on physical activity interventions in preschools have reported limited effectiveness. Participatory community-based approaches hold promise for increasing intervention effectiveness and involving parents as key stakeholders in a sustainable way. Purpose: To assess whether a participatory parent-focused approach using parents as agents of behavioral change enhances the efficacy of a preschool physical activity (PA) intervention. Design: Two-armed, cluster-RCT with preschool as unit of randomization and children as unit of analysis. Setting/participants: 39 South German preschools applying for an existing state-sponsored PA program with 826 children (52% boys, aged 5.0±0.2 years), with 441 allocated to the intervention arm. Intervention: Control preschools received a state-sponsored program consisting of twice-weekly gym classes over 6 months. In intervention preschools, this program was augmented by motivating parents to develop and implement their own project ideas for promoting children's PA. Main outcome measures: Primary outcomes included mean accelerometry counts and time spent in moderate- to vigorous-intensity PA or sedentary behavior. Secondary outcomes were BMI, percentage body fat, quality of life, sleep quality, and general health. Outcomes were measured at baseline and at 6 and 12 months in both study arms (time period: 2008-2010). Using an intention-to-treat-analysis, linear multilevel regression models assessed change over time and across study arms, adjusted for age, gender, season, and preschool location. Analysis was conducted in 2011. Results: In 15 intervention preschools, parents implemented 25 PA projects. Compared with controls, intervention arm children were 11 minutes less sedentary per day (95% CI=5.39, 17.01, p=0.014); had significantly more mean accelerometry counts (1.4 counts/15 seconds [95% CI=0.22, 2.54], p=0.019); and showed benefits in perceived general health and quality of life. All other outcomes showed no difference between study arms. Conclusions: A participatory preschool intervention focusing on parents as agents of behavioral change may be able to promote PA and reduce sedentary behavior in preschoolers. These benefits may go beyond the effects of existing nonparticipatory interventions. Trial registration: This study is registered at clinicaltrials.gov NCT00987532. © 2013 American Journal of Preventive Medicine.",,
DES-286,17583,SCOPUS_ID:77958165624,10.2105/ajph.2009.179358,"Anti-alcohol posters in Poland, 1945-1989: Diverse meanings, uncertain effects",American Journal Of Public Health,2010,Other/None,Qualitative,Qualitative,Other/None,Qualitative,Qualitative,False,False,False,False,True,,"We provide a historical study of the anti-alcohol public health poster in Poland between 1948 and 1990. Our case study illuminates public health policies under communism, with the state as the dominant force in health communication. Poland has a distinctive history of poster art, moving from a Stalinist phase of socialist realism to the diverse styles of the later Polish School. Quantitative and qualitative analysis of 213 posters establishes the major themes and differentiates community approaches, which depict the drinker as a social or political deviant, from those emphasizing individual risk. Medical issues were a minor theme, refl ecting public policies geared more toward confi nement than treatment. However, Polish School artists used metaphor and ambiguity, and references to the contested cultural symbolism of drink, to complicate and subvert the narrow propaganda intent. Thus, although apparently unsuccessful in restraining overall consumption, these posters offer valuable lessons for policymakers on the use of visual media in health campaigns.",,
DES-287,8635,SCOPUS_ID:0034057580,10.1016/s0749-3797(99)00160-9,Clinician satisfaction with a preventive services implementation trial: The IMPROVE project,American Journal Of Preventive Medicine,2000,Other/None,Experimental,Experimental,Experimental,Experimental,Experimental,False,False,False,False,False,Clinical trial (randomized controlled trials); Health services; Personal satisfaction; Preventive health services,"Object: To discover how attempts to increase the delivery of preventive services affect clinician satisfaction. Methods: The IMPROVE project was a randomized clinical trial conducted in 44 clinics in and around Minneapolis- St. Paul, Minnesota. Personnel were trained in continuous quality improvement techniques to organize preventive services delivery systems. Satisfaction with delivery of these services and with the sponsoring organizations was measured before the intervention (Time 1), at the end of the intervention (Time 2), and 1 year post-intervention (Time 3). Results: At no time was the intervention associated with a change in the respondents satisfaction with their places of work or with their job roles. Satisfaction with preventive services delivery increased from Time 1 to Time 3 among intervention-clinic respondents. Satisfaction with the IMPROVE project and the efforts of the two managed care organizations to help the clinics deliver preventive services peaked at Time 2 and declined toward baseline at Time 3. Satisfaction with preventive services delivery tended to increase more in the 13 intervention clinics that implemented a preventive services delivery system than in the nine intervention clinics that did not implement a preventive services delivery system (p = 0.15). Conclusions: Planned organizational change to create systems for preventive services delivery can be associated with increased clinician satisfaction with the way these services are delivered. However, increased satisfaction with preventive services does not necessarily indicate that service delivery rates have increased. (C) 2000 American Journal of Preventive Medicine.",,
DES-288,23341,SCOPUS_ID:85006312735,10.1097/ede.0000000000000607,Estimating Acute Cardiorespiratory Effects of Ambient Volatile Organic Compounds,Epidemiology,2017,Other/None,Ecological / Time-series,Ecological / Time-series,Other/None,Ecological / Time-series,Ecological / Time-series,False,False,False,False,False,,"Background: The health effects of ambient volatile organic compounds (VOCs) have received less attention in epidemiologic studies than other commonly measured ambient pollutants. In this study, we estimated acute cardiorespiratory effects of ambient VOCs in an urban population. Methods: Daily concentrations of 89 VOCs were measured at a centrally-located ambient monitoring site in Atlanta and daily counts of emergency department visits for cardiovascular diseases and asthma in the five-county Atlanta area were obtained for the 1998-2008 period. To understand the health effects of the large number of species, we grouped these VOCs a priori by chemical structure and estimated the associations between VOC groups and daily counts of emergency department visits in a time-series framework using Poisson regression. We applied three analytic approaches to estimate the VOC group effects: an indicator pollutant approach, a joint effect analysis, and a random effect meta-analysis, each with different assumptions. We performed sensitivity analyses to evaluate copollutant confounding. Results: Hydrocarbon groups, particularly alkenes and alkynes, were associated with emergency department visits for cardiovascular diseases, while the ketone group was associated with emergency department visits for asthma. Conclusions: The associations observed between emergency department visits for cardiovascular diseases and alkenes and alkynes may reflect the role of traffic exhaust, while the association between asthma visits and ketones may reflect the role of secondary organic compounds. The different patterns of associations we observed for cardiovascular diseases and asthma suggest different modes of action of these pollutants or the mixtures they represent.",,
DES-289,6700,SCOPUS_ID:85054286659,10.1093/aje/kwy112,New-Onset Asthma and Combat Deployment: Findings from the Millennium Cohort Study,American Journal Of Epidemiology,2018,Cohort,Cohort,Cohort,Other/None,Cohort,Cohort,False,False,False,False,False,asthma; combat disorders; longitudinal studies; military personnel; occupational exposure; respiratory system; veterans,"Recent reports suggest US military service members who deployed in support of the recent conflicts in Iraq and Afghanistan have higher rates of new-onset asthma than those who did not deploy. However, it is unknown whether combat experiences, in addition to deployment, contribute to new-onset asthma risk. This study aimed to longitudinally determine the risk factors for developing asthma, including combat deployment (categorized as deployed with combat experience, deployed without combat experience, or nondeployed), among participants in the Millennium Cohort Study from 2001 to 2013. A total of 75,770 participants completed a baseline survey and at least 1 triennial follow-up survey on deployment experiences, lifestyle characteristics, and health outcomes. Complementary log-log models stratified by sex were used to estimate the relative risk of developing asthma among participants who reported no history of asthma at baseline. In models with adjustments, those who deployed with combat experience were 24%-30% more likely to develop asthma than those who did not deploy. Deployed personnel without combat experience were not at a higher risk for new-onset asthma compared with nondeployers. Further research is needed to identify specific features of combat that are associated with greater asthma risk to inform prevention strategies.",,
DES-290,26032,SCOPUS_ID:84960122817,10.1007/s10654-016-0122-1,Cost–benefit analysis of the polypill in the primary prevention of myocardial infarction and stroke,European Journal Of Epidemiology,2016,Other/None,Other/None,Other/None,Experimental,Experimental,Experimental,False,True,True,False,True,Cardiovascular diseases; Cost–benefit analysis; Myocardial infarction; Polypill; Primary prevention; Stroke,"The primary prevention of cardiovascular disease is a public health priority. To assess the costs and benefits of a Polypill Prevention Programme using a daily 4-component polypill from age 50 in the UK, we determined the life years gained without a first myocardial infarction (MI) or stroke, together with the total service cost (or saving) and the net cost (or saving) per year of life gained without a first MI or stroke. This was estimated on the basis of a 50 % uptake and a previously published 83 % treatment adherence. The total years of life gained without a first MI or stroke in a mature programme is 990,000 each year in the UK. If the cost of the Polypill Prevention Programme were £1 per person per day, the total cost would be £4.76 bn and, given the savings (at 2014 prices) of £2.65 bn arising from the disease prevented, there would be a net cost of £2.11 bn representing a net cost per year of life gained without a first MI or stroke of £2120. The results are robust to sensitivity analyses. A national Polypill Prevention Programme would have a substantial effect in preventing MIs and strokes and be cost-effective.",,
DES-291,19933,SCOPUS_ID:85017537931,10.2105/ajph.2016.303550,The contagious spread of violence among US adolescents through social networks,American Journal Of Public Health,2017,Other/None,Cohort,Cohort,Other/None,Cohort,Cohort,False,False,False,False,False,,"Objectives. To test the hypothesis that violence among US adolescents spreads like a contagious disease through social networks. Methods. Participants were a nationally representative sample of 90 118 US students aged 12 to 18 years who were involved in the National Longitudinal Study of Adolescent Health. Violence was assessed by having participants report the number of times in the preceding 12 months they had been involved in a serious physical fight, had hurt someone badly, and had pulled a weapon on someone. Results. Participants were 48% more likely to have been involved in a serious fight, 183% more likely to have hurt someone badly, and 140% more likely to have pulled a weapon on someone if a friend had engaged in the same behavior. The influence spread up to 4 degrees of separation (i.e., friend of friend of friend of friend) for serious fights, 2 degrees for hurting someone badly, and 3 degrees for pulling a weapon on someone. Conclusions. Adolescents were more likely to engage in violent behavior if their friends did the same, and contagion of violence extended beyond immediate friends to friends of friends.",,
DES-292,4093,SCOPUS_ID:34548321301,10.1093/aje/kwm131,Birth order and sibship size: Evaluation of the role of selection bias in a case-control study of non-Hodgkin's lymphoma,American Journal Of Epidemiology,2007,Case-control,Case-control,Case-control,Case-control,Case-control,Case-control,False,False,False,False,False,"Birth order; Case-control studies; Lymphoma, non-Hodgkin; Selection bias; Siblings","Substantial heterogeneity has been observed among case-control studies investigating associations between non-Hodgkin's lymphoma and familial characteristics, such as birth order and sibship size. The potential role of selection bias in explaining such heterogeneity is considered within this study. Selection bias according to familial characteristics and socioeconomic status is investigated within a United Kingdom-based case-control study of non-Hodgkin's lymphoma diagnosed during 1998-2001. Reported distributions of birth order and maternal age are each compared with expected reference distributions derived using national birth statistics from the United Kingdom. A method is detailed in which yearly data are used to derive expected distributions, taking account of variability in birth statistics over time. Census data are used to reweight both the case and control study populations such that they are comparable with the general population with regard to socioeconomic status. The authors found little support for an association between non-Hodgkin's lymphoma and birth order or family size and little evidence for an influence of selection bias. However, the findings suggest that between-study heterogeneity could be explained by selection biases that influence the demographic characteristics of participants. © The Author 2007. Published by the Johns Hopkins Bloomberg School of Public Health. All rights reserved.",,
DES-293,2687,SCOPUS_ID:0035879480,10.1093/aje/154.2.120,Is suicide contagious? A study of the relation between exposure to the suicidal behavior of others and nearly lethal suicide attempts,American Journal Of Epidemiology,2001,Other/None,Case-control,Case-control,Other/None,Case-control,Case-control,False,False,False,False,False,"Adolescent behavior; Adolescent psychology; Imitative behavior; Psychology; Suicide; Suicide, attempted","This study sought to determine the association between nearly lethal suicide attempts and exposure to the suicidal behavior of parents, relatives, friends, or acquaintances and to accounts of suicide in the media. The authors conducted a population-based case-control study in Houston, Texas, from November 1992 through July 1995. They interviewed 153 victims of attempted suicide aged 13-34 years who had been treated at emergency departments in Houston and a random sample of 513 control subjects. After controlling for potentially confounding variables, the authors found that exposure to the suicidal behavior of a parent (adjusted OR = 1.5; 95% Cl: 0.6, 3.6; p = 0.42) or a nonparent relative (adjusted OR = 1.2; 95% Cl: 0.7, 2.0; p = 0.55) was not significantly associated with nearly lethal suicide attempts. Both exposure to the suicidal behavior of a friend or acquaintance (adjusted OR = 0.6; 95% Cl: 0.4, 1.0; p = 0.05) and exposure to accounts of suicidal behavior in the media (adjusted OR = 0.2; 95% Cl: 0.1, 0.3; p = 0.00) were associated with a lower risk of nearly lethal suicide attempts. Exposure to accounts of suicidal behavior in the media and, to a lesser extent, exposure to the suicidal behavior of friends or acquaintances may be protective for nearly lethal suicide attempts, but further research is needed to better understand the mechanisms underlying these findings.",,
DES-294,31264,SCOPUS_ID:0030888571,,Reproducibility and relative validity of food group intake in a food frequency questionnaire developed for the German part of the EPIC project,International Journal Of Epidemiology,1997,Other/None,Other/None,Other/None,Other/None,Other/None,Other/None,False,False,False,False,False,Diet recalls; EPIC; Food frequency questionnaire; Food intake measurements; Reproducibility; Validity,"Background. For the German part of the European Prospective Investigation into Cancer and Nutrition (EPIC), a self-administered, optically-readable food frequency questionnaire (FFQ), including 158 food items and 87 coloured portion size photographs, was developed to assess the usual food and nutrient intake of individuals during the past year. In 1991/1992, the reproducibility and validity of the questionnaire measurements were studied according to the EPIC protocol. This article reports the results on reproducibility and relative validity of measurement of food group intake. Methods. A total of 104 men and women aged 35-64 years, who are members of the local health insurance institution, AOK Heidelberg, participated in this study. Reproducibility of the questionnaire measurements was obtained by a repeated administration of the FFQ to the same study subjects at a 6-month interval. The mean of 12 24-hour dietary recalls applied at monthly intervals served as reference method for the estimation of the relative validity of questionnaire measurements. A second Version of the FFQ that integrated questions on general food consumption patterns was also investigated. Results. Spearman test-retest correlations of food group intake ranged from 0.49 for bread to 0.89 for alcoholic beverages (median = 0.70). Spearman correlations between food group intake values derived from the 24-hour diet recalls and the FFQ completed in the summer of 1992 varied from 0.14 for legumes to 0.90 for alcoholic beverages (median = 0.45). Correction for attenuation due to within-person error in the reference method as well as the correction for general consumption patterns improved the correlations. Conclusion. The results indicate that our newly developed FFQ gives reproducible estimates of food group intake. Large day-to-day variation in food group intake complicated the evaluation of FFQ validity. Overall, moderate levels of relative validity were observed for estimates of food group intake.",,
DES-295,38570,SCOPUS_ID:85097398368,10.1136/jech-2020-214063,Feasibility and validity of using death surveillance data and SmartVA for fact and cause of death in clinical trials in rural China: A substudy of the China salt substitute and stroke study (SSaSS),Journal Of Epidemiology And Community Health,2021,Experimental,Experimental,Experimental,Experimental,Experimental,Experimental,False,False,False,False,False,death certification; mortality; outcome research evaluation; randomised trials; surveillance,"Background In rural China, mortality surveillance data may be an alternative to primary data collection in clinical trials; SmartVA (verbal autopsy) is also a potential alternative for endpoint adjudication. The feasibility and validity of both need to be assessed. Methods We used mortality data from the first 24 months of the China Salt Substitute and Stroke Study (SSaSS) trial and assessed the agreement between (1) mortality surveillance data and face-to-face visits for fact of death; (2) mortality surveillance data and SSaSS adjudication for causes of death; (3) SmartVA and SSaSS adjudication for causes of death; (4) cause-specific mortality fraction of different methods. Face-to-face visits and SSaSS adjudication were taken as reference methods. The agreement was measured by sensitivity, specificity and positive predictive value (PPV) across different 10th Revision of International Statistical Classification of Diseases chapters. Results One thousand three hundred and sixty-five deaths were included. Mortality surveillance data had 82% sensitivity for fact of death and 81% sensitivity for causes of death, with substantial variances across different disease types and reasonable quality for circulatory death (91% sensitivity and 94% PPV). The sensitivity of SmartVA for causes of death was 61%, with reasonable quality for deaths of external causes of morbidity (90% sensitivity). The leading causes of death from different sources were the same with some variances in the fractions. Conclusion Using mortality surveillance data for fact of death in clinical trials need to account for under-reporting. A face-to-face visit to all participants at the completion of trials may be warranted. Neither mortality surveillance data nor SmartVA provided valid data source for endpoint events.",,
DES-296,43699,SCOPUS_ID:85007277428,10.1016/j.ypmed.2016.11.005,"Assessing the effect of physical activity classes in public spaces on leisure-time physical activity: “Al Ritmo de las Comunidades” A natural experiment in Bogota, Colombia",Preventive Medicine,2017,Quasi-experimental,Quasi-experimental,Quasi-experimental,Quasi-experimental,Quasi-experimental,Quasi-experimental,False,True,False,True,False,"Community-based programs, natural experiment, Recreovia, physical activity classes; Leisure-time; Physical activity; Public space","The Recreovia program provides free physical activity (PA) classes in public spaces in Bogota, Colombia. The purpose of this study was to assess the effectiveness of the Recreovia program in increasing PA among users of nine parks in Bogota. This study was a natural experiment conducted between 2013 and 2015 in Bogota. Community members and park users living nearby three groups of parks were compared: Group 1 were parks implementing new Recreovias (n = 3), Group 2 were control parks (n = 3) without Recreovias, and Group 3 were parks with existing Recreovías. Individuals in the “intervention” group were exposed to newly implemented Recreovia programs in parks near their homes. Measurements were collected at baseline and 6–8 months after the intervention started. A total of 1533 participants were enrolled in the study: 501 for the existing Recreovias (included in a cross-sectional assessment) and 1032 participants (from the new Recreovias and control parks) included in the cross-sectional and pre-post study. Most participants were low income females. Twenty-three percent of the intervention group started participating in the program. Users of existing Recreovias were significantly more active and less likely to be overweight/obese compared to new Recreovia users at baseline. No changes on PA were found when comparing the intervention and control groups. Recreovias may have potential for increasing PA at the population level in urban areas given their rapid scalability, the higher levels of PA observed among program users, and its potential to reach women, low-income, less educated populations, and the overweight and obese.",,
DES-297,2710,SCOPUS_ID:0035875840,10.1093/aje/153.12.1227,Comparison of assessment methods for pesticide exposure in a case-control interview study,American Journal Of Epidemiology,2001,Other/None,Case-control,Case-control,Case-control,Case-control,Case-control,True,True,False,True,False,Case-control studies; Child; Epidemiologic methods; Interviews; Neoplasms; Neuroblastoma; Occupational exposure; Pesticides,"In epidemiologic studies, much of the variation in disease risk estimates associated with occupational pesticide exposure may be due to variation in exposure classification. The authors compared five different methods of using interview information to assess occupational pesticide exposure in a US-Canada case-control study of neuroblastoma (1992-1994). For each method, exposure assignment was compared with that of a reference method, and neuroblastoma effect estimates were calculated. Compared with the reference method, which included a complete review of occupation, industry, job tasks, and exposure-specific activities, the use of occupation-industry groups alone or in combination with general job task information diluted the exposed group by including individuals who were unlikely to have been truly exposed. The effect estimates representing associations between each exposure method and neuroblastoma were different enough to influence the study's conclusions, especially when the exposure was rare (for maternal occupational pesticide exposure, the odds ratio was 0.7 using the reference exposure assessment method and 3.2 using the occupation-industry group exposure assessment method). Exposure-specific questions about work activities can help investigators distinguish truly exposed individuals from those who report exposure but are unlikely to have been exposed above background levels and from those who have not been exposed but are misclassified as exposed because of their employment in an occupation-industry group determined a priori to be exposed.",,
DES-298,10465,SCOPUS_ID:84882974112,10.1016/j.amepre.2012.11.013,Bridging research and policy to address childhood obesity among border hispanics a pilot study,American Journal Of Preventive Medicine,2013,Other/None,Qualitative,Qualitative,Other/None,Qualitative,Qualitative,False,False,False,False,True,,"Background: Mexican-American children are disproportionately affected by obesity compared to other population groups. Although national guidelines recommend using environmental and policy approaches to address this public health issue, the majority of Mexican-American children do not meet physical activity recommendations. Purpose: To describe a knowledge transfer process involving local decision makers to address childhood obesity and physical activity needs among low-income, Mexican-American children and to examine environmental policy recommendations generated in this process. Methods: This pilot study employed a qualitative research design that included the dissemination of primary research data to local decision makers in the Texas-Mexico border region. Stakeholders attending public meetings were briefed about a research project reporting on the physical activity needs of Mexican-American children from impoverished neighborhoods known as colonias. Seventy-four stakeholders responded to an unstructured questionnaire and proposed policy recommendations. Data were collected January-April 2011 and analyzed July-September 2011. Data were analyzed using a content analysis technique. Results: Four policy themes emerged from the data: (1) establishing sustainable community-based health programs; (2) improving neighborhood infrastructure and safety; (3) increasing access to parks; and (4) supporting community organizations to disseminate health education to parents and children. Conclusions: Knowledge transfer processes planned and facilitated by researchers at public meetings with local decision makers are effective methods to influence policy development related to childhood obesity. © 2013 American Journal of Preventive Medicine.",,
DES-299,33372,SCOPUS_ID:84939619752,10.1093/ije/dyv117,An enigma: Why vitamin A supplementation does not always reduce mortality even though vitamin A deficiency is associated with increased mortality,International Journal Of Epidemiology,2015,Other/None,Experimental,Experimental,Other/None,Experimental,Experimental,False,False,False,False,False,Child mortality; Heterologous effects; Vaccines; Vitamin A,"Background: Vitamin A deficiency (VAD) is associated with increased mortality. To prevent VAD, WHO recommends high-dose vitamin A supplementation (VAS) every 4-6 months for children aged between 6 months and 5 years of age in countries at risk of VAD. The policy is based on randomized clinical trials (RCTs) conducted in the late 1980s and early 1990s. Recent RCTs indicate that the policy may have ceased to be beneficial. In addition, RCTs attempting to extend the benefits to younger children have yielded conflicting results. Stratified analyses suggest that whereas some subgroups benefit more than expected from VAS, other subgroups may experience negative effects. Methods and Results: We reviewed the potential modifiers of the effect of VAS. The variable effect of VAS was not explained by underlying differences in VAD. Rather, the effect may depend on the sex of the child, the vaccine status and previous supplementation with vitamin A. Vitamin A is known to affect the Th1/Th2 balance and, in addition, recent evidence suggests that vitamin A may also induce epigenetic changes leading to downregulation of the innate immune response. Thus VAS protects against VAD but has also important and long-lasting immunological effects, and the effect of providing VAS may vary depending on the state of the immune system. Conclusions: To design optimal VAS programmes which target those who benefit and avoid those harmed, more studies are needed. Work is ongoing to define whether neonatal VAS should be considered in subgroups. In the most recent RCT in older children, VAS doubled the mortality for males but halved mortality for females. Hence, we urgently need to re-assess the effect of VAS on older children in large-scale RCTs powered to study effect modification by sex and other potential effect modifiers, and with nested immunological studies.",,
DES-300,37150,SCOPUS_ID:78650904299,10.1136/jech.2008.085639,Impact of heat on mortality in 15 European cities: Attributable deaths under different weather scenarios,Journal Of Epidemiology And Community Health,2011,Other/None,Other/None,Other/None,Other/None,Other/None,Other/None,False,False,False,False,False,,"Background High ambient summer temperatures have been shown to influence daily mortality in cities across Europe. Quantification of the population mortality burden attributable to heat is crucial to the development of adaptive approaches. The impact of summer heat on mortality for 15 European cities during the 1990s was evaluated, under hypothetical temperature scenarios warmer and cooler than the mean and under future scenarios derived from the Intergovernmental Panel on Climate Change Special Report on Emission Scenarios (SRES). Methods A Monte Carlo approach was used to estimate the number of deaths attributable to heat for each city. These estimates rely on the results of a Bayesian random-effects meta-analysis that combines city-specific heat-mortality functions. Results The number of heat-attributable deaths per summer ranged from 0 in Dublin to 423 in Paris. The mean attributable fraction of deaths was around 2%. The highest impact was in three Mediterranean cities (Barcelona, Rome and Valencia) and in two continental cities (Paris and Budapest). The largest impact was on persons over 75 years; however, in some cities, important proportions of heat-attributable deaths were also found for younger adults. Heat-attributable deaths markedly increased under warming scenarios. The impact under SRES scenarios was slightly lower or comparable to the impact during the observed hottest year. Conclusions Current high summer ambient temperatures have an important impact on European population health. This impact is expected to increase in the future, according to the projected increase of mean ambient temperatures and frequency, intensity and duration of heat waves.",,
DES-301,43893,SCOPUS_ID:84994528807,10.1016/j.ypmed.2016.08.029,Associations between demographic characteristics and physical activity practices in Nevada schools,Preventive Medicine,2017,Other/None,Other/None,Other/None,Other/None,Other/None,Other/None,False,False,False,False,False,Children; Demography; Disparities; Nevada; Physical activity; Schools,"Schools are important settings for not only providing and promoting children's physical activity (PA) but also for reducing PA disparities. We investigated associations between school-level demographic characteristics (racial/ethnic and socioeconomic composition, urban-rural status, and student-to-teacher ratio) and 16 PA-promoting practices in 347 Nevada public elementary, middle, and high schools in 2014. We found that low-cost and easy-to-implement practices are most prevalent. There is relative demographic equity in ten of 16 PA practices and significant differences in six PA practices in Nevada schools. Schools with comparatively larger percentages of Black students are the most disadvantaged, as they have the fewest PA-supportive practices in place. Higher percent black was associated with lower odds of providing classroom activity breaks (AOR = 0.632, 95% CI = 0.453–0.881) and bike racks (AOR = 0.60, 95% CI = 0.362–0.996), greater odds of withholding recess/PE for disciplinary reasons (AOR = 1.377, 95% CI = 1.006–1.885), and lower odds of having recess supervisors who are trained to promote PA (AOR = 0.583, 95% CI = 0.374–0.909). Schools with greater percentages of Hispanic students have lower odds of providing before-school PA programs (AOR = 0.867, 95% CI = 0.761–0.987), whereas schools with greater percentages of low-SES students have greater odds of providing after-school PA programs (AOR = 1.135, 95% CI = 1.016–1.268). Higher student-to-teacher ratio was also associated with greater odds of providing after-school PA programs (AOR = 1.135, 95% CI = 1.016–1.268). Urban-rural status was unrelated to all PA practices.",,
DES-302,28236,SCOPUS_ID:84880899371,10.1093/eurpub/cks136,Aging and health in France: An unexpected expansion of disability in mid-adulthood over recent years,European Journal Of Public Health,2013,Other/None,Ecological / Time-series,Ecological / Time-series,Other/None,Ecological / Time-series,Ecological / Time-series,False,False,False,False,False,,"Objectives: The study presents new disability-free life expectancies (DFLE) estimates for France and discusses recent trends in the framework of the three 'health and aging' theories of compression, dynamic equilibrium and expansion of disability. The objectives are to update information for France and to compare two methods to analyse recent trends. Methods: DFLE at ages 50, 65 and in the 50-65 age group are computed for several disability dimensions, using data from five French surveys over the 2000s. Owing to scarce time series, we used two methods to assess trends and consolidate our conclusions: (i) decomposition of the DFLE changes using the available time series; (ii) linear regression using all the available estimates, classified by disability dimensions. Results: Trends in DFLE65 prolonged the dynamic equilibrium of the previous decades: increasing life expectancy with functional limitations but not with activity restrictions. Meanwhile, partial DFLE50-65 has decreased for various disability dimensions, including some activity restrictions, especially for women. Conclusion: France has recently experienced an unexpected expansion of disability in mid-adulthood while it is still on a trend of dynamic equilibrium at older ages. The study highlights the importance of monitoring trends in DFLE for various disability dimensions and broadens the scope of interest to the mid-adulthood. © The Author 2012. Published by Oxford University Press on behalf of the European Public Health Association. All rights reserved.",,
DES-303,24020,SCOPUS_ID:85206689789,10.1097/ede.0000000000001799,State Schooling Policies and Cognitive Performance Trajectories: A Natural Experiment in a National US Cohort of Black and White Adults,Epidemiology,2024,Quasi-experimental,Quasi-experimental,Quasi-experimental,Quasi-experimental,Quasi-experimental,Quasi-experimental,False,True,False,True,False,cognition; cognitive aging; education; health disparities; longitudinal analysis; natural experiment,"Background: Education is strongly associated with cognitive outcomes at older ages, yet the extent to which these associations reflect causal effects remains uncertain due to potential confounding. Methods: Leveraging changes in historical measures of state-level education policies as natural experiments, we estimated the effects of educational attainment on cognitive performance over 10 years in 20,248 non-Hispanic Black and non-Hispanic White participants, aged 45+ in the REasons for Geographic and Racial Disparities in Stroke (REGARDS) cohort (2003-2020) by (1) using state- and year- specific compulsory schooling laws, school-term length, attendance rate, and student-teacher ratio policies to predict educational attainment for US Census microsample data from 1980 and 1990, and (2) applying policy-predicted years of education (PPYEd) to predict memory, verbal fluency, and a cognitive composite. We estimated overall and race- and sex-specific effects of PPYEd on level and change in each cognitive outcome using random intercept and slope models, adjusting for age, year of first cognitive assessment, and indicators for state of residence at age 6. Results: Each year of PPYEd was associated with higher baseline cognition (0.11 standard deviation [SD] increase in composite measure for each year of PPYEd, 95% confidence interval [CI]: 0.07, 0.15). Subanalyses focusing on individual cognitive domains estimate the largest effects of PPYEd on memory. PPYEd was not associated with rate of change in cognitive scores. Estimates were similar across Black and White participants and across sex. Conclusions: Historical policies shaping educational attainment are associated with better later life memory, a major determinant of dementia risk.",,
DES-304,9820,SCOPUS_ID:77953267050,10.1016/j.amepre.2010.03.004,Neighborhood Walkability and Sedentary Time in Belgian Adults,American Journal Of Preventive Medicine,2010,Other/None,Cross-sectional,Cross-sectional,Other/None,Cross-sectional,Cross-sectional,False,False,False,False,True,,"Background: Sedentary behavior (too much sitting) has deleterious health consequences that are distinct from lack of physical activity (too little exercise). Purpose: This study aimed to examine the associations of neighborhood walkability and sociodemographic factors with adults' self-reported and objectively assessed sedentary time. Methods: This Belgian cross-sectional study was conducted between May 2007 and September 2008. Twenty-four neighborhoods were stratified on GIS-based walkability and neighborhood SES. In all, 1200 adults (aged 20-65 years; 50 per neighborhood; 42.7 [SD=12.6] years; 47.9% men) completed a sociodemographic survey and the International Physical Activity Questionnaire. They also wore an accelerometer for 7 days: Sedentary time was identified as accelerometer counts of less than 100 per minute. Statistical analyses were performed in 2009, using multilevel regression models, adjusted for physical activity levels and individual SES. Results: Residents of high-walkable neighborhoods reported more sitting time than those of low-walkable neighborhoods (439.8 vs 403.4 minutes/day of daily sitting time, p<0.05). Living in high-walkable versus low-walkable neighborhoods was also associated with 2.9% more accelerometer-measured overall sedentary time (p<0.001). Being male, younger, unemployed, more highly educated, having a white-collar job (analysis for employed adults only), and living without children were all significantly associated with more sitting time. Conclusions: Contrary to expectations, living in a high-walkable neighborhood was associated with higher levels of sedentary time. If future studies in other contexts confirm these associations, environmental and policy innovations aiming to promote physical activity may need to address the potential negative health impact of sedentary behavior. © 2010 American Journal of Preventive Medicine.",,
DES-305,34239,SCOPUS_ID:85107083153,10.1093/ije/dyaa168,Early-life antibiotic use and risk of attention-deficit hyperactivity disorder and autism spectrum disorder: results of a discordant twin study,International Journal Of Epidemiology,2021,Other/None,Cohort,Cohort,Other/None,Cohort,Cohort,False,False,False,False,False,ADHD; antibiotics; ASD; children; discordant twin design; early life; gut-brain axis,"Background: Development of the gut-brain axis in early life may be disturbed by antibiotic use. It has been hypothesized that this disturbance may contribute to development of neurodevelopmental disorders, including autism spectrum disorder and attention-deficit hyperactivity disorder. We aimed to assess the association between antibiotic use in early life and the risk of developing attention-deficit hyperactivity disorder or autism spectrum disorder, while controlling for shared genetic and environmental factors in a discordant twin design. Methods: We conducted a cohort study in twins (7–12 years; 25 781 twins) from the Netherlands Twin Register (NTR) and a replication study in the Childhood and Adolescent Twin Study in Sweden (CATSS; 7946 9-year-old twins). Antibiotic use was recorded before age 2 years. Attention-deficit hyperactivity disorder and autism spectrum disorder were parent-reported in the Netherlands Twin Register and register-based in the Childhood and Adolescent Twin Study in Sweden. Results: Early-life antibiotic use was associated with increased risk of attention-deficit hyperactivity disorder development [pooled odds ratio (OR) 1.10, 95% confidence interval (CI) 1.02-1.17] and autism spectrum disorder (pooled OR 1.15, 95% CI 1.06-1.25) in a case-control design. When restricting to monozygotic twin pairs discordant for the outcome, associations disappeared for both disorders in both cohorts (attention-deficit hyperactivity disorder OR 0.90, 95% CI 0.48-1.69 and OR 0.80, 95% CI 0.37-1.76, and autism spectrum disorder OR 0.66, 95% CI 0.38-1.16 and OR 0.29, 95% CI 0.02-4.50, respectively). Conclusions: Our findings suggest that the association between early-life antibiotic use and risk of attention-deficit hyperactivity and autism spectrum disorder may be confounded by shared familial environment and genetics.",,
DES-306,12214,SCOPUS_ID:85112108552,10.1016/j.amepre.2021.05.009,"Outpatient Prescribing of Antibiotics and Opioids by Veterans Health Administration Providers, 2015–2017",American Journal Of Preventive Medicine,2021,Other/None,Cross-sectional,Cross-sectional,Other/None,Cross-sectional,Cross-sectional,False,False,False,False,True,,"Introduction: Antibiotics and opioids are targeted by public health and stewardship communities for reductions in prescribing across the country. This study evaluates trends and factors associated with outpatient prescribing by dental and medical providers in a large integrated health system. Methods: This was a cross-sectional study of national dental and medical outpatient visits from Department of Veterans Affairs facilities in 2015–2017; analyzed in 2019–2020. Antibiotic and opioid prescribing rates were assessed by provider and facility characteristics. Multivariable Poisson regression adjusted for repeated measures by the provider was used to assess the independent association between facility and provider characteristics and rate of prescribing. Results: Over the study period, 4,625,840 antibiotic and 10,380,809 opioid prescriptions were identified for 115,625,890 visits. Physicians prescribed most antibiotics (67%). Dentists prescribed 6% of the antibiotics but had the highest per-visit antibiotic prescribing rate compared to medical providers (6.75 vs 3.90 prescriptions per 100 visits, p<0.0001), which was largely driven by dental specialists. By contrast, dentists had lower opioid prescribing than medical providers (3.02 vs 9.20 prescriptions per 100 visits, p<0.0001). Overall, antibiotic and opioid prescribing decreased over time, with opioids having the greatest decreases (−28.0%). In multivariable analyses, U.S. geographic region, rurality, and complexity were associated with prescribing for both drug classes. Opioid and antibiotic prescribing were positively correlated. Conclusions: Although antibiotic and opioid prescribing has decreased, there are still important target areas for improvement. Interventions need to be tailored to community characteristics such as rurality and provider type.",,
DES-307,28590,SCOPUS_ID:84939484084,10.1093/eurpub/cku190,Concurrent validation of two key health literacy instruments in a South Eastern European population,European Journal Of Public Health,2015,Other/None,Cross-sectional,Cross-sectional,Other/None,Cross-sectional,Cross-sectional,False,False,False,False,False,,"Background: Public health practice has come to increasing recognition of health promotion and the central role of knowledge, attitude, beliefs and practices in achieving health promotion. Health literacy (HL) is an under-explored topic in South Eastern European countries. There are no HL reports from Albania to date. The aim of this study was to assess the concurrent validity of the European Health Literacy Survey Questionnaire (HLS-EU-Q) and the Test of Functional Health Literacy in Adults (TOFHLA) in a population-based sample of adults in Albania. Methods: A cross-sectional study was conducted in 2013 in Tirana, Albania, including 239 individuals aged ≥ 18 years (61% women; 87% response). A structured interviewer-administered questionnaire was applied twice (test and retest procedure after 2 weeks) including HLS-EU-Q and TOFHLA instruments. Results: The internal consistency was high for both instruments (Cronbach's alpha for the test procedure was 0.92 for TOFHLA and 0.98 for HLS-EU-Q). Both tools exhibited a high stability over time (Spearman's rho: 0.88 for TOFHLA and 0.87 for HLS-EU). Mean values of both instruments were similar in men and women (mean score for TOFHLA: 76.0 vs. 76.5, P = 0.83; mean score for HLS-EU-Q: 32.2 vs. 32.6, P = 0.63). For both instruments, higher HL scores were significantly associated with younger age, higher educational and economic level and lower body mass index. Conclusions: Our study provides valuable novel evidence on concurrent validation of two major HL instruments in a South Eastern European population-based sample. Future studies should be conducted in order to confirm and expand our findings.",,
DES-308,1356,SCOPUS_ID:0029834111,10.1093/oxfordjournals.aje.a008895,Confounding by indication and channeling over time: The risks of β<inf>2</inf>- agonists,American Journal Of Epidemiology,1996,Other/None,Case-control,Case-control,Cohort,Case-control,Case-control,True,True,False,True,False,asthma; bronchodilator agents; cohort studies; confounding factors (epidemiology); epidemiologic methods,"A previously published nested case-control study, the Saskatchewan Asthma Epidemiologic Project (SAEP) spanning 1980-1987, investigated the risk of fatal or near fatal asthma and found different risks for two inhaled β2- agonists, fenoterol and salbutamol. The authors assessed whether this comparison was confounded by indication because of channeling of inhaled fenoterol to more severely afflicted asthmatics. Using three subcohorts selected from a cohort of 12,301 asthmatics assembled from the computerized databases of Saskatchewan Health and followed over 7 years, the authors studied two forms of channeling and investigated whether greater asthma severity and less well-controlled disease were associated with preferential prescribing of a first prescription of inhaled fenoterol, as opposed to inhaled salbutamol, and whether they were associated with the likelihood of a switch from inhaled salbutamol to fenoterol as well as a switch from inhaled fenoterol to salbutamol. The authors found that the initial choice between fenotarol and salbutamol was independent of the severity of the asthma and disease control, but that preferential prescribing of fenoterol occurred among users of salbutamol who showed signs of increased severity or uncontrolled asthma. The switch from inhaled fenoterol to salbutamol was, however, minimally related to asthma severity. They conclude that the comparison between inhaled fenoterol and salbutamol in the SAEP may have been biased by indication. This study demonstrates that long-term information on medication use is essential to ensure that the results of such case-control studies are not biased by indication.",,
DES-309,1486,SCOPUS_ID:0029888495,10.1093/oxfordjournals.aje.a008711,Prognostic indices for mortality of hospitalized children in Central Africa,American Journal Of Epidemiology,1996,Other/None,Cohort,Cohort,Other/None,Cohort,Cohort,False,False,False,False,False,child; hospitals; malnutrition; mortality; ROC curve,"A hospital-based follow-up study was conducted between 1986 and 1988 at Lwiro (South Kivu Province, Zaire). Of 1,129 children in the study, three of four were severely malnourished, and 17.4% died. This study analyzes the mortality in hospital; its objectives are to evaluate the prognostic power of edema and anthropometric and biologic indicators and to seek indices that perform better. Receiver operating characteristic curves were established for each parameter under study and for each index constructed. Areas under receiver operating characteristic curves were highest for biologic indicators, and simple indices, obtained by counting the number of risk factors present, performed best. In the absence of biologic parameters, the authors suggest classifying children as at risk of dying when they present with edema and/or with arm circumference of less than 115 mm. When biologic measurements are possible, in addition to edema and arm circumference, the authors suggest taking serum albumin and transthyretin into account. For serum albumin and transthyretin, mortality risk is defined in terms of values of less than 16 g/liter and 6.5 mg/dl, respectively. Children will be classified as at risk of dying when they present with at least two of the four risk factors. The resulting diagnostic test has a high sensitivity (91.2%) and positive and negative predictive values of 40.8% and 97.9%, respectively.",,
DES-310,11721,SCOPUS_ID:85075023453,10.1016/j.amepre.2019.07.016,Part II: A Qualitative Study of Social Risk Screening Acceptability in Patients and Caregivers,American Journal Of Preventive Medicine,2019,Qualitative,Other/None,Qualitative,Other/None,Qualitative,Qualitative,False,False,False,False,False,,"Introduction: This study aimed to better understand patient and caregiver perspectives on social risk screening across different healthcare settings. Methods: As part of a mixed-methods multisite study, the authors conducted semistructured interviews with a subset of adult patients and adult caregivers of pediatric patients who had completed the Center for Medicare and Medicaid Innovation Accountable Health Communities social risk screening tool between July 2018 and February 2019. Interviews, conducted in English or Spanish, asked about reactions to screening, screening acceptability, preferences for administration, prior screening experiences that informed perspectives, and expectations for social assistance. Basic thematic analysis and constant comparative methods were used to code and develop themes. Results: Fifty interviews were conducted across 10 study sites in 9 states, including 6 primary care clinics and 4 emergency departments. There was broad consensus among interviewees across all sites that social risk screening was acceptable. The following 4 main themes emerged: (1) participants believed screening for social risks is important; (2) participants expressed insight into the connections between social risks and overall health; (3) participants emphasized the importance of patient-centered implementation of social risk screening; and (4) participants recognized limits to the healthcare sector's capacity to address or resolve social risks. Conclusions: Despite gaps in the availability of social risk–related interventions in healthcare settings, patient-centered social risk screening, including empathy and attention to privacy, may strengthen relationships between patients and healthcare teams. Supplement information: This article is part of a supplement entitled Identifying and Intervening on Social Needs in Clinical Settings: Evidence and Evidence Gaps, which is sponsored by the Agency for Healthcare Research and Quality of the U.S. Department of Health and Human Services, Kaiser Permanente, and the Robert Wood Johnson Foundation.",,
DES-311,5487,SCOPUS_ID:84862504913,10.1093/aje/kwr465,Role of tobacco use in the etiology of acoustic neuroma,American Journal Of Epidemiology,2012,Other/None,Case-control,Case-control,Other/None,Case-control,Case-control,False,False,False,False,False,Acoustic neuroma; Cigarette smoking; Smoking; Snuff; Snus; Swedish snuff; Tobacco; Vestibular schwannoma,"Two previous studies suggest that cigarette smoking reduces acoustic neuroma risk; however, an association between use of snuff tobacco and acoustic neuroma has not been investigated previously. The authors conducted a case-control study in Sweden from 2002 to 2007, in which 451 cases and 710 population-based controls completed questionnaires. Cases and controls were matched on gender, region, and age within 5 years. The authors estimated odds ratios using conditional logistic regression analyses, adjusted for education and tobacco use (snuff use in the smoking analysis and smoking in the snuff analysis). The risk of acoustic neuromawas greatly reduced inmale current smokers (odds ratio (OR) = 0.41, 95% confidence interval (CI): 0.23, 0.74) and moderately reduced in female current smokers (OR = 0.70, 95% CI: 0.40, 1.23). In contrast, current snuff use among males was not associated with risk of acoustic neuroma (OR = 0.94, 95% CI: 0.57, 1.55). The authors' findings are consistent with previous reports of lower acoustic neuroma risk among current cigarette smokers than among never smokers. The absence of an association between snuff use and acoustic neuroma suggests that some constituent of tobacco smoke other than nicotine may confer protection against acoustic neuroma. © The Author 2012.",,
DES-312,23152,SCOPUS_ID:84923939061,10.1097/ede.0000000000000236,"Framing air pollution epidemiology in terms of population interventions, with applications to multipollutant modeling",Epidemiology,2015,Other/None,Ecological / Time-series,Ecological / Time-series,Other/None,Ecological / Time-series,Ecological / Time-series,False,False,False,False,False,,"Air pollution epidemiology continues moving toward the study of mixtures and multipollutant modeling. Simultaneously, there is a movement in epidemiology to estimate policy-relevant health effects that can be understood in reference to specific interventions. Scaling regression coefficients from a regression model by an interquartile range (IQR) is one common approach to presenting multipollutant health effect estimates. We are unaware of guidance on how to interpret these effect estimates as an intervention. To illustrate the issues of interpretability of IQR-scaled air pollution health effects, we analyzed how daily concentration changes in 2 air pollutants (nitrogen dioxide and particulate matter with aerodynamic diameter ≤ 2.5 μm) related to one another within 2 seasons (summer and winter), within 3 cities with distinct air pollution profiles (Burbank, California; Houston, Texas; and Pittsburgh, Pennsylvania). In each city season, we examined how realistically IQR scaling in multipollutant lag-1 time-series studies reflects a hypothetical intervention that is possible given the observed data. We proposed 2 causal conditions to explicitly link IQR-scaled effects to a clearly defined hypothetical intervention. Condition 1 specified that the index pollutant had to experience a daily concentration change of greater than 1 IQR, reflecting the notion that the IQR is an appropriate measure of variability between consecutive days. Condition 2 specified that the copollutant had to remain relatively constant. We found that in some city seasons, there were very few instances in which these conditions were satisfied (eg, 1 day in Pittsburgh during summer). We discuss the practical implications of IQR scaling and suggest alternative approaches to presenting multipollutant effects that are supported by empirical data.",,
DES-313,444,SCOPUS_ID:0027533085,10.1093/oxfordjournals.aje.a116464,A case-control study of the risk of breast cancer in relation to oral contraceptive use,American Journal Of Epidemiology,1992,Case-control,Case-control,Case-control,Other/None,Case-control,Case-control,False,False,False,False,False,"Breast neoplasms; Contraceptives, oral","The relation of oral contraceptive use to the risk of breast cancer was evaluated in a case-control study of women under the age of 70 years, conducted in Toronto, Canada, from 1982 through 1986. A total of 607 breast cancer cases identified in a cancer hospital were compared with 1, 214 controls matched to the cases on neighborhood and decade of age. Information on oral contraceptive use and risk factors for breast cancer was collected in home interviews. Conditional logistic regression was used to control multiple confounding factors. For women aged 40-69 years (527 cases, 1, 054 controls), the results suggest that oral contraceptive use does not increase the risk of breast cancer. Multivariate relative risk estimates were close to or below 1.0 for long durations of use overall and in various categories of parity status and other factors. For women under the age of 40 years, the data were sparse (80 cases, 160 controls). Although there were some elevated relative risk estimates, most were not statistically significant, and there were no consistent patterns across duration of use. The present data add to the body of evidence that indicates that oral contraceptive use does not adversely affect the risk of breast cancer in older women; the data are inadequate to clarify the effect in younger women. Am J Epidemiol 1992; 136: 1437-44 © 1992 by The Johns Hopkins University School of Hygiene and Public Health.",,
DES-314,34333,SCOPUS_ID:85145341571,10.1093/ije/dyac188,Impact of Brazil's Bolsa Família Programme on cardiovascular and all-cause mortality: a natural experiment study using the 100 Million Brazilian Cohort,International Journal Of Epidemiology,2022,Quasi-experimental,Other/None,Quasi-experimental,Other/None,Quasi-experimental,Quasi-experimental,False,True,False,True,False,Bolsa Família Programme; Cardiovascular disease; conditional cash transfer; Family Health Strategy; mortality,"Background: Cardiovascular disease (CVD) has a disproportionate effect on mortality among the poorest people. We assessed the impact on CVD and all-cause mortality of the world's largest conditional cash transfer, Brazil's Bolsa Família Programme (BFP). Methods: We linked administrative data from the 100 Million Brazilian Cohort with BFP receipt and national mortality data. We followed individuals who applied for BFP between 1 January 2011 and 31 December 2015, until 31 December 2015. We used marginal structural models to estimate the effect of BFP on all-age and premature (30-69 years) CVD and all-cause mortality. We conducted stratified analyses by levels of material deprivation and access to healthcare. We checked the robustness of our findings by restricting the analysis to municipalities with better mortality data and by using alternative statistical methods. Results: We studied 17 981 582 individuals, of whom 4 855 324 were aged 30-69 years. Three-quarters (76.2%) received BFP, with a mean follow-up post-award of 2.6 years. We detected 106 807 deaths by all causes, of which 60 893 were premature; and 23 389 CVD deaths, of which 15 292 were premature. BFP was associated with reductions in premature all-cause mortality [hazard ratio (HR) = 0.96, 95% CI = 0.94-0.98], premature CVD (HR = 0.96, 95% CI = 0.92-1.00) and all-age CVD (HR = 0.96, 95% CI = 0.93-1.00) but not all-age all-cause mortality (HR = 1.00, 95% CI = 0.98-1.02). In stratified and robustness analyses, BFP was consistently associated with mortality reductions for individuals living in the two most deprived quintiles. Conclusions: BFP appears to have a small to null effect on premature CVD and all-cause mortality in the short term; the long-term impact remains unknown.",,
DES-315,41034,SCOPUS_ID:2942752236,10.1016/j.ypmed.2004.03.024,Where's Maria? A video to increase awareness about breast cancer and mammography screening among low-literacy Latinas,Preventive Medicine,2004,Other/None,Qualitative,Qualitative,Other/None,Qualitative,Qualitative,False,False,False,False,False,Breast cancer; Cancer control; Health education; Hispanic; Mammography,"Background. The need exists to educate and motivate medically disadvantaged Latinas to engage in regular mammography screening to reduce their high breast cancer (BC) mortality risk due to the illness' late detection. Methods. Qualitative research methods [e.g., focus groups, key informants] were primarily used during the basic and formative research phases in preproducing and producing a breast cancer educational video for low-literacy Latinas. Results. An 8-min video was created in an Entertainment-Education soap opera format. The purpose of the video is to create awareness about breast cancer and to motivate low-literacy Latinas who are at the precontemplation stage of behavior change to consider engaging in mammography screening. Thus, the video presents a compelling story of a Latina with whom the target audience can identify and become involved with the unfolding events of her story as she realizes her risk for breast cancer and struggles with the decision to engage in mammography. The content and format of the video include culturally relevant clues and modeling to influence Latinas' cognitive and subjective processes involved in making the decision to change. Conclusions. Complex attitudinal and behavioral issues can be effectively targeted to decrease the influence that psychological barriers exert in Latinas low breast cancer screening rates. © 2004 The Institute For Cancer Prevention and Elsevier Inc. All rights reserved.",,
DES-316,2104,SCOPUS_ID:0033231245,10.1093/oxfordjournals.aje.a010098,Risk factors for coronary heart disease in African American women,American Journal Of Epidemiology,1999,Other/None,Other/None,Other/None,Experimental,Experimental,Experimental,False,False,False,False,False,Blacks; Coronary disease; Myocardial infarction; Risk factors; Women,"There have been few studies of risk factors for coronary heart disease in African American women. The authors investigated factors associated with prevalent coronary heart disease in data provided by participants in the Black Women's Health Study. In 1995, 64,530 US Black Women aged 21-69 years completed postal health questionnaires. The 352 women who reported having had a heart attack (cases) were frequency matched 5:1 on age with 1,760 women who had not (controls); medical record review for 35 cases indicated that two- thirds had a heart attack and the remainder had other coronary heart disease. Odds ratios, obtained from multiple logistic regression analyses, were significantly elevated for cigarette smoking, drug-treated hypertension, drug-treated diabetes mellitus, elevated cholesterol level, and history of heart attack in a parent. High body mass index (kg/m2) was associated with coronary heart disease in the absence of control for hypertension, diabetes mellitus, and elevated cholesterol but not when they were controlled, suggesting that obesity may influence risk as a result of its effects on blood pressure, glucose tolerance, and cholesterol levels. Odds ratios increased with increasing parity and with decreasing age at first birth. These data suggest that important risk factors for coronary heart disease are similar in Black women and White women.",,
DES-317,42860,SCOPUS_ID:84944449004,10.1016/j.ypmed.2014.07.041,The cost-effectiveness of installing sidewalks to increase levels of transport-walking and health,Preventive Medicine,2014,Other/None,Other/None,Other/None,Other/None,Other/None,Other/None,False,True,True,False,False,Active transportation; Built environment; Economic analysis; Physical activity; Public health,"Objective This study investigated the cost-effectiveness of installing sidewalks to increase levels of transport-walking. Methods Secondary analysis using logistic regression established the association of sidewalks with transport-walking using two transport-walking thresholds of 150 and 60 min/week using Western Australian data (n = 1394) from 1995 to 2000. Minimum, moderate and maximum interventions were defined, associated respectively with one sidewalk, at least one sidewalk and sidewalks on both sides of the street. Costs, average and incremental cost-effectiveness ratios were calculated for each intervention and expressed as ‘the cost per person who walks for transport for more than 150 min/week (60 min/week) after the installation of new sidewalks’. A sensitivity analysis examined the robustness of the incremental cost-effectiveness ratios to varying model inputs. Costs are in 2012 Australian dollars. Results A positive relationship was found between the presence of sidewalks and transport-walking for both transport-walking thresholds of 150 and 60 min/week. The minimum intervention was found to be the most cost-effective at $2330/person and $674/person for the 150 and 60 min/week transport-walking thresholds respectively. Increasing the proportion of people transport-walking and increasing population density by 50% improved the cost-effectiveness of installing side-walks to $346/person. Conclusions To increase levels of transport-walking, retrofitting streets with one sidewalk is most cost-effective.",,
DES-318,42544,SCOPUS_ID:84855507957,10.1016/j.ypmed.2011.10.017,Understanding the potential and challenges of adenoma treatment as a prevention opportunity: Insights from the BeWEL formative study,Preventive Medicine,2012,Other/None,Qualitative,Qualitative,Qualitative,Qualitative,Qualitative,False,False,False,False,True,Adenoma; Cancer screening; Focus groups; Intervention; Lifestyle; Polyps; Prevention; Qualitative research,"Objectives: To explore prevention opportunities presented by colorectal adenoma diagnosis and inform engagement strategies for the BeWEL study (body weight and physical activity lifestyle intervention for colorectal cancer screening participants who have undergone adenoma removal). Methods: Qualitative study comprising 4 purposively sampled focus groups conducted in urban and rural areas in Tayside, Scotland, with different deprivation levels. Participants were men and women (n=17) aged 50-74 with BMI 25kg/m 2 with removal of adenoma detected by colorectal cancer screening. Results: Adenoma diagnosis presents both opportunities and challenges for prevention. Some patients perceived adenoma as minor and not sufficiently motivating to act as a 'teachable moment'. Patients had low awareness of the relationship between adenoma and lifestyle factors, and received little information on prevention during screening and treatment. Consequently they interpreted post-treatment 'all clear' messages as validation of existing lifestyles, and did not see the relevance of prevention advice. Receptiveness increased when the association between lifestyle, adenoma recurrence and other illness was explained. Conclusion: The study illustrates the value of exploratory research into patient understanding to improve communications and health services. Without unduly worrying patients, professionals should explain how to reduce risk of adenoma, cancer and other diseases, particularly through diet, physical activity and weight reduction. © 2011 Elsevier Inc.",,
DES-319,9610,SCOPUS_ID:70450208082,10.1016/j.amepre.2009.08.023,A Culturally Adapted Physical Activity Intervention for Latinas. A Randomized Controlled Trial,American Journal Of Preventive Medicine,2009,Experimental,Other/None,Experimental,Other/None,Experimental,Experimental,False,False,False,False,False,,"Background: In the U.S., Latinos report particularly high levels of inactivity and related chronic illnesses and are in need of intervention. Thus, the purpose of the current study was to culturally and linguistically adapt an empirically supported, individually tailored physical activity print intervention for Latinos and then conduct an RCT of the modified program. Design: An RCT was conducted. Setting/participants: The sample included 93 overweight/obese (80%) Latinas with low income and acculturation. Intervention: Data were collected in 2007-2008 and analyzed by intent-to-treat in 2009. Participants were randomly assigned to either (1) a culturally and linguistically adapted physical activity intervention (Seamos Activas) or (2) a wellness contact control condition. Main outcome measures: Self-report physical activity, as measured pre- and post-intervention (6 months, 87% retention) by the 7-Day Physical Activity Recall. Results: Moderate-intensity (or greater) physical activity increased from an average of 16.56 minutes/week (SD=25.76) at baseline to 147.27 (SD=241.55) at 6 months in the intervention arm (n=45), and from 11.88 minutes/week (SD=21.99) to 96.79 (SD=118.49) in the wellness contact control arm (n=48). No between-group differences were seen in overall physical activity. Intervention participants reported significantly greater increases in cognitive (F[1, 91]=9.53, p=0.003) and behavioral processes of change (F[1, 91]=8.37, p=0.005) and available physical activity supplies and equipment at home (F[1, 91]=4.17, p=0.04) than control participants. Conclusions: Results supported the hypothesized feasibility, acceptability, and preliminary efficacy of individually tailored physical activity print interventions among Latinas. Although more research is needed to corroborate these findings, such high-reach, low-cost approaches have great potential to positively affect public health. Trial registration: NCT00724165. © 2009 American Journal of Preventive Medicine.",,
DES-320,24745,SCOPUS_ID:0035723975,10.1023/a:1014568930992,Evaluation of community-wide interventions: The ecologic case-referent study design,European Journal Of Epidemiology,2001,Other/None,Experimental,Experimental,Other/None,Experimental,Experimental,False,False,False,False,False,Ecologic case-referent study design; Effect evaluation; Evidence based medicine; Health services research,"In a setting of long-standing, community-wide and generally accepted prevention activities like youth health care services in The Netherlands, evaluative research in the form of experimental studies is hardly possible. Furthermore, as most interventions will bear fruit only after several years and the effects are often described in rather vague terms, even nonexperimental study designs are fraught with possible difficulties. Although a study design using aggregate data is generally considered inferior or 'incomplete', in many cases, especially in health services research, this approach can be the only one feasible to evaluate the effectiveness of preventive programmes and interventions. In this article we present the ecologic case-referent design as a potentially expedient and valid method for estimating the ecologic effect of a population-wide intervention on the outcome rate in those populations. In this case-referent design, many variables are measured at the individual level, whereas the main exposure variable is measured at an aggregate or ecologic level. Using recently published studies as an example, the advantages and drawbacks of the design are discussed using the randomised controlled trial design as the referent study design.",,
DES-321,11055,SCOPUS_ID:84990233434,10.1016/j.amepre.2016.02.020,The Physical Activity 4 Everyone Cluster Randomized Trial: 2-Year Outcomes of a School Physical Activity Intervention Among Adolescents,American Journal Of Preventive Medicine,2016,Experimental,Experimental,Experimental,Other/None,Experimental,Experimental,False,False,False,False,False,,"Introduction Few interventions have been successful in reducing the physical activity decline typically observed among adolescents. The aim of this paper is to report the 24-month effectiveness of a multicomponent school-based intervention (Physical Activity 4 Everyone) in reducing the decline in moderate to vigorous physical activity (MVPA) among secondary school students in disadvantaged areas of New South Wales, Australia. Study design A cluster RCT was conducted in five intervention and five control schools with follow-up measures taken at 24 months post-randomization. Setting/participants The trial was undertaken within secondary schools located in disadvantaged communities in New South Wales, Australia. Intervention A multicomponent school-based intervention based on the Health Promoting Schools Framework was implemented. The intervention consisted of seven physical activity promotion strategies that targeted the curriculum (teaching strategies to increase physical activity in physical education lessons, student physical activity plans, and modification of school sport program); school environment (recess/lunchtime activities, school physical activity policy); parents (parent newsletters); and community (community physical activity provider promotion). Six additional strategies supported school implementation of the physical activity intervention strategies. Main outcome measure Minutes per day spent in MVPA, objectively measured by accelerometer. Results Participants (N=1,150, 49% male) were a cohort of students aged 12 years (Grade 7) at baseline (March–June 2012) and 14 years (Grade 9) at follow-up (March–July 2014). At 24-month follow-up, there were significant effects in favor of the intervention group for daily minutes of MVPA. The adjusted mean difference in change in daily MVPA between groups was 7.0 minutes (95% CI=2.7, 11.4, p<0.002) (analysis conducted December 2014–February 2015). Sensitivity analyses based on multiple imputation were consistent with the main analysis (6.0 minutes, 95% CI=0.6, 11.3, p<0.031). Conclusions The intervention was effective in increasing adolescents’ minutes of MVPA, suggesting that implementation of the intervention by disadvantaged schools has the potential to slow the decline in physical activity. Trial registration Australian New Zealand Clinical Trials Registry ACTRN12612000382875.",,
DES-322,38246,SCOPUS_ID:85074737382,10.1136/jech-2019-212256,Cardiometabolic health in adolescence and its association with educational outcomes,Journal Of Epidemiology And Community Health,2019,Other/None,Other/None,Other/None,Other/None,Other/None,Other/None,False,False,False,False,False,adolescents cg; cardiovascular disease; cognition; health promotion,"Aim To explore the association of selected cardiometabolic biomarkers and metabolic syndrome (MetS) with educational outcomes in adolescents from Chile. Methods Of 678 participants, 632 (52% males) met criteria for the study. At 16 years, waist circumference (WC), systolic blood pressure, triglycerides (TG), high-density lipoprotein and glucose were measured. A continuous cardiometabolic risk score (zMetS) using indicators of obesity, lipids, glucose and blood pressure was computed, with lower values denoting a healthier cardiometabolic profile. MetS was diagnosed with the International Diabetes Federation/American Heart Association/National Heart, Lung, and Blood Institute joint criteria. Data on high school (HS) graduation, grade point average (GPA), college examination rates and college test scores were collected. Data were analysed controlling for sociodemographic, lifestyle and educational confounders. Result zMetS, WC, TG and homeostatic model assessment of insulin resistance at 16 years were negatively and significantly associated with the odds of completing HS and taking college exams. Notably, for a one-unit increase in zMetS, we found 52% (OR: 0.48, 95% CI 0.227 to 0.98) and 39% (OR: 0.61, 95% CI 0.28 to 0.93) reduction in the odds of HS completion and taking college exams, respectively. The odds of HS completion and taking college exams in participants with MetS were 37% (95% CI 0.14 to 0.98) and 33% (95% CI 0.15 to 0.79) that of participants with no cardiometabolic risk factors. Compared with adolescents with no risk factors, those with MetS had lower GPA (515 vs 461 points; p=0.002; Cohen's d=0.55). Adolescents having the MetS had significantly lower odds of passing the mathematics exam for college compared with peers with no cardiometabolic risk factors (OR: 0.49; 95% CI 0.16 to 0.95). Conclusion In Chilean adolescents, cardiometabolic health was associated with educational outcomes.",,
DES-323,45495,SCOPUS_ID:85159234133,10.1016/j.ypmed.2023.107543,"Do age-based discontinuation recommendations influence cervical cancer screening rates? Evidence from the United States' Behavioral Risk Factor Surveillance System, 2016 and 2018",Preventive Medicine,2023,Other/None,Quasi-experimental,Quasi-experimental,Other/None,Quasi-experimental,Quasi-experimental,False,True,False,True,False,Age discontinuation recommendations; Cancer screening; Cervical cancer; Healthcare disparities; Older adults; Papinicolaou test; Practice guideline; Preventive health services; USPSTF,"The United States Preventive Services Task Force (USPSTF) recommends that women with adequate prior screening and average cervical cancer risk discontinue routine cervical cancer screening after age 65. This study's objective was to estimate how the USPSTF recommendation affects Papanicolaou (Pap) test rates among women at age 66 in the United States. We used nationally representative 2016 and 2018 Behavioral Risk Factor Surveillance System data for women ages 56–76 (n = 226,031) and a regression discontinuity design to estimate changes in annual Pap test rates at age 66. Among women age 66–76, 22.5% reported receiving a Pap test within the past one year. At age 66, annual Pap rates declined by 5.9 percentage points (p.p.) (95% Confidence Interval [CI]: −7.7, −4.1) off a pre-66 rate of 39%. The change varied by race/ethnicity, education, and marital status. Pap rates did not change discretely for non-Hispanic Black women (0.8 p.p.; 95% CI: −5.4, 7.1) but did for women from other racial/ethnic groups. The decline was larger for women who graduated college (−9.0 p.p.; 95% CI: −12.0, −5.9) than for women without a college degree and for women who were never married (−9.4 p.p., 95% CI: −17.3, −1.5) than for women who were married/partnered or divorced/separated. The USPSTF recommendation to discontinue cervical cancer screening after age 65 leads to a sharp decline in Pap test rates at age 66 but disparately affects women based on race, education and marital status. Further study is needed to assess the consequences of these changes.",,
DES-324,36726,SCOPUS_ID:70349446498,10.1136/jech.2008.082438,Marital status and survival following bladder cancer,Journal Of Epidemiology And Community Health,2009,Other/None,Other/None,Other/None,Other/None,Other/None,Other/None,False,False,False,False,False,,"Background: Marital status has been implicated as a prognostic factor in bladder cancer survival. However, few studies have explored potential mechanisms through which this might occur. Methods: The study identified 19 982 bladder cancer patients from the SEER-Medicare database (1992-8) and constructed sex-specific Cox proportional hazard models to assess the relation between marital status and 5-year survival, while sequentially adding covariates to test possible mechanisms. Results: Multivariable Cox analyses suggest that at every stage, married men had better survival than unmarried men independent of age, race, ecologic socioeconomic status, comorbidities, any or aggressive treatment (assessed separately), and accessing a teaching hospital (hazard ratio (HR) 0.80; 95% confidence interval (CI) 0.74 to 0.87). Among women with stages II-IV bladder cancer, age and the presence of comorbid conditions explained the association between marital status and survival. However, among those diagnosed with stage I bladder cancer, none of the covariates explained the association between marital status and decreased mortality (fully adjusted HR 0.72; 95% CI 0.62 to 0.84). Conclusion: The lack of evidence of mediation through treatment, overall health, SES, or quality of healthcare institution among married men and women with stage I disease suggests they may be benefiting from something other than these factors, perhaps practical or social support.",,
DES-325,18988,SCOPUS_ID:84904312856,10.2105/ajph.2014.301894,Impact of texting laws on motor vehicular fatalities in the united states,American Journal Of Public Health,2014,Other/None,Quasi-experimental,Quasi-experimental,Other/None,Quasi-experimental,Quasi-experimental,False,True,False,True,False,,"Using a panel study design, we examined the effects of different types of texting bans on motor vehicular fatalities. We used the Fatality Analysis Reporting System and a difference-in-differences approach to examine the incidence of fatal crashes in 2000 through 2010 in 48 US states with and without texting bans. Age cohorts were constructed to examine the impact of these bans on age-specific traffic fatalities. Primarily enforced laws banning all drivers from texting were significantly associated with a 3% reduction in traffic fatalities in all age groups, and those banning only young drivers from texting had the greatest impact on reducing deaths among those aged 15 to 21 years. Secondarily enforced restrictions were not associated with traffic fatality reductions in any of our analyses.",,
DES-326,38616,SCOPUS_ID:85095578636,10.1136/jech-2020-214089,"Impact of law enforcement-related deaths of unarmed black New Yorkers on emergency department rates, New York 2013-2016",Journal Of Epidemiology And Community Health,2021,Other/None,Quasi-experimental,Quasi-experimental,Other/None,Quasi-experimental,Quasi-experimental,False,True,False,True,False,Access to hlth care; Health services; Policy,"Background Law enforcement-related deaths of unarmed black Americans may lead black communities to distrust public institutions. Our study quantifies the impact of law enforcement-related deaths of black New York residents on the use of hospital emergency departments (ED) during 2013-2016. Methods We used regression discontinuity models stratified by race and time period (2013-2015 and 2015-2016) to estimate the impact of law enforcement-related deaths on ED rates. Dates of deaths and media reports were from the Mapping Police Violence database. We calculated the daily overall and condition-specific ED visit rates from the New York's Statewide Planning and Research Cooperative System. Results There were 14 law enforcement-related deaths of unarmed black New York residents from 2013 to 2016. In 2013-2014, the ED rate among black New Yorkers decreased by 7.7 visits per 100 000 black New Yorkers (5% less than the average ED rate) using the date of media report as the cut-off with a 2-week exposure window. No changes in ED rates were noted for black New Yorkers in 2015-2016 or for white New Yorkers in either time period. Models using the date of death followed a similar pattern. Conclusion The decrease in ED rates among black New Yorkers immediately following media reports of law enforcement-related deaths involving unarmed black New Yorkers during 2013-2014 may represent potentially harmful delays in healthcare. Reforms implemented during 2015-2016 might have modified the impact of these deaths. Further investigation into the population health impacts of law enforcement-related deaths is needed.",,
DES-327,36503,SCOPUS_ID:34147219243,10.1136/jech.2006.046078,Health-related beliefs and experiences of Gypsies and Travellers: A qualitative study,Journal Of Epidemiology And Community Health,2007,Qualitative,Qualitative,Qualitative,Other/None,Qualitative,Qualitative,False,False,False,False,True,,"Objective: To illuminate findings of the survey of the health status of Gypsies and Travellers by exploring their health-related beliefs and experiences. Design: Qualitative study of a purposive subsample from in-depth interviews using framework analysis. Setting: The homes or alternative community settings of the participants in five geographically dispersed study locations in England. Participants: 27 Gypsies and Travellers with an experience of ill health, purposively sampled from a larger population participating in an epidemiological survey of health status. Results: The experience of poor health and daily encounters of ill health among extended family members were normalised and accepted. Four major themes emerged relating to health beliefs and the effect of lifestyle on health for these respondents: the travelling way; low expectations of health; self-reliance and staying in control; fatalism and fear of death. These themes dominated accounts of health experience and were relevant to the experience. These themes add richness to the health status data and inform our understanding. Conclusions: Among Gypsies and Travellers, coherent cultural beliefs and attitudes underpin health-related behaviour, and health experiences must be understood in this context. In this group, ill health is seen as normal, an inevitable consequence of adverse social experiences, and is stoically and fatalistically accepted. The provision of effective healthcare and improvement of poor health in Gypsies and Travellers will require multi-agency awareness of these issues.",,
DES-328,9189,SCOPUS_ID:33748476393,10.1016/j.amepre.2006.06.019,Translating Effective Clinic-Based Physical Activity Interventions into Practice,American Journal Of Preventive Medicine,2006,Other/None,Other/None,Other/None,Other/None,Other/None,Other/None,False,False,False,False,False,,"Abstract: An increasing number of studies report on the efficacy of physical activity interventions conducted in, or in conjunction with, clinical settings. This article reviews the status of the literature with regard to translation to practice and describes methods that will heighten the likelihood of translation. In general, few physical activity programs have been designed for translation, and the diffusion models underlying most reported programs have relied on an assumption of linear diffusion into practice. However, recent developments are encouraging and examples are provided of programs that utilize relationship or systems approaches to translation. © 2006 American Journal of Preventive Medicine.",,
DES-329,43829,SCOPUS_ID:85014529712,10.1016/j.ypmed.2016.11.029,Introduction of molecular HPV testing as the primary technology in cervical cancer screening: Acting on evidence to change the current paradigm,Preventive Medicine,2017,Other/None,Experimental,Experimental,Other/None,Experimental,Experimental,False,False,False,False,True,Cervical cancer; HPV testing; Screening,"Since being introduced in the 1940s, cervical cytology – despite its limitations – has had unequivocal success in reducing cervical cancer burden in many countries. However, we now know that infection with human papillomavirus (HPV) is a necessary cause of cervical cancer and there is overwhelming evidence from large-scale clinical trials, feasibility studies and real-world experience that supports the introduction of molecular testing for HPV as the primary technology in cervical cancer screening (i.e., “HPV primary screening”). While questions remain about the most appropriate age groups for screening, screening interval and triage approach, these should not be considered barriers to implementation. Many countries are in various stages of adopting HPV primary screening, whereas others have not taken any major steps towards introduction of this approach. As a group of clinical experts and researchers in cervical cancer prevention from across Canada, we have jointly authored this comprehensive examination of the evidence to implement HPV primary screening. Our intention is to create a common understanding among policy makers, agencies, clinicians, researchers and other stakeholders about the evidence concerning HPV primary screening to catalyze the adoption of this improved approach to cervical cancer prevention. With the first cohort of vaccinated girls now turning 21, the age when routine screening typically begins, there is increased urgency to introduce HPV primary screening, whose performance may be less adversely affected compared with cervical cytology as a consequence of reduced lesion prevalence post-vaccination.",,
DES-330,33698,SCOPUS_ID:85061056409,10.1093/ije/dyy108,"Susceptibility to price discounting of soda by neighbourhood educational status: An ecological analysis of disparities in soda consumption using point-of-purchase transaction data in Montreal, Canada",International Journal Of Epidemiology,2018,Ecological / Time-series,Ecological / Time-series,Ecological / Time-series,Other/None,Ecological / Time-series,Ecological / Time-series,False,False,False,False,True,Food marketing; Obesity and overweight; Price discounting; Public health nutrition; Soda; Transaction data,"Introduction: Price discounting is a marketing tactic used frequently by food industries and retailers, but the extent to which education modifies the effect of discounting on the purchasing of unhealthy foods has received little attention. We investigated whether there was a differential association of price discounting of soda with store-level soda purchasing records between 2008 and 2013 by store-neighbourhood education in Montreal, Canada. Methods: Using data on grocery purchase transactions from a sample of supermarkets, pharmacies, supercentres and convenience stores, we performed an ecological time-series analysis, modelling weekly store-level sales of soda as a function of store-level price discounting, store- and neighbourhood-level confounders and an interaction term between discounting and categorical education in the neighbourhood of each store. Results: Analysis by store type (n = 18 743, 12 437, 3965 and 49 533 store-weeks for superstores, pharmacies, supercentres and convenience stores, respectively) revealed that the effect measure modification of discounting by neighbourhood education on soda purchasing was lower in stores in the more educated neighbourhoods, most notably in pharmacies: 0.020 [95% confidence interval (CI): 0.028, 0.012] and 0.038 (95% CI: 0.051, 0.025), for middle- and high-education categories, respectively). Weaker effect modification was observed in convenience stores. There was no evidence of effect modification in supercentres or superstores. Conclusions: Price discounting is an important environmental risk factor for soda purchasing and can widen education inequalities in excess sugar intake across levels of education. Interventions to regulate price discounting warrant further investigation as a public health strategy to improve population nutrition, particularly in lower-education neighbourhoods.",,
DES-331,258,SCOPUS_ID:0026039059,10.1093/oxfordjournals.aje.a116144,Using dead controls to adjust for confounders in case-control studies,American Journal Of Epidemiology,1991,Other/None,Case-control,Case-control,Case-control,Case-control,Case-control,True,True,False,True,False,Case-control studies; Epidemiologic methods; Retrospective studies; Statistics,"The use of dead controls in a case-control study, the primary purpose of which is to control for confounding, leads to consistent relative risk estimates within stratum of the confounder, even if the causes of death of controls are associated with that confounder. Dead controls may be more comparable to dead cases in terms of data quality, and therefore, under these circumstances, the use of dead controls may be advantageous. © 1991 by The Johns Hopkins University School of Hygiene and Public Health.",,
DES-332,45683,SCOPUS_ID:85195393676,10.1016/j.ypmed.2024.108032,"Loneliness and its cross-sectional associations with health, health behaviours, and perceptions in Finnish patients with overweight or obesity taking part in the Healthy Weight Coaching",Preventive Medicine,2024,Other/None,Experimental,Experimental,Other/None,Experimental,Experimental,False,False,False,False,False,Digital weight loss intervention; Health; Health behaviours; Healthcare resource utilization; Loneliness; Perceptions,"Objective: To investigate cross-sectional associations between loneliness and health, health behaviours, and perceptions in Finnish individuals with overweight or obesity (BMI ≥25 kg/m2). Methods: We used baseline data from patients participating, in 2016–2022, in a real-life digital 12-month weight management program known as Healthy Weight Coaching. Patients completed several questionnaires such as those related to loneliness, healthcare resource utilization, physical activity, and life satisfaction. BMI was computed based on self-reported weight and height. In addition to investigating individual health variables, we studied the association between loneliness and factor-analysis-derived health and wellbeing clusters. Results: Data were available from 2000 individuals (16.7% men, median age 48 years, median BMI 39.2 kg/m2). Altogether, 11.6%, 42.4%, and 46.0% reported feeling lonely, somewhat lonely, and not lonely, respectively. Feeling lonely was associated with higher BMI, greater healthcare resource utilization, lower life satisfaction, burdensomeness of life, more negative perceptions related to obesity and to the upcoming coaching, lower daytime energy, and reduced 20-min brisk walk results, a measure of functional capacity. Of the five factor-analysis-derived clusters, loneliness was adversely associated with “Life satisfaction” [lonely, 0.337 (0.270–0.421), p < 0.001; somewhat lonely, 0.545 (0.475–0.625), p < 0.001]. Moreover, loneliness associated with “Negative perceptions of obesity/daytime fatigue” [lonely, 4.627 (3.391–6.314), p < 0.001; somewhat lonely 2.021 (1.694–2.412), p < 0.001], and “Obesity/low physical activity” [lonely, 1.474 (1.105–1.966), p = 0.008; somewhat lonely, 1.220 (1.019–1.460), p = 0.030]. Conclusions: Loneliness had several untoward associations with health, health behaviours, and perceptions. Further research should explore the intricate relationship between obesity, loneliness, and physical and psychosocial health. Trial registration: The trial is registered at clinicaltrials.cov (Clinical Trials Identifier NCT04019249).",,
DES-333,35936,SCOPUS_ID:0036144774,10.1136/jech.56.1.36,"Indicators of deprivation, voting patterns, and health status at area level in the Republic of Ireland",Journal Of Epidemiology And Community Health,2002,Other/None,Ecological / Time-series,Ecological / Time-series,Other/None,Ecological / Time-series,Ecological / Time-series,False,False,False,False,False,,"Study objective: To determine what relation, if any, exists between mortality patterns, indicators of deprivation, general lifestyle and social attitudes, as exemplified by general election voting pattern, in the Republic of Ireland. A relation has been demonstrated previously between voting and mortality patterns in the United Kingdom. Design: Cross sectional ecological study using three data sources. Standardised mortality ratios (SMR) were based on mortality rates at county level and 1996 census data from the Central Statistics Office, 1997 general election first preference voting data in all 41 constituencies were aggregated to county level. Selected reported measures of health status, lifestyle and social circumstances are from the first ever National survey on lifestyles, attitudes and nutrition (SLAN). This study comprised adults over 18 years sampled by post using the electoral register from 273 representative district electoral divisions. Univariate inter-relations were examined at individual level for the dataset as a whole, adjusting for age and at aggregated level for 26 county borough areas, which included the two largest cities and for 22 county areas, which afforded correlation with voting pattern, using the method of Pearson's correlation coefficient. Participants: 1 806 932 votes were cast nationally at the 1997 general election, representing a voter turnout of 65.92%. There was an overall response rate of 62% to SLAN comprising 6539 adults (47% male). The demographic pattern of survey respondents was consistent with that of the general population over 18 years. Main results: At individual level there was a large number of highly significant inter-relations between indicators of deprivation, various measures of self rated health status and lifestyle factors. Aggregated at 26 county level percentage unemployed (r=0.408, p=0.038), and level of education (r=0.475, p=0.014) related significantly to SMR and inversely to both fruit and vegetable consumption (r=-0.672, p=0.001) and excess alcohol consumption among men (r=-595, p=0.003). Those rating their health as fair or poor were more likely to report a poor quality of life (r=0.487, p=0.022), to have none or primary school education only (r=0.428, p=0.047), or to have a means tested medical services card (r=0.428, p=0.047). There was no significant relation between SMR and voting pattern for the two main political parties (67.28% first preferences) but a significant relation with left wing voting (r=0.446, p=0.037). Fianna Fail voting pattern was inversely related to level of dissatisfaction with health (r=-0.59, p<0.05). There was a positive significant relation between left wing voting and dissatisfaction with health (r=0.51, p<0.02) and rate of smoking (r=0.47, p=0.03). Smoking pattern also related positively to rates of voter abstention (r=0.526, p=0.12). Conclusions: These data are consistent with those in other countries in showing a relation between deprivation indicators and lifestyle, but differ in that no relation with SMR and the votes cast for the main parties was seen in a country with a mainly centre right voting pattern. The relation between left wing voting pattern and some indicators of deprivation and lifestyle suggest that party political voting patterns and affiliations could be a useful indicator of vertical social capital. However, its variability as a measure across countries suggests that the inter-relation between sociocultural and economic factors and the consequent influence on health status is not straightforward.",,
DES-334,26862,SCOPUS_ID:0000517489,10.1093/eurpub/5.3.215,Dilemmas in sickness certification among Swedish physicians,European Journal Of Public Health,1995,Other/None,Qualitative,Qualitative,Other/None,Qualitative,Qualitative,False,False,False,False,True,Critical incident technique; Physicians; Sickness certification; Sickness insurance system,"Despite a growing concern for matters related to sick-leave and its economical and human consequences, little Is still known of the practice of sickness certification. To remedy this, a study based on the critical incident technique was designed to explore dilemmas experienced by physicians when issuing sickness certificates. A questionnaire was distributed to 170 general practitioners (GPs), private physicians and psychiatrists in the Swedish county of Ostergotland asking about sickness certification dilemmas, the consequences of the dilemma and how the situation was resolved. Through a semi-qualitative analysis, 2 main types of dilemma were identified. Insurance-associated dilemmas were the most frequent and concerned the grading of work incapacity, the duration of a sick-leave period and the difficulties in interpreting the sickness insurance legislation. The focus on biomedical diagnosis in the sickness certificate was found to complicate the certification routines, since working capacity may be reduced even though a diagnosis has not been confirmed. The primary medical dilemmas consisted of difficulties related to encountered obstacles In the clinical management, e.g. in subjective medical history, diagnosis or patient compliance. It is concluded that the physicians' role in the insurance system makes it necessary to give the medical diagnosis a social interpretation. The development of standards for grading of work incapacity is needed as well as routines for closer cooperation between the different actors in the sickness insurance system. © 1995 European Journal of Public Health.",,
DES-335,7578,SCOPUS_ID:85128160634,10.1093/aje/kwab289,Impact of Racial Categorization on Effect Estimates: An HIV Stigma Analysis,American Journal Of Epidemiology,2022,Other/None,Other/None,Other/None,Other/None,Other/None,Other/None,False,False,False,False,False,HIV; multiracial categorization; race factors; racism; regression analysis; stigma,"Suboptimal racial categorization potentially introduces bias in epidemiologic analysis and interpretation, making it difficult to appropriately measure factors leading to racial health disparities. As part of an analysis focused on predictors of experiencing human immunodeficiency status (HIV)-related stigma among men who have sex with men living with HIV in San Francisco, we struggled with the most appropriate ways to categorize people who reported more than 1 racial identity, and we aimed to explore the implications of different methodological choices in this analysis. We fitted 3 different multivariable linear regression models, each utilizing a different approach to racial categorization: the ""multiracial,""""othering,""and ""hypodescent""models. We estimated an adjusted risk difference in mean score for reported frequency of experiencing HIV-related stigma on a 4-point scale, adjusting for age, race, gender identity, injection history, housing, mental health concerns, and viral load. Use of a hypodescent model for racial categorization led to a shift in the point estimate through the null for Blacks/African Americans, and it improved precision for that group. However, it obscured the association of increased stigma and race for multiracial people, compared with monoracial counterparts. We conclude that methodological decisions related to racial categorization of participants can dramatically affect race-related study findings in predictor regression models.",,
DES-336,18390,SCOPUS_ID:84888248528,10.2105/ajph.2013.301307,When health insurance is not a factor: National comparison of homeless and nonhomeless US veterans who use veterans affairs emergency departments,American Journal Of Public Health,2013,Other/None,Cross-sectional,Cross-sectional,Other/None,Cross-sectional,Cross-sectional,False,False,False,False,True,,"Objectives. We examined the proportion of homeless veterans among users of Veterans Affairs (VA) emergency departments (EDs) and compared sociodemographic and clinical characteristics of homeless and nonhomeless VA emergency department users nationally. Methods. We used national VA administrative data from fiscal year 2010 for a cross-sectional study comparing homeless (n = 64 091) and nonhomeless (n = 866 621) ED users on sociodemographics, medical and psychiatric diagnoses, and other clinical characteristics. Results. Homeless veterans had 4 times the odds of using EDs than nonhomeless veterans. Multivariate analyses found few differences between homeless and nonhomeless ED users on the medical conditions examined, but homeless ED users were more likely to have been diagnosed with a drug use disorder (odds ratio [OR] = 4.12; 95% confidence interval [CI] = 3.97, 4.27), alcohol use disorder (OR = 3.67; 95% CI = 3.55, 3.79), or schizophrenia (OR = 3.44; 95% CI = 3.25, 3.64) in the past year. Conclusions. In a national integrated health care system with no specific requirements for health insurance, the major differences found between homeless and nonhomeless ED users were high rates of psychiatric and substance abuse diagnoses. EDs may be an important location for specialized homeless outreach (or ""in"" reach) services to address mental health and addictive disorders.",,
DES-337,6713,SCOPUS_ID:85054224561,10.1093/aje/kwy126,Combining a Food Frequency Questionnaire with 24-Hour Recalls to Increase the Precision of Estimation of Usual Dietary Intakes-Evidence from the Validation Studies Pooling Project,American Journal Of Epidemiology,2018,Other/None,Other/None,Other/None,Cohort,Cohort,Cohort,False,False,False,False,False,cohort studies; dietary measurement; energy; measurement error; potassium; protein; recovery biomarkers; sodium,"Improving estimates of individuals' dietary intakes is key to obtaining more reliable evidence for diet-health relationships from nutritional cohort studies. One approach to improvement is combining information from different self-report instruments. Previous work evaluated the gains obtained from combining information from a food frequency questionnaire (FFQ) and multiple 24-hour recalls (24HRs), based on assuming that 24HRs provide unbiased measures of individual intakes. Here we evaluate the same approach of combining instruments but base it on the better assumption that recovery biomarkers provide unbiased measures of individual intakes. Our analysis uses data from the 5 large validation studies included in the Validation Studies Pooling Project: the Observing Protein and Energy Nutrition Study (1999-2000), the Automated Multiple-Pass Method validation study (2002-2004), the Energetics Study (2006-2009), the Nutrition Biomarker Study (2004-2005), and the Nutrition and Physical Activity Assessment Study (2007-2009). The data included intakes of energy, protein, potassium, and sodium. Under a time-varying usual-intake model analysis, the combination of an FFQ with 4 24HRs improved correlations with true intake for predicted protein density, potassium density, and sodium density (range, 0.39-0.61) in comparison with use of a single FFQ (range, 0.34-0.50). Absolute increases in correlation ranged from 0.02 to 0.26, depending on nutrient and sex, with an average increase of 0.14. Based on unbiased recovery biomarker evaluation for these nutrients, we confirm that combining an FFQ with multiple 24HRs modestly improves the accuracy of estimates of individual intakes.",,
DES-338,5931,SCOPUS_ID:84907368344,10.1093/aje/kwu148,Inverse association of plasma vanadium levels with newly diagnosed type 2 diabetes in a Chinese population,American Journal Of Epidemiology,2014,Other/None,Case-control,Case-control,Other/None,Case-control,Case-control,False,False,False,False,False,Diabetes mellitus; Trace elements; Type 2; Vanadium,"Vanadium compounds have been proposed to have beneficial effects on the pathogenesis and complications of type 2 diabetes. Our objective was to evaluate the association between plasma vanadium levels and type 2 diabetes. We performed a case-control study involving 1,598 Chinese subjects with or without newly diagnosed type 2 diabetes (December 2004-December 2007). Cases and controls were frequency-matched by age and sex. Plasma vanadium concentrations were measured and compared between groups. Analyses showed that plasma vanadium concentrations were significantly lower in cases with newly diagnosed type 2 diabetes than in controls (P = 0.001). Mean plasma vanadium levels in participants with and without diabetes were 1.0 μg/L and 1.2 μg/L, respectively. Participants in the highest quartile of plasma vanadium concentration had a notably lower risk of newly diagnosed type 2 diabetes (odds ratio = 0.26, 95% confidence interval: 0.19, 0.35; P < 0.001), compared with persons in the lowest quartile. The trend remained significant after adjustment for known risk factors and in further stratification analyses. Our results suggested that plasma vanadium concentrations were inversely associated with newly diagnosed type 2 diabetes in this Chinese population. © The Author 2014.",,
DES-339,3557,SCOPUS_ID:0345737128,10.1093/aje/kwg250,Flexible Matching in Case-Control Studies of Gene-Environment Interactions,American Journal Of Epidemiology,2004,Other/None,Case-control,Case-control,Case-control,Case-control,Case-control,True,True,False,True,False,Case-control studies; Epidemiologic methods; Interaction; Research design; Statistics,"Because of the lack of power of case-control study designs to detect gene-environment interactions, flexible matching has recently been proposed as a method of improving efficiency. In this paper, the authors consider a large-sample approximation method that allows estimation of the most efficient matching strategy when genotype and exposure are either independent or associated. The authors provide tables of the sample sizes required to detect gene-environment interactions if this flexible matching strategy is followed, and they make brief comparisons with other study designs.",,
DES-340,25971,SCOPUS_ID:84926372408,10.1007/s10654-015-9998-4,Challenges in conducting genome-wide association studies in highly admixed multi-ethnic populations: the Generation R Study,European Journal Of Epidemiology,2015,Other/None,Cohort,Cohort,Other/None,Cohort,Cohort,False,False,False,False,False,Admixed population; Genome-wide association studies; Genomic imputation; Multiethnic study; Quality control GWAS,"Genome-wide association studies (GWAS) have been successful in identifying loci associated with a wide range of complex human traits and diseases. Up to now, the majority of GWAS have focused on European populations. However, the inclusion of other ethnic groups as well as admixed populations in GWAS studies is rapidly rising following the pressing need to extrapolate findings to non-European populations and to increase statistical power. In this paper, we describe the methodological steps surrounding genetic data generation, quality control, study design and analytical procedures needed to run GWAS in the multiethnic and highly admixed Generation R Study, a large prospective birth cohort in Rotterdam, the Netherlands. Furthermore, we highlight a number of practical considerations and alternatives pertinent to the quality control and analysis of admixed GWAS data.",,
DES-341,30604,SCOPUS_ID:0028166459,10.1093/ije/23.5.1050,Community-based hygiene education to reduce diarrhoeal disease in rural Zaire: Impact of the intervention on diarrhoeal morbidity,International Journal Of Epidemiology,1994,Other/None,Experimental,Experimental,Other/None,Experimental,Experimental,False,False,False,False,False,,"Background: Diarrhoeal disease is a leading cause of morbidity in young children in rural Zaire. Few diarrhoea prevention programmes have been implemented in Bandundu Province, where available data suggest an annual prevalence rate of 10%. The urgent need to reduce diarrhoeal morbidity in Zaire. together with the potential effectiveness and feasibility of hygiene education as a diarrhoea prevention strategy, led to the development of the present research project. Methods: A randomized, controlled trial of an education intervention to reduce diarrhoea through improved personal and domestic hygiene behaviours was conducted in 18 geographically separate village clusters (sites) in rural Zaire. For 12 weeks baseline information on the diarrhoeal morbidity of 2082 children aged 3-35 months was collected at weekly home visits, and structured observations of hygiene practices related to diarrhoea were made on a subset of 300 families. Intervention messages addressed disposal of animal faeces from the yard, handwashing after defecation and before meal preparation and eating, and disposal of children's faeces. Three months after the start of the intervention and exactly 1 year after the baseline studies, a second diarrhoeal morbidity study and a second observational study were conducted in order to evaluate the intervention. Results: Children in intervention communities experienced an 11% reduction in the risk of reporting diarrhoea during the peak diarrhoeal seaon, compared to controls (P < 0.025). The largest differences were seen among children aged 24-35 months, with those from intervention communities reporting significantly fewer episodes, shorter mean durations and hence fewer days of diarrhoea. There was some evidence that greater reductions in diarrhoea occurred in sites where the quality of the intervention, a scored measure of volunteer efficacy and community participation, was highest. Conclusions: The results of this study suggest that hygiene education may be an effective approach to reduce the incidence and duration of diarrhoeal episodes in rural Zaire. Children aged 2 years appear to benefit the most. A Hawthorne effect of the education may contribute to diarrhoeal reductions. © 1994 International Epidemiological Association.",,
DES-342,2390,SCOPUS_ID:0034307353,10.1093/aje/152.7.633,Visual impairment and risk of hip fracture,American Journal Of Epidemiology,2000,Other/None,Case-control,Case-control,Other/None,Case-control,Case-control,False,False,False,False,True,Accidental falls; Aged; Depth perception; Hip fractures; Vision; Visual acuity; Visually impaired persons,"As part of a case-control study, the Auckland Hip Fracture Study (1991-1994), the authors examined associations between impaired vision and risk of hip fracture. Subjects (911 cases and 910 controls aged 60 years or older) completed a questionnaire and had vision measurements taken, including measurements of visual acuity and stereopsis (depth perception). Binocular visual acuity worse than 20/60 was statistically significantly associated with increased risk of hip fracture after adjustment for age, sex, proxy response, hours of activity per week, and height (odds ratio (OR) = 1.5; 95% confidence interval (CI): 1.1, 2.0), as was having poor vision (less than 20/100) in both eyes (OR = 2.4; 95% CI 1.0, 6.1). Having no depth perception was associated with increased risk (OR = 6.0 95% CI: 3.2, 11.1), as were categories of decreasing stereopsis (trend p = 0.0001), self-reported poor vision (OR = 1.4; 95% CI: 1.0, 1.9), not wearing glasses at the time of the fall (OR = 1.2; 95% CI: 1.0, 1.6), and increasing time since the last eye examination (trend p = 0.03). The population attributable risk of hip fracture due to poor visual acuity or stereopsis was 40%. Visual factors are important fall-related factors which influence risk of hip fracture. Risk of hip fracture may be decreased by correcting refractive error, improving stereopsis, and administering regular eye examinations.",,
DES-343,19604,SCOPUS_ID:84921845812,10.2105/ajph.2014.302284,Rumors and realities: Making sense of HIV/AIDS conspiracy narratives and contemporary legends,American Journal Of Public Health,2015,Other/None,Other/None,Other/None,Other/None,Other/None,Other/None,False,False,False,False,True,,"The social context of the early HIV/AIDS epidemic in the United States provided fertile ground for rumors about transmission. Today, however, rumors about HIV/AIDS persist only within the African American public. Focus group and public discourse data reveal the content and distribution of HIV/AIDS origin and conspiracy rumors. Rumor and contemporary legend theory allows reinterpretation of rumors as a measure of trust between the African American public and health professionals, not as evidence of ignorance or of historical racial oppression. To improve public health results in the African American community, HIV/AIDS efforts must acknowledge the sources and meanings of rumors, include rumors as a measure of trust, and address the underlying distrust that the rumors signify.",,
DES-344,25817,SCOPUS_ID:84884291326,10.1007/s10654-013-9813-z,Influenza H1N1 vaccination and adverse pregnancy outcome,European Journal Of Epidemiology,2013,Other/None,Cohort,Cohort,Other/None,Cohort,Cohort,False,False,False,False,False,Child; H1N1; Immunization; Influenza; Pregnancy; Preterm birth; Small-for-gestational-age; Vaccination,"Although vaccines against influenza can reduce maternal morbidity and mortality, large-scale data on adverse effects in the offspring are scarce. Historical cohort study in Stockholm County, Sweden. We linked H1N1 vaccination data (Pandemrix®, a mono-valent AS03 adjuvanted H1N1 vaccine) with pregnancy and birth data from 21,087 women with singleton offspring conceived between February 2009 and January 2010 (vaccinated during pregnancy: n = 13,297 vs. unvaccinated: n = 7,790). Data were analysed by conceptualizing the observational cohort as a series of nested cohorts defined at each week of gestation. Logistic regression estimated odds ratios (ORs) for low birth weight (LBW, <2,500 g), preterm birth (<37 completed weeks), small-for- gestational age (SGA, <10th percentile of the gestational age-specific birth weight within the cohort), low 5-min Apgar score (<7), and caesarean section. Data were adjusted for potential confounders, including maternal age, body mass index, smoking, parity, civil status and comorbidities. Compared with infants of non-vaccinated women, infants of vaccinated women had similar adjusted ORs (95 % CI) for LBW (0.91; 0.79-1.04), preterm birth (0.99; 0.89-1.10), SGA (0.97; 0.90-1.05), low Apgar score (1.05, 0.84-1.31), and a marginal risk reduction for caesarean section (0.94, 0.89-0.99). H1N1 vaccination during pregnancy, using an AS03-adjuvanted vaccine, does not appear to adversely influence offspring risks of LBW, preterm birth, SGA, or low Apgar score. Our results suggest that this vaccine is safe for the offspring when used in different stages of pregnancy. © 2013 Springer Science+Business Media Dordrecht.",,
DES-345,27576,SCOPUS_ID:34047197668,10.1093/eurpub/ckl097,'It's interesting how few people die from smoking': Tobacco industry efforts to minimize risk and discredit health promotion,European Journal Of Public Health,2007,Other/None,Qualitative,Qualitative,Other/None,Qualitative,Qualitative,False,False,False,False,False,Mass media; Smoking cessation; Tobacco industry,"Background: It is well known that the tobacco industry has placed articles in scientific literature to maintain controversy over the dangers of tobacco use, while claiming that smokers are well-informed about risk. This study illuminates an industry attempt to directly undermine popular understanding of the hazards of smoking using an industry-created organization called Associates for Research in the Science of Enjoyment (ARISE). Methods: Searches of tobacco industry documents contained in the Legacy Tobacco Documents Library, British American Tobacco Documents Library, and British Columbia's Tobacco Industry documents were performed as well as searches of the LexisNexis database for news articles on ARISE published between 1989 and 2005. Qualitative analysis focused on industry motives, media strategies, and rhetorical tactics; quantitative content analysis focused on media coverage. Results: Between 1989 and 2005, at least 846 articles appeared in the European, Australian, and US press mentioning ARISE, its members, or its activities. Many of these articles presented two themes: smoking was a healthful 'pleasure', and health promotion practices, including cessation, were stressful and unhealthy. Few articles included responses from health advocates, questioned ARISE's claims, or mentioned its funding. Conclusions: ARISE successfully planted stories in the press, designed to allay the health concerns of smokers and to discredit health promotion information and practices. ARISE's later interest in food suggests that counterfactual 'health' messages on almost any topic could be promoted similarly, regardless of their implausibility. © The Author 2006. Published by Oxford University Press on behalf of the European Public Health Association. All rights reserved.",,
DES-346,34023,SCOPUS_ID:85100358342,10.1093/ije/dyaa133,Maternal life and work stressors during pregnancy and asthma in offspring,International Journal Of Epidemiology,2020,Other/None,Cohort,Cohort,Other/None,Cohort,Cohort,False,False,False,False,False,bereavement; childhood asthma; job-exposure matrix; Negative life events; occupational exposure; stress,"Background: Maternal stressors during pregnancy are potential risk factors for asthma in offspring. However, previous studies have been limited by the use of self-reported data focusing on stressors either in private life or at work. This study examined the association between maternal stressors both in private life and at work during pregnancy and asthma in offspring. Methods: In the Danish National Birth Cohort, 75 156 live-born singletons born during 1996-2002 were identified. Maternal information on job title were available around weeks 12-16 of gestation. Data on maternal bereavement, life-threatening illness, suicide attempt and alcohol or drug abuse of a close relative and offspring childhood asthma (3-10 years of age) were obtained from Danish nationwide registers. Maternal psychosocial work stressors (job control, psychological job demands, emotional job demands, work-related violence and threats of work-related violence) were estimated by the use of job-exposure matrices. The association between maternal stress and childhood asthma was analysed in Cox models adjusted for maternal age, comorbidity and parity. Results: Neither private-life nor work stressors were related to onset of asthma in offspring. Separate analyses by parental atopy or onset of asthma in offspring supported the main findings. Conclusions: This study does not support an elevated risk of childhood asthma related to exposure to stress during pregnancy.",,
DES-347,45354,SCOPUS_ID:85166343792,10.1016/j.ypmed.2023.107645,US state laws relevant to incentives for health behavior: A qualitative analysis,Preventive Medicine,2023,Qualitative,Other/None,Qualitative,Other/None,Qualitative,Qualitative,False,False,False,False,True,Contingency management; Health behavior; Health legislation; Incentive; Laws and statutes; Substance use disorder; Wellness programs,"Contingency management (CM) involves provision of incentives for positive health behaviors via a well-defined protocol and is among the most effective treatments for patients with substance use disorders (SUDs). An understanding of laws affecting incentives for health behaviors and outcomes, including contexts in which incentives are already permitted, could inform efforts to disseminate CM. We conducted a systematic NexisUni legal database review of state statutes and regulations effective during 2022 to identify (a) laws that explicitly permit or prohibit delivery of incentives to patients, employees, or insurance beneficiaries for SUD-specific behaviors or outcomes, and (b) laws that explicitly permit delivery of incentives for any health behaviors or outcomes. We identified 27 laws across 17 jurisdictions that explicitly permit delivery of incentives for SUD-related behaviors or outcomes, with most occurring in the context of wellness programs. No state laws were identified that explicitly prohibit SUD-specific incentives. More broadly, we identified 57 laws across 29 jurisdictions permitting incentives for any health outcomes (both SUD- and non-SUD-related). These laws occurred in the contexts of wellness programs, K-12/early childhood education, government public health promotion, and SUD treatment provider licensing. Considering the urgent need to expand evidence-based SUD treatment in rural and underserved areas throughout the US, these findings could inform efforts to develop laws explicitly permitting provision of incentives in SUD care and enhance efforts to disseminate CM more broadly.",,
DES-348,9317,SCOPUS_ID:36048983381,10.1016/j.amepre.2007.09.013,Smoking Cessation. A Critical Component of Medical Management in Chronic Disease Populations,American Journal Of Preventive Medicine,2007,Other/None,Other/None,Other/None,Other/None,Other/None,Other/None,False,False,False,False,False,,"Many innovative and effective smoking-cessation treatments, both behavioral and pharmacologic, have been developed over the past several decades. However, these treatments traditionally have been developed for use with populations of healthy smokers. Despite the disease management implications, efforts to design and evaluate cessation interventions targeting smokers diagnosed with chronic diseases are reported infrequently in the literature. The purpose of this paper is to provide a brief overview of the evidence linking continued smoking to disease progression and adverse treatment outcomes across a range of common chronic diseases: cardiovascular disease (CVD), chronic obstructive pulmonary disease (COPD), diabetes, asthma, cancer, and human immunodeficiency virus/acquired immunodeficiency syndrome (HIV/AIDS). Where studies are available, the efficacy of smoking-cessation interventions specifically developed or applied to these patient populations is reviewed. Finally, limitations and gaps in smoking research and treatment with chronically ill patients are discussed, and future research priorities are recommended. © 2007 American Journal of Preventive Medicine.",,
DES-349,40065,SCOPUS_ID:0344609326,10.1006/pmed.1998.0370,A randomized community trial to increase mammography utilization among low-income women living in public housing,Preventive Medicine,1998,Other/None,Experimental,Experimental,Other/None,Experimental,Other/None,False,False,False,False,False,Breast neoplasms; Cancer; Health behavior; Intervention studies; Mammography; Mass screening; Poverty; Public housing,"Background. A randomized trial was conducted to evaluate the impact of a community-based intervention on mammography use among low-income women living in public housing. Methods. All 41 public housing high-rise buildings were randomized to treatment and delayed treatment (control) conditions. After a cross-sectional baseline survey, an intervention called Friend to Friend was conducted in the treatment buildings by American Cancer Society and building resident volunteers. The intervention consisted of a health professional talk, small group discussions, and an opportunity to request assistance in obtaining a mammogram or mammogram reminder. A second cross-sectional survey was conducted to measure differences in screening rates between the study groups. Results. Participation in the intervention averaged 27%. The study groups were equivalent at baseline. At follow-up, the proportion of women age 50-79 years who reported mammography screening in the previous 15 months was significantly higher in the treatment group (64%) than in the control group (52%). Breast cancer knowledge, attitudes, and beliefs did not differ between groups. Conclusions. These findings suggest that a multidimensional intervention which reaches women within their social environment and uses community volunteers can increase mammography utilization among women in public housing.",,
DES-350,4907,SCOPUS_ID:77958111908,10.1093/aje/kwq226,"Maternal alcohol consumption, alcohol metabolism genes, and the risk of oral clefts: A population-based case-control study in Norway, 1996-2001",American Journal Of Epidemiology,2010,Case-control,Case-control,Case-control,Other/None,Case-control,Case-control,False,False,False,False,False,alcohol drinking; alcoholic beverages; cleft lip; cleft palate; genetic research; maternal exposure; pregnancy,"Heavy maternal alcohol consumption during early pregnancy increases the risk of oral clefts, but little is known about how genetic variation in alcohol metabolism affects this association. Variants in the alcohol dehydrogenase 1C (ADH1C) gene may modify the association between alcohol and clefts. In a population-based case-control study carried out in Norway (1996-2001), the authors examined the association between maternal alcohol consumption and risk of oral clefts according to mother and infant ADH1C haplotypes encoding fast or slow alcohol-metabolizing phenotypes. Subjects were 483 infants with oral cleft malformations and 503 control infants and their mothers, randomly selected from all other livebirths taking place during the same period. Mothers who consumed 5 or more alcoholic drinks per sitting during the first trimester of pregnancy had an elevated risk of oral cleft in their offspring (odds ratio (OR) = 2.6, 95% confidence interval (CI): 1.4, 4.7). This increased risk was evident only in mothers or children who carried the ADH1C haplotype associated with reduced alcohol metabolism (OR= 3.0, 95% CI: 1.4, 6.8). There was no evidence of alcohol-related risk when both mother and infant carried only the rapid-metabolism ADH1C variant (OR = 0.9, 95% CI: 0.2, 4.1). The teratogenic effect of alcohol may depend on the genetic capacity of the mother and fetus to metabolize alcohol. © 2010 The Author.",,
DES-351,10623,SCOPUS_ID:84906303468,10.1016/j.amepre.2014.05.021,Experiences and wisdom behind the numbers: Qualitative analysis of the national action alliance for suicide prevention's research prioritization task force stakeholder survey,American Journal Of Preventive Medicine,2014,Qualitative,Qualitative,Qualitative,Other/None,Qualitative,Qualitative,False,False,False,False,False,,"Background: The Research Prioritization Task Force of the National Action Alliance for Suicide Prevention conducted a stakeholder survey including 716 respondents from 49 U.S. states and 18 foreign countries. Purpose: To conduct a qualitative analysis on responses from individuals representing four main stakeholder groups: attempt and loss survivors, researchers, providers, and policy/administrators. This article focuses on a qualitative analysis of the early-round, open-ended responses collected in a modified online Delphi process, and, as an illustration of the research method, focuses on analysis of respondents' views of the role of life and emotional skills in suicide prevention. Methods: Content analysis was performed using both inductive and deductive code and category development and systematic qualitative methods. After the inductive coding was completed, the same data set was re-coded using the 12 Aspirational Goals (AGs) identified by the Delphi process. Results: Codes and thematic categories produced from the inductive coding process were, in some cases, very similar or identical to the 12 AGs (i.e., those dealing with risk and protective factors, provider training, preventing reattempts, and stigma). Other codes highlighted areas that were not identified as important in the Delphi process (e.g., cultural/social factors of suicide, substance use). Conclusions: Qualitative and mixed-methods research are essential to the future of suicide prevention work. By design, qualitative research is explorative and appropriate for complex, culturally embedded social issues such as suicide. Such research can be used to generate hypotheses for testing and, as in this analysis, illuminate areas that would be missed in an approach that imposed predetermined categories on data.",,
DES-352,742,SCOPUS_ID:0027443408,10.1093/oxfordjournals.aje.a116885,"Long-term risk of hysterectomy among 80,007 sterilized and comparison women at kaiser permanente, 1971-1987",American Journal Of Epidemiology,1993,Other/None,Other/None,Other/None,Cohort,Cohort,Cohort,False,False,False,False,False,"Cohort studies; Health maintenance organizations; Hysterectomy; Longitudinal studies; Sterilization, tubal","To study the long-term risk of hysterectomy after tubal sterilization, the authors analyzed historical hospital discharge data on 39,502 parous women sterilized during 1971-1984 and 40,505 comparison women matched on age, race, parity, and interval since last birth. Sterilized women were significantly more likely than were comparison women to undergo hysterectomy (relative risk (RR) = 1.35, 95% confidence interval (Cl) 1.26- 1.44), especially for diagnoses of menstrual dysfunction and pelvic pain (RR = 1.88, 95% Cl 1.65-2.13). Higher relative risks were not associated with greater tissue-destructive methods of tubal occlusion. Relative risks were highest for women who were young on the reference date (RR = 2.45, 95% Cl 1.79-3.36 for women aged 20-24 years), but declined steadily as age increased (RR = 0.96, 95% Cl 0.72-1.28 for women aged 40-49 years). In all age groups, relative risks were significantly above 1.00 after 7 years of follow-up. Reasons for elevated risks may be related to a greater willingness of sterilized women to forgo their uteruses. The emergence of greater risk in all age groups, however, prevents the authors from ruling out a possible latent biologic effect of tubal sterilization. © 1993 by The Johns Hopkins University School of Hygiene and Public Health.",,
DES-353,24417,SCOPUS_ID:0032804298,10.1023/a:1007594911541,Influenza vaccines: Antibody responses to split virus and MF59- adjuvanted subunit virus in an adult population,European Journal Of Epidemiology,1999,Other/None,Other/None,Other/None,Other/None,Other/None,Other/None,False,False,False,False,False,Adjuvant; Immune response; Influenza; Vaccination,"The humoral immune response generated by two commercial influenza vaccines was evaluated in a randomised, double-blind trial performed in the Public Department of Dolo Health District (Northeast Italy) during the winter season 1997-1998. Ninety-eight subjects were immunised with a split virus vaccine and ninety-six with a MF59-adjuvanted subunit virus vaccine (SU/MF59). The pre- and postvaccination (~30 days) antibody titres were determined by hemagglutination inhibition test (HI). After immunisation protective titre rates (≥1:40) were near 100% against virus A strain and 82.5% against B strain. Both vaccines caused significant rises in geometric mean antibody titres (GMTs); however, people who received SU/MF59 vaccine were found to develop a greater immune response compared to the group immunised with SVV. According to logistic regression analysis the unprotective prevaccination immune status and the use of SU/MF59 were identified as independent factors significantly increasing the response to immunisation.",,
DES-354,9983,SCOPUS_ID:80053330684,10.1016/j.amepre.2011.06.003,Integration of community health teaching in the undergraduate medicine curriculum at the University of Toronto,American Journal Of Preventive Medicine,2011,Other/None,Ecological / Time-series,Ecological / Time-series,Other/None,Ecological / Time-series,Ecological / Time-series,False,False,False,False,False,,"Background: In 1999, Determinants of Community Health was introduced at the Faculty of Medicine, University of Toronto. The course spanned all 4 years of the undergraduate curriculum and focused on addressing individual patient and community needs, prevention and population health, and diverse learning contexts. Purpose: To demonstrate the value of an integrated, longitudinal approach to the efficiency of delivering a public health curriculum. Design: Time-series comparing the curricular change over two periods of time. Setting/participants: Undergraduate medical students from 1993 to 2009. Intervention: Using a spiral curriculum, the educational materials are integrated across all 4 years, based on the concept of medical decision making in a community context. Main outcome measures: This study compares measures of student satisfaction and national rankings of the University of Toronto with the other 16 Canadian medical schools for the ""Population Health, Ethical, Legal, and Organizational aspects of the practice of medicine"" component of the Medical Council of Canada Qualifying Examination Part 1. Results: The University of Toronto has been ranked either first or second place nationally, in comparison to lower rankings in previous years (p<0.02 on the KruskalWallis test). Student ratings indicated the course was comparable to others in the curriculum. Conclusions: For the same amount of curricular time, an integrated spiral curriculum for teaching public health appears to be more effective than traditional approaches. © 2011 American Journal of Preventive Medicine.",,
DES-355,17876,SCOPUS_ID:81555196091,10.2105/ajph.2011.300263,An innovative method to involve community health workers as partners in evaluation research,American Journal Of Public Health,2011,Other/None,Qualitative,Qualitative,Other/None,Qualitative,Qualitative,False,False,False,False,False,,"Objectives: We developed a process through which community outreach workers, whose role is not typically that of a trained researcher, could actively participate in collection of qualitative evaluation data. Methods: Outreach workers for a community-based intervention project received training in qualitative research methodology and certification in research ethics. They used a Voice over Internet Protocol phone-in system to provide narrative reports about challenges faced by women they encountered in their outreach activities as well as their own experiences as outreach workers. Results: Qualitative data contributed by outreach workers provided insights not otherwise available to the evaluation team, including details about the complex lives of underserved women at risk for poor pregnancy outcomes and the challenges and rewards of the outreach worker role. Conclusions: Lay health workers can be a valuable asset as part of a research team. Training in research ethics and methods can be tailored to their educational level and preferences, and their insights provide important information and perspectives that may not be accessible via other data collection methods. Challenges encountered in the dual roles of researcher and lay health worker can be addressed in training.",,
DES-356,39226,SCOPUS_ID:85111300048,10.1016/s2468-2667(21)00052-9,Impact of minimum unit pricing on alcohol purchases in Scotland and Wales: controlled interrupted time series analyses,The Lancet Public Health,2021,Quasi-experimental,Quasi-experimental,Quasi-experimental,Other/None,Quasi-experimental,Other/None,False,True,False,True,True,,"Background: As a policy option to reduce consumption of alcohol and the harm it does, on May 1, 2018, Scotland introduced a minimum price of 50 British pence (p) per unit of alcohol (8 g) sold; Wales followed suit on March 2, 2020, with the same minimum unit price (MUP). We analysed household purchase data based on bar codes to assess the impact of these policy options in the medium term for Scotland and in the immediate term for Wales. Methods: For these location-controlled, interrupted time series regression analyses, the data source was Kantar WorldPanel's household shopping panel, which, at the time of our analysis, included 35 242 British households providing detailed information on 1·24 million separate alcohol purchases in 2015–18 and the first half of 2020. With no data exclusions, we analysed the impact of introducing MUP in Scotland, using purchases in northern England as control, and in Wales, using western England as control. The studied changes associated with MUP were price paid per gram of alcohol purchased, grams of alcohol purchased, and amount of money spent on alcohol. Findings: In Scotland, price increases and purchase decreases following the introduction of MUP in 2018 were maintained during the first half of 2020. The difference between Scotland and northern England in 2020 was a price increase of 0·741 p per gram (95% CI 0·724–0·759), a 7·6% increase, and a purchase decrease of 7·063 g per adult per household per day that an alcohol purchase was made (6·656–7·470), a 7·7% decrease. In Wales, the introduction of MUP led to similar results. The difference between Wales and western England was a price increase 0·841 of 0·841 p per gram (0·732–0·951), an 8·2% increase, and a purchase decrease of 7·052 g per adult per household per day that an alcohol purchase was made (6·463–7·640), an 8·6% decrease. For both Scotland and Wales, reductions in overall purchases of alcohol were largely restricted to households that bought the most alcohol. The introduction of MUP was not associated with an increased expenditure on alcohol by households that generally bought small amounts of alcohol and, in particular, those with low incomes. The changes were not affected by the introduction of COVID-19 confinement in the UK on March 26, 2020. Interpretation: The evidence base supporting the positive, targeted impact of MUP is strengthened by the comparable results for Scotland and Wales. The short-term impact of MUP in Scotland during 2018 is maintained during the first half of 2020. MUP is an effective alcohol policy option to reduce off-trade purchases of alcohol and should be widely considered. Funding: None.",,
DES-357,1045,SCOPUS_ID:0028267147,10.1093/oxfordjournals.aje.a117077,Nonresponse pattern and bias in a community-based cross-sectional study of cognitive functioning among the elderly,American Journal Of Epidemiology,1994,Cross-sectional,Cross-sectional,Cross-sectional,Cross-sectional,Cross-sectional,Cross-sectional,True,True,False,True,False,Aged; Cognition; Cross-sectional studies; Epidemiologic methods; Family practice,"The demcgraphic, health, and mental functioning characteristics of nonresponders to a communrty-based cross-sectional study of cognitive functioning among the elderly in Amsterdam, the Netherlands (Amsterdam Study of the Elderly (AMSTEL), October 1990 to May 1991), were examined and compared with responders. The randomly selected age-stratified (65-74, 75-84 years) sample was drawn from nonresponders listed with a subsample (n = 8) of general practitioners whose lists served as the sampling frame for the main study. The general practitioners approached and interviewed the responding nonresponders using the same standardized questions that were used in the main study. Nonresponders (n = 115) and responders (n = 999) from the same medical practices were compared by means of chi-square and odds ratios. Compared with responders, these nonresponders more often reported a history of psychiatric illness, heart attack, stroke, and diabetes, and were more likely to be unmarried, to have a lower education, and to do poorly on the cognitive test (odds ratio = 1.6, 95% confidence interval 1.0-2.6). Most significant physical and mental health differences by response status were seen among the persons aged <75 years and not among those aged ≥75 years. The odds for poor cognitive test performance associated with age and stroke were relatively more biased than those associated with other risk factors. These results suggest that the characteristics of young-old and old-old elderly nonresponders to crosssectional studies of cognitive function may differ, and that there may be selective nonresponse that could bias, to a different degree, estimates of risk for poor cognitive functioning. Studies should investigate the possibilities for nonresponse in their own setting. © 1994 by The Johns Hopkins University School Of Hygiene and Public Health.",,
DES-358,27392,SCOPUS_ID:20644470941,10.1093/eurpub/cki102,How is your health in general? A qualitative study on self-assessed health,European Journal Of Public Health,2005,Qualitative,Qualitative,Qualitative,Qualitative,Qualitative,Qualitative,False,False,False,False,False,Qualitative study; Selfassessed health; Stratified sample; Subgroup differences,"Background: The single-item measure on self-assessed health has been widely used, as it presents researchers with a summary of an individual's general state of health. A qualitative study was initiated to find out which particular aspects are included in health self-assessments; which aspects do people consider when answering the question 'How is your health in general?'. Subgroup differences were studied with respect to gender, age, health status and health assessment. Methods: Qualitative study with stratification by background characteristic, health status and health assessment (n = 40). Results: Almost 80% of the participants referred to one or more physical aspects (chronic illness, physical problems, medical treatment, age-related complaints, prognosis, bodily mechanics, and resilience). However, when assessing their health, participants also include aspects that go beyond the physical dimension of health. In total, 80 percent of the participants-whether or not in addition to physical aspects-referred to other health dimensions. Besides physical aspects, participants considered the extent to which they are able to perform (functional dimension -28%), the extent to which they adapted to, or their attitude towards an existing illness (coping dimension - 28%), and simply the way they feel (wellbeing dimension -20%). In this study, health behaviour or lifestyle factors (behavioural dimension -3%) proved to be relatively unimportant in health selfassessments. Conclusions Self-assessed health proved to be a multidimensional concept. For most part, subgroup differences in self-assessed health could be attributed to experience with ill health: being relatively inexperienced with health problems versus having a history of health problems. © The Author 2005. Published by Oxford University Press on behalf of the European Public Health Association. All rights reserved.",,
DES-359,11258,SCOPUS_ID:85021341801,10.1016/j.amepre.2017.04.014,Recent Patterns in Genetic Testing for Breast and Ovarian Cancer Risk in the U.S.,American Journal Of Preventive Medicine,2017,Other/None,Quasi-experimental,Quasi-experimental,Other/None,Quasi-experimental,Quasi-experimental,False,True,False,True,True,,"Introduction Mutations in BRCA genes are strongly associated with increased risk of breast and ovarian cancer, and it is recommended that women at high risk for these mutations be referred for genetic counseling and testing. The Affordable Care Act (ACA) provision implemented in 2010 eliminated cost sharing for BRCA genetic testing for privately insured women with family history of BRCA-related cancers. Methods Using a nationally representative sample from the National Health Interview Survey, this study examined trends in genetic testing for breast and ovarian cancer risk from 2005 to 2015 among women by family history and insurance status. To assess the impact of the ACA provision, a difference-in-differences strategy was used to compare changes in genetic testing after ACA implementation between women with a family history of breast or ovarian cancer and those with a family history of other cancers, stratified by insurance type. Analyses were conducted in 2016. Results Genetic testing for breast and ovarian cancer risk increased among women with private or public insurance, but not among uninsured women. Among privately insured women, those with family history of breast or ovarian cancer experienced a net increase of 2.9 percentage points (p=0.001) over those with a family history of other cancers, but no significant difference was observed among women with public insurance, suggesting a positive effect of the ACA provision. Conclusions This study underscores the continued need to improve access to care for all populations. Future work should monitor the impact of policy on genetic testing among the high-risk population.",,
DES-360,543,SCOPUS_ID:0026657505,10.1093/oxfordjournals.aje.a116520,Efficiency loss from categorizing quantitative exposures into qualitative exposures in case-control studies,American Journal Of Epidemiology,1992,Other/None,Qualitative,Qualitative,Case-control,Qualitative,Qualitative,True,True,False,True,False,Case-control studies; Epidemiologic methods; Models; Odds ratio; Statistical; Statistics,"In the analysis of data from case-control studies, quantitative exposure variables are frequently categorized into qualitative exposure variables, such as quarters. The qualitative exposure variables may be scalar variables that take the median values of each quantile interval, or they may be vectors of indicator variables that represent each quantile interval. In a qualitative analysis, the scalar variables may be used to test the dose-response relation, while the indicator variables may be used to estimate odds ratios for each higher quantile interval versus the lowest. Qualitative analysis, implicitly and explicitly documented by many epidemiologists and biostatisticians, has several desirable advantages (induding simple interpretation and robustness in the presence of a misspedfled model or outlier values). In a quantitative analysis, the quantitative exposure variables may be directly regressed to test the dose-response relation, as well as to estimate odds ratios of interest. As this paper demonstrates, quantitative analysis is generally more efficient than qualitative analysis. Through a Monte Carlo simulation study, the authors estimated the loss of efficiency that results from categorizing a quantitative exposure variable by quartiles in case-control studies with a total of 200 cases and 200 controls. In the analysis of the dose-response relation, this loss is about 30% or more; the percentage may reach about 50% when the odds ratio for the fourth quartile interval versus the lowest is around 4. In estimating odds ratios, the loss of efficiency for the second, third, and fourth quartile intervals versus the lowest is around 90%, 75%, and 40%, respectively. The authors consider the pros and cons of each analytic approach, and they recommend that 1) qualitative analysis be used initially to estimate the odds ratios for each higher quantile interval versus the lowest to examine the dose-response relation and determine the appropriateness of the assumed underlying model; and 2) quantitative analysis be used to test the dose-response relation under a plausible log odds ratio model. © 1992 by The Johns Hopkins University School of Hygiene and Public Health.",,
DES-361,42318,SCOPUS_ID:79954594076,10.1016/j.ypmed.2011.03.010,A feasibility study of a personalised lifestyle programme (HealthForce) for individuals who have participated in cardiovascular risk screening,Preventive Medicine,2011,Other/None,Experimental,Experimental,Other/None,Experimental,Experimental,False,False,False,False,False,Cardiovascular screening; Feasibility study; Intervention; Obesity; Weight management,"Objective: To assess the feasibility of a lifestyle intervention, focusing on diet and activity, in adults participating in cardiovascular screening. Methods: The 12-week lifestyle intervention comprised three personalised counselling sessions plus telephone contact. Outcome data were collected by anthropometry, activity monitoring and lifestyle questionnaires. Acceptability of study measures was assessed by questionnaire and the intervention delivery by in-depth interviews. Results: Between June 2008 and March 2009, 75 (62%) of 121 eligible individuals were recruited from Tayside, Scotland. Randomisation was to intervention (IV) (n= 55) or comparison group (CG) (n= 20). Retention was 99% across both groups. In the IV group, 63% increased moderate-vigorous activity by ≥ 30. minutes/week, 82% successfully maintained or lost weight (mean loss 1.1. kg, and 2.6. cm waist circumference) and 85% reported eating five portions of fruit and vegetables compared with 56% at baseline. No behaviour changes were detected in the CG. Feedback highlighted the value of lifestyle ""checks,"" realising that current habits were sub-optimal, receiving personalised advice on specific behaviours, and feeling ""healthier"" through participation. Conclusions: HealthForce was feasible to deliver and implement, acceptable to participants, and associated with reported changes in health behaviours over a 12-week period. International Standard Randomised Controlled Trial Number: 38976321. © 2011 Elsevier Inc.",,
DES-362,22236,SCOPUS_ID:17844375458,10.1097/01.ede.0000158742.11877.99,Influence of body size and body fat distribution on risk of uterine leiomyomata in U.S. black women,Epidemiology,2005,Other/None,Cohort,Cohort,Other/None,Cohort,Cohort,False,False,False,False,False,,"Background: Uterine leiomyomata are a major source of morbidity in black women. We prospectively investigated the risk of self-reported uterine leiomyomata in relation to body mass index (BMI), weight change, height, waist and hip circumferences, and waist-to-hip ratio in a large cohort of U.S black women. Methods: Data were derived from the Black Women's Health Study, a U.S. prospective cohort study of black women who complete biannual mailed health questionnaires. From 1997 through 2001, we followed 21,506 premenopausal women with intact uteri and no prior diagnosis of uterine leiomyomata. Cox regression models were used to estimate incidence rate ratios (IRRs) and 95% confidence intervals (CIs). Results: After 70,345 person-years of follow up, 2146 new cases of uterine leiomyomata confirmed by ultrasound (n = 1885) or hysterectomy (n = 261) were self-reported. Compared with the thinnest women (BMI <20.0 kg/m2), the multivariate IRRs for women with BMIs of 20.0-22.4, 22.5-24.9, 25.0-27.4, 27.5-29.9, 30.0-32.4, and 32.5+ kg/m2 were 1.34 (95% CI = 1.02-1.75), 1.39 (1.07-1.81), 1.45 (1.12-1.89), 1.47(1.11-1.93), 1.36 (1.02-1.80), and 1.21 (0.93-1.58), respectively. IRRs were larger among parous women. Weight gain since age 18 was positively associated with risk, but only among parous women. No other anthropometric measures were associated with risk. Conclusions: BMI and weight gain exhibited a complex relation with risk of uterine leiomyomata in the Black Women's Health Study. The BMI association was inverse J-shaped and findings were stronger in parous women. Weight gain was positively associated with risk among parous women only. Copyright © 2005 by Lippincott Williams & Wilkins.",,
DES-363,38861,SCOPUS_ID:85164409882,10.1136/jech-2022-219654,Could diabetes prevention programmes result in the widening of sociodemographic inequalities in type 2 diabetes? Comparison of survey and administrative data for England,Journal Of Epidemiology And Community Health,2023,Other/None,Cohort,Cohort,Other/None,Cohort,Cohort,False,False,False,False,True,diabetes mellitus; health inequalities; prevention; primary health care,"Background The NHS Diabetes Prevention Programme (DPP) in England is a behavioural intervention for preventing type 2 diabetes mellitus (T2DM) among people with non-diabetic hyperglycaemia (NDH). How this programme affects inequalities by age, sex, limiting illnesses or disability, ethnicity or deprivation is not known. Methods We used multinomial and binary logistic regression models to compare whether the population with NDH at different stages of the programme are representative of the population with NDH: stages include (1) prevalence of NDH (using survey data from UK Household Longitudinal Study (n=794) and Health Survey for England (n=1383)); (2) identification in primary care and offer of programme (using administrative data from the National Diabetes Audit (n=1 267 350)) and (3) programme participation (using programme provider records (n=98 024)). Results Predicted probabilities drawn from the regressions with demographics as each outcome and dataset identifier as predictors showed that younger adults (aged under 40) (4% of the population with NDH (95% CI 2.4% to 6.5%)) and older adults (aged 80 and above) (12% (95% CI 9.5% to 14.2%)) were slightly under-represented among programme participants (2% (95% CI 1.8% to 2.2%) and 8% (95% CI 7.8% to 8.2%) of programme participants, respectively). People living in deprived areas were under-represented in eight sessions (14% (95% CI 13.7% to 14.4%) vs 20% (95% CI 16.4% to 23.6%) in the general population). Ethnic minorities were over-represented among offers (35% (95% CI 35.1% to 35.6%) vs 13% (95% CI 9.1% to 16.4%) in general population), though the proportion dropped at the programme completion stage (19% (95% CI 18.5% to 19.5%)). Conclusion The DPP has the potential to reduce ethnic inequalities, but may widen socioeconomic, age and limiting illness or disability-related inequalities in T2DM. While ethnic minority groups are over-represented at the identification and offer stages, efforts are required to support completion of the programme. Programme providers should target under-represented groups to ensure equitable access and narrow inequalities in T2DM.",,
DES-364,16939,SCOPUS_ID:35748940993,10.2105/ajph.2006.094615,Motorcycle safety and the repeal of universal helmet laws,American Journal Of Public Health,2007,Other/None,Ecological / Time-series,Ecological / Time-series,Other/None,Ecological / Time-series,Ecological / Time-series,False,False,False,False,False,,"Objectives. We assessed the implications for motorcyclist safety of recent repeals of universal helmet laws in 6 US states. Methods. We examined cross-sectional time-series data from the 50 states and the District of Columbia for the period 1975 through 2004. Results. On average, when compared to state experience with no helmet mandate, universal helmet laws were associated with an 11.1% reduction in motorcyclist fatality rates, whereas rates in states with partial coverage statutes were not statistically different from those with no helmet law. Furthermore, in the states in which recent repeals of universal coverage have been instituted, the motorcyclist fatality rate increased by an average of 12.2% over what would have been expected had universal coverage been maintained. Since 1997, an additional 615 motorcyclist fatalities have occurred in these states as a result of these changes in motorcycle helmet laws. Conclusions. Motorcyclist safety has been compromised in the states that have repealed universal coverage and is likely to be compromised in other states that abandon these statutes.",,
DES-365,22272,SCOPUS_ID:33750488434,10.1097/01.ede.0000239688.70829.63,Impact of high temperatures on mortality: Is there an added heat wave effect?,Epidemiology,2006,Other/None,Ecological / Time-series,Ecological / Time-series,Other/None,Ecological / Time-series,Ecological / Time-series,False,False,False,False,True,,"BACKGROUND: Mortality during sustained periods of hot weather is generally regarded as being in excess of what would be predicted from smooth temperature-mortality gradients estimated using standard time-series regression models. However, the evidence for an effect of continuous days of exceptional heat (""heat wave effect"") is indirect. In addition, because some interventions may be triggered only during forecasted heat waves, it would be helpful to know what fraction of all heat-related deaths falls during these specific periods and what fraction occurs throughout the remainder of the summer. METHODS: Extended time-series data sets of daily mortality counts in 3 major European cities (London, 28 years of data; Budapest, 31 years; Milan, 18 years) were examined in relation to hot weather using a generalized estimating equations approach. We modeled temperature and specific heat wave terms using a variety of specifications. RESULTS: With a linear effect of same-day temperature above an identified threshold, an additional ""heat wave"" effect of 5.5% was observed in London (95% confidence interval = 2.2 to 8.9), 9.3% in Budapest (5.8 to 13.0), and 15.2% in Milan (5.7 to 22.5). Heat wave effects were reduced slightly when we relaxed the linear assumption and these effects were reduced substantially when temperature was modeled as an average value of lags 0 to 2 days. In London, fewer than half of all heat-related deaths could be attributed to identified heat wave periods. In Milan and Budapest, the fraction was less than one fifth. CONCLUSIONS: Heat wave effects were apparent in simple time-series models but were reduced in multilag nonlinear models and small when compared with the overall summertime mortality burden of heat. Reduction of the overall heat burden requires preventive measures in addition to those that target warnings and responses uniquely to heat waves. © 2006 Lippincott Williams & Wilkins, Inc.",,
DES-366,32145,SCOPUS_ID:3242886215,10.1093/ije/dyh093,Impact of social standing on injury prevention in a World Health Organization Safe Community - Intervention outcome by household employment contract,International Journal Of Epidemiology,2004,Other/None,Quasi-experimental,Quasi-experimental,Other/None,Quasi-experimental,Quasi-experimental,False,True,False,True,True,,"Background. Although social inequality in health has been an argument for community-based injury prevention programmes, intervention outcomes with regard to differences in social standing have not been analysed. The objective of this study was to investigate rates of injuries treated in health-care among members of households at different levels of labour market integration before and after the implementation of a WHO Safe Community programme. Methods. A quasi-experimental design was used with pre- and post-implementation data collection covering the total populations <65 years of age during one year in the programme implementation municipality (population 41 000) and in a control municipality (population 26 000). Changes in injury rates were studied using prospective registration of all acute care episodes with regard to social standing in both areas during the study periods. Results. Male members of households categorized as not vocationally active displayed the highest pre-intervention injury rates. Also after the intervention, males in households classified as not vocationally active displayed notably elevated injury rates in both the control and study areas. Households in the study area in which the significant member was employed showed a post-intervention decrease in injury rate among both men (P < 0.001) and women (P < 0.01). No statistically significant change was observed in households in which the significant member was self-employed or not vocationally active. In the control area, only an aggregate-level decrease (P < 0.05) among members of households in which the significant member was employed was observed. Conclusions. The study displayed areas for improvement in the civic network-based WHO Safe Community model. Even though members of non-vocationally active households, in particular men, were at higher pre-intervention injury risk, they were not affected by the interventions. This fact has to be addressed when planning future community-based injury prevention programmes. © International Epidemiological Association 2004; all rights reserved.",,
DES-367,23781,SCOPUS_ID:85135753773,10.1097/ede.0000000000001506,"Thunderstorms, Pollen, and Severe Asthma in a Midwestern, USA, Urban Environment, 2007-2018",Epidemiology,2022,Other/None,Ecological / Time-series,Ecological / Time-series,Other/None,Ecological / Time-series,Ecological / Time-series,False,False,False,False,False,,"Background: Previous research has shown an association between individual thunderstorm events in the presence of high pollen, commonly called thunderstorm asthma, and acute severe asthma events, but little work has studied risk over long periods of time, using detailed measurements of storms and pollen. Methods: We estimated change in the risk of asthma-related emergency room visits related to thunderstorm asthma events in the Minneapolis-St. Paul metropolitan area over the years 2007-2018. We defined thunderstorm asthma events as daily occurrence of two or more lightning strikes during high pollen periods interpolating weather and pollen monitor data and modeling lightning counts. We acquired daily counts of asthma-related emergency department visits from the Minnesota Hospital Association and used a quasi-Poisson time-series regression to estimate overall relative risk of emergency department visits during thunderstorm asthma events. Results: We observed a 1.047 times higher risk (95% confidence interval = 1.012, 1.083) of asthma-related emergency department visits on the day of thunderstorm asthma event. Our findings are robust to adjustment for temperature, humidity, wind, precipitation, ozone, PM2.5, day of week, and seasonal variation in asthma cases. Occurrence of lightning alone or pollen alone showed no association with the risk of severe asthma. A two-stage analysis combining individual zip code-level results shows similar RR, and we see no evidence of spatial correlation or spatial heterogeneity of effect. Discussion: Our results support an association between co-occurrence of lightning and pollen and risk of severe asthma events. Our approach incorporates lightning and pollen data and small-spatial area exposure and outcome counts.",,
DES-368,22761,SCOPUS_ID:79955074502,10.1097/ede.0b013e3182117747,Bayesian factor analysis to calculate a deprivation index and its uncertainty,Epidemiology,2011,Other/None,Ecological / Time-series,Ecological / Time-series,Other/None,Ecological / Time-series,Ecological / Time-series,False,False,False,False,True,,"Background: Procedures for calculating deprivation indices in epidemiologic studies often show some common problems because the spatial dependence between units of analysis and uncertainty of the estimates is not usually accounted for. This work highlights these problems and illustrates how spatial factor Bayesian modeling could alleviate them. Methods: This study applies a cross-sectional ecological design to analyze the census tracts of 3 Spanish cities. To calculate the deprivation index, we used 5 socioeconomic indicators that comprise the deprivation index calculated in the MEDEA project. The deprivation index was estimated by a Bayesian factor analysis using hierarchical models, which takes the spatial dependence of the study units into account. We studied the relationship between this index and the one obtained using principal component analysis. Various analyses were carried out to assess the uncertainty obtained in the index. Results: A high correlation was observed between the index obtained and the non-Bayesian index, but this relationship is not linear and there is disagreement between the methods when the areas are grouped according to quantiles. When the deprivation index is calculated using summary statistics based on the posterior distributions, the uncertainty of the index in each census tract is not taken into account. Failure to take this uncertainty into account may result in misclassification bias in the census tracts when these are grouped according to quantiles of the deprivation index. Conclusions: Not taking uncertainty into account may result in misclassification bias in the census tracts. This bias could interfere in subsequent analyses that include the deprivation index. Our proposal provides another tool for identifying groups with greater deprivation and for improving decision-making for public policy planning. Copyright © 2011 by Lippincott Williams & Wilkins.",,
DES-369,27390,SCOPUS_ID:25844434307,10.1093/eurpub/cki087,"Work, retirement and physical activity: Cross-sectional analyses from the Whitehall II study",European Journal Of Public Health,2005,Other/None,Cohort,Cohort,Other/None,Cohort,Cohort,False,False,False,False,False,Physical activity; Retirement; Working,"Background: To explore the relationship between work, retirement and physical activity. Methods: Cross-sectional analyses of data from self-completed questionnaires by 6224 civil servants aged 45-69 years participating in phase 5 of the Whitehall II longitudinal study. Results: There appeared to be a dose-response relationship between hours worked and the prevalence of physical activity, with a lower prevalence of recommended physical activity amongst participants working full time (≥ 30 h/week), higher prevalence rates amongst those working part time (< 30 h/week), and the highest rates amongst participants who were not working at all. Physical activity rates did not increase greatly amongst study participants who had retired from the Civil Service but had gone on to do further full-time work, however, the higher physical activity rates of participants working part time, or not at all, were further enhanced amongst those who had also retired. Conclusions: These findings suggest that full-time work is associated with lower rates of recommended physical activity levels in this cohort of middle-aged white-collar office workers. Lower grade occupations are also less likely to meet the recommended physical activity levels. While retirement is associated with higher rates of recommended physical activity levels, this benefit is evident amongst those who work part time, or not at all, during their retirement, for whom the benefits of retirement and lower working hours on rates of physical activity appear additive. The frequency of different types of physical activity is associated with different occupational grades, with more sport and gardening being done by the higher occupational grades. © The Author 2005. Published by Oxford University Press on behalf of the European Public Health Association. All rights reserved.",,
DES-370,1326,SCOPUS_ID:0028980727,10.1093/oxfordjournals.aje.a117422,Parental exposures to pesticides and risk of wilms' tumor in Brazil,American Journal Of Epidemiology,1995,Other/None,Other/None,Other/None,Case-control,Case-control,Case-control,False,False,False,False,False,Case-control studies; Child; Genetics; Kidney neoplasms; Occupational exposure; Pesticides; Wilms' tumor,"Wilms' tumor is one of the most common abdominal childhood malignancies. Wilms' tumor rates in Brazil are among the highest in the world. This prompted the Brazilian Wilms' Tumor Study Group to conduct hospital-based, multicenter, case-control investigation of environmental risk factors for the disease. Between April 1987 and January 1989, the authors collected information on relevant occupational exposures by interviewing the parents of 109 Wilms' tumor cases admitted to hospitals in Sao Paulo, Salvador, Belo Horizonte, and Jau. Also interviewed were the parents of 218 age- and sex-matched control children who had been admitted for treatment of nonneoplastic diseases to the same or nearby hospitals. Odds ratios (ORs) adjusted for income and education were calculated by conditional logistic regression. Consistently elevated risks were seen for farm work involving frequent use of pesticides by both the father (OR = 3.24, 95% confidence interval (CI) 1.2-9.0) and the mother (OR = 128.6, 95% CI 6.4-2,569). These risk elevations were restricted to cases diagnosed after 2 years of age (ORs>4), for paternal exposure, and after 4 years of age (OR 14.8, 95% CI 2.2-98.8), for maternal exposure. Risk elevations were also more pronounced among boys (paternal exposure OR = 8.56, 95% CI 2.1-35.1; maternal exposure OR = 4.60, 95% CI 0.8-26.4) than among girls (paternal exposure OR = 1.31, 95% CI 0.4-4.1; maternal exposure OR = 2.03, 95% CI 0.5-8.9). Copyright © 1995 by The Johns Hopkins University School of Hygiene and Public Health.",,
DES-371,16589,SCOPUS_ID:14644431001,10.2105/ajph.2004.038349,In their own words: Lessons learned from those exposed to anthrax,American Journal Of Public Health,2005,Other/None,Qualitative,Qualitative,Other/None,Qualitative,Qualitative,False,False,False,False,True,,"Objectives. We evaluated perceptions of workers at the US Postal Service Brentwood Processing and Distribution Center and US Senate employees regarding public health responses to the anthrax mailings of October 2001. We generated recommendations for improving responses to bioterrorism on the basis of the perceptions we recorded. Methods. Transcripts from focus groups conducted with Brentwood and US Senate employees were examined, and qualitative analysis identified common domains. Results. Brentwood focus groups consisted of 36 participants (97% African American and 19% hearing impaired). US Senate focus groups consisted of 7 participants (71% White and 0% hearing impaired). The focus groups revealed that participants' trust in public health agencies had eroded and that this erosion could threaten the effectiveness of communication during future public health emergencies. Among Brentwood participants, lack of trust involved the perception that unfair treatment on the basis of race/ethnicity and socioeconomic status had occurred; among US Senate participants, it derived from perceptions of inconsistent and disorganized messages. Conclusions. Effective communication during a public health emergency depends on the provision of clear messages and close involvement of the affected community. Diverse populations may require individualized approaches to ensure that messages are delivered appropriately. Special attention should be given to those who face barriers to traditional modes of communication.",,
DES-372,39241,SCOPUS_ID:85105896370,10.1016/s2468-2667(21)00023-2,Effect of alternative income assistance schedules on drug use and drug-related harm: a randomised controlled trial,The Lancet Public Health,2021,Experimental,Other/None,Experimental,Other/None,Experimental,Experimental,False,False,False,False,False,,"Background: The synchronised monthly disbursement of income assistance, whereby all recipients are paid on the same day, has been associated with increases in illicit drug use and serious associated harms. This phenomenon is often referred to as the cheque effect. Because payment variability can affect consumption patterns, this study aimed to assess whether these harms could be mitigated through a structural intervention that varied income assistance payment timing and frequency. Methods: This randomised, parallel group trial was done in Vancouver, Canada, and enrolled recipients of income assistance whose drug use increased around payment days. The recipients were randomly assigned 1:2:2 to a control group that received monthly synchronised income assistance payments on government payment days, a staggered group in which participants received single desynchronised monthly income assistance payments, or a split and staggered group in which participants received desynchronised income assistance payments split into two instalments per month, 2 weeks apart, for six monthly payment cycles. Desynchronised payments in the intervention groups were made on individual payment days outside the week of the standard government schedules. Randomisation was through a pre-established stratified block procedure. Investigators and statisticians were masked to group allocation, but participants and front-line staff were not. Complete final results are reported after scheduled interim analyses and the resulting early stoppage of recruitment. Under intention-to-treat specifications, generalised linear mixed models were used to analyse the primary outcome, which was escalations in drug use, predefined as a 40% increase in at least one of: use frequency; use quantity; or number of substances used during the 3 days after government payments. Secondary analyses examined analogous drug use outcomes coinciding with individual payments as well as exposure to violence. This trial is registered with ClinicalTrials.gov, NCT02457949. Findings: Between Oct 27, 2015, and Jan 2, 2019, 45 participants were enrolled to the control group, 72 to the staggered group, and 77 to the split and staggered group. Intention-to-treat analyses showed a significantly reduced likelihood of increased drug use coinciding with government payment days, relative to the control group, in the staggered (adjusted odds ratio 0·38, 95% CI 0·20–0·74; p=0·0044) and split and staggered (0·44, 0·23–0·83; p=0·012) groups. Findings were consistent in the secondary analyses of drug use coinciding with individual payment days (staggered group 0·50, 0·27–0·96, p=0·036; split and staggered group 0·49, 0·26–0·94, p=0·030). However, secondary outcome analyses of exposure to violence showed increased harm in the staggered group compared with the control group (2·71, 1·06–6·91, p=0·037). Additionally, 51 individuals had a severe or life-threatening adverse event and there were six deaths, none of which was directly attributed to study participation. Interpretation: Complex results indicate the potential for modified income assistance payment schedules to mitigate escalations in drug use, provided measures to address unintended harms are also undertaken. Additional research is needed to clarify whether desynchronised schedules produce other unanticipated consequences and if additional measures could mitigate these harms. Funding: Canadian Institutes of Health Research, Providence Health Care Research Institute, Peter Wall Institute for Advanced Research, Michael Smith Foundation for Health Research.",,
DES-373,16557,SCOPUS_ID:17844396890,10.2105/ajph.2004.054171,Social epidemiology of trauma among 2 American Indian reservation populations,American Journal Of Public Health,2005,Other/None,Other/None,Other/None,Other/None,Other/None,Other/None,False,False,False,False,False,,"Objectives. We examined the prevalence of trauma in 2 large American Indian communities in an attempt to describe demographic correlates and to compare findings with a representative sample of the US population. Methods. We determined differences in exposure to each of 16 types of trauma among 3084 tribal members aged 15 to 57 years through structured interviews. We compared prevalence rates of trauma, by gender, across the 2 tribes and with a sample of the US general population. We used logistic regression analyses to examine the relationships of demographic correlates to trauma exposure. Results. Lifetime exposure rates to at least 1 trauma (62.4%-67.2% among male participants, 66.2%-69.8% among female participants) fell at the upper limits of the range reported by other researchers. Unlike the US general population, female and male American Indians exhibited equivalent levels of overall trauma exposure. Members of both tribes more often witnessed traumatic events, experienced traumas to loved ones, and were victims of physical attacks than their counterparts in the overall US population. Conclusions. American Indians live in adverse environments that place them at high risk for exposure to trauma and harmful health sequelae.",,
DES-374,32039,SCOPUS_ID:0038187646,10.1093/ije/dyg064,Hormonal factors and risk of lung cancer among women?,International Journal Of Epidemiology,2003,Other/None,Case-control,Case-control,Case-control,Case-control,Case-control,False,False,False,False,False,Case-control study; Hormones; Lung cancer; Smoking; Women,"Background. Gender differences in the histological distribution of lung carcinoma and a possibly greater susceptibility of women than men to tobacco carcinogens, suggest a possible influence of sex-specific hormones. This study examines endocrine factors and risk of lung cancer among women by smoking status and histology. Methods. We used data of a case-control study on lung cancer conducted from 1990 to 1996 in Germany, including 811 histologically confirmed female cases and 912 female population controls. Information on various menstrual and reproductive factors, use of oral contraceptives (OC), hormone replacement therapy (HRT), and smoking was gathered through personal interviews using a structured questionnaire. Odds ratios (OR) and 95% CI adjusted for age, region, smoking, and education were calculated via logistic regression. Results. A reduction in lung cancer risk was observed with the use of OC (OR = 0.69; 95% CI: 0.51-0.92), but no trend in risk with increasing duration of use, age at first use, or calendar year of first use was present. A history of HRT was associated with a reduced risk (OR = 0.83; 95% CI: 0.64-1.09), particularly after long duration (≥7 years) (OR = 0.59; 95% CI: 0.37-0.93). No clear association was found with regard to age at menarche, length of menstrual cycle, number of live-births, and age at menopause. Overall results did not differ much by histological cell subtype. The reduction in lung cancer risk associated with the use of exogenous hormones was primarily seen among smoking women. Conclusions. Our data provide evidence for a possible role of hormonal factors in the aetiology of lung cancer in women.",,
DES-375,36615,SCOPUS_ID:44349167275,10.1136/jech.2006.059394,Publication bias in qualitative research: What becomes of qualitative research presented at conferences?,Journal Of Epidemiology And Community Health,2008,Qualitative,Qualitative,Qualitative,Other/None,Qualitative,Qualitative,False,False,False,False,False,,"Background: Less than half of studies presented at conferences remain unpublished two years later, and these studies differ systematically from those that are published. In particular, the unpublished studies are less likely to report statistically significant findings, and this introduces publication bias. This has been well documented for quantitative studies, but has never been explored in relation to qualitative research. Methods: We reviewed the abstracts of qualitative research presented at the 1998 (n = 110) and 1999 (n = 114) British Sociological Association (BSA) Medical Sociology meetings, and attempted to locate those studies in databases or by contacting authors. We also appraised the quality of reporting in each abstract. Results: We found an overall publication rate for these qualitative studies of 44.2%. This is nearly identical to the publication rate for quantitative research. The quality of reporting of study methods and findings in the abstract was positively related to the likelihood of publication. Conclusion: Qualitative research is as likely to remain unpublished as quantitative research. Moreover, non-publication appears to be related to the quality of reporting of methodological information in the original abstract, perhaps because this is a proxy for a study with clear objectives and clear findings. This suggests a mechanism by which ""qualitative publication bias"" might work: qualitative studies that do not show clear, or striking, or easily described findings may simply disappear from view. One implication of this is that, as with quantitative research, systematic reviews of qualitative studies may be biased if they rely only on published papers.",,
DES-376,41623,SCOPUS_ID:34548307295,10.1016/j.ypmed.2007.05.005,A poster-based intervention to promote stair use in blue- and white-collar worksites,Preventive Medicine,2007,Other/None,Ecological / Time-series,Ecological / Time-series,Other/None,Ecological / Time-series,Ecological / Time-series,False,False,False,False,False,Blue- and white-collar worksites; Prompts; Stair use,"Objective.: Previous studies have generally shown the effectiveness of prompts to promote stair use in worksites that mainly consist of white-collar workers. The present study tested whether an intervention using prompts is effective in stimulating stair use in two types of worksites: one consisting mainly of white-collar workers and one mainly of blue-collar workers. Method.: In 2005, elevator and stair use (stair climbing and descent) was monitored in two types of worksites in the Netherlands, namely one office building (n = 150 white-collar workers) and one paper factory (n = 800 blue-collar workers). The study used a simple time-series design of collecting data in three waves: before, during and after implementation of posters containing prompts stimulating stair use. Results.: A total of 6771 choices between stairs and elevator were observed. There was a significant difference between stair use at baseline and during the poster intervention in both types of worksites. There was no worksite-by-intervention interaction, implying that the prompts were equally effective in both types of worksites. After removal of the posters stair use decreased significantly to a level that was not significantly different from baseline. Conclusion.: Stair use can be positively influenced in both blue- and white-collar workers by a short-term low-cost intervention using prompts on posters. © 2007 Elsevier Inc. All rights reserved.",,
DES-377,14980,SCOPUS_ID:0030803421,10.2105/ajph.87.8.1341,Screening for adolescent smoking among primary care physicians in California,American Journal Of Public Health,1997,Other/None,Other/None,Other/None,Other/None,Other/None,Other/None,False,False,False,False,False,,"Objectives. This study determined how often primary care physicians ask adolescents about smoking. Methods. We surveyed a stratified random sample of community-based, board-certified California physicians, using a mailed questionnaire. Results. Overall, physicians (n = 343; 77%, response rate) screened younger adolescents for regular smoking during 71.4% (95% confidence interval [CI] = 67.9, 74.9) of routine physical exams and older adolescents during 84.8% (95% CI = 82.3, 87.4) of such visits. For acute-care visits, the screening rates were 24.4% (95% CI = 20.6, 28.1) for younger and 40.2% (95% CI = 36.4, 44.0) for older adolescents. Physicians asked 18.2% (95% CI = 15.2, 21.3) of younger and 35.6%, (95% CI = 32.0, 39.1) of older adolescents about experimental smoking. Screening varied by specialty. Conclusions. These data imply that physicians are missing opportunities to screen adolescents for smoking.",,
DES-378,7715,SCOPUS_ID:85160967685,10.1093/aje/kwad032,The Role of Ozone as a Mediator of the Relationship Between Heat Waves and Mortality in 15 French Urban Areas,American Journal Of Epidemiology,2023,Other/None,Ecological / Time-series,Ecological / Time-series,Other/None,Ecological / Time-series,Ecological / Time-series,False,False,False,False,False,heat waves; mediation analysis; ozone,"Heat and tropospheric ozone have acute impacts on rates of premature death. Warm temperatures affect the photochemical processes in ozone formation, suggesting ozone as a mediator of the acute health effect of heat on mortality. We assembled a summertime daily time-series data set of 15 French urban areas during 2000-2015 to decompose the acute total effect of heat waves on mortality into natural direct and indirect effects using a regression-based product method under the potential outcomes framework. For each area, we estimated the effect of heat waves on mortality using a quasi-Poisson model with adjustment for covariates such as lagged nitrogen dioxide concentration, and we modeled ozone with a linear regression of heat waves and the same set of covariates. We pooled estimates across areas using random-effects models. We also provide R software code (R Foundation for Statistical Computing, Vienna, Austria) with which to reproduce or replicate our analysis. Most areas demonstrated evidence of mediation by ozone, with the pooled relative risks for natural indirect effects being 1.03 (95% confidence interval (CI): 1.02, 1.05), 1.03 (95% CI: 1.01, 1.04), and 1.04 (95% CI: 1.00, 1.07) for nonaccidental, cardiovascular, and respiratory mortality, respectively. We found evidence of a mediation effect by ozone in the association between heat waves and mortality in France which varied by geographic location and cause of mortality.",,
DES-379,38557,SCOPUS_ID:85099060634,10.1136/jech-2020-215319,After the bell: Adolescents' organised leisure-time activities and well-being in the context of social and socioeconomic inequalities,Journal Of Epidemiology And Community Health,2021,Other/None,Other/None,Other/None,Other/None,Other/None,Other/None,False,False,False,False,True,adolescents CG; mental health; self-rated health; social inequalities; sport,"Background Previous research has linked adolescents' participation in organised leisure-time activities (OLTAs) to better health and well-being. It remains unclear whether these associations can be observed consistently across social and socioeconomic strata and countries. Methods The present study used nine nationally representative samples of adolescents aged 11, 13 and 15 years (total n=55 429) from the 2017/2018 Health Behaviour in School-aged Children survey from Europe and Canada. Regression models with mixed effects to account for nested nature of data were applied to estimate: (1) the associations of social and socioeconomic factors with OLTA participation; (2) strengths of the associations between breadth and pattern of OLTA participation with health and well-being indicators, after adjustment for the social and socioeconomic factors. Results Rates of OLTA participation varied by age, sex and country of adolescents. Participants from lower socioeconomic classes and non-nuclear families were less likely to participate in OLTAs across each of the nine countries. Moreover, breadth of OLTA participation was associated with higher well-being independent of socioeconomic status or family structure. All of the participation patterns were associated with higher life satisfaction, but sports (either alone or in combination with a non-sport OLTA) were also associated with fewer psychological complaints and excellent self-rated health. Conclusion Adolescents' engagement in OLTAs was associated with adolescents' subjective well-being regardless of country, age, sex and variance in social and socioeconomic factors. Policies aimed at increasing adolescents' subjective well-being and OLTA participation should focus on adolescents from low socioeconomic classes and non-nuclear families.",,
DES-380,28820,SCOPUS_ID:85059275023,10.1093/eurpub/cky003,Hepatitis B in Moroccan-Dutch: A qualitative study into determinants of screening participation,European Journal Of Public Health,2018,Qualitative,Other/None,Qualitative,Other/None,Qualitative,Qualitative,False,False,False,False,True,,"Background: Chronic hepatitis B (HBV) leads to an increased risk for liver cirrhosis and liver cancer. In the Netherlands, chronic HBV prevalence in the general population is 0.20%, but 3.77% in first generation immigrants. Our aim was to identify determinants associated with the intention to participate in HBV testing among first generation Moroccan immigrants, one of the two largest immigrant groups targeted for screening. Methods: Semi-structured interviews were held with first (n = 9) and second generation (n = 10) Moroccan-Dutch immigrants, since second generation immigrants frequently act as their parents’ brokers in healthcare. Results: Most participants had little knowledge about hepatitis B, but had a positive attitude towards screening. Facilitators for screening intention were perceived susceptibility to and severity of disease, positive attitude regarding prevention, wishing to know their hepatitis B status and to prevent potential hepatitis B transmission to others. Additional cultural facilitators included fear (of developing cancer), and existing high health care utilization; a religious facilitator was the responsibility for one’s own health and that of others. Barriers included lack of awareness and knowledge, practical issues, not having symptoms, negative attitude regarding prevention, fear about the test result and low-risk perception. A cultural barrier was shame and stigma, and a religious barrier was fatalism. Conclusion: We identified important facilitators and barriers, which we found, can be interpreted differently. Specific and accurate information should be provided, accompanied by strategies to address shame and stigma, in which Islamic religious leaders could play a role in bringing information across.",,
DES-381,33162,SCOPUS_ID:84922388302,10.1093/ije/dyu170,"The influence of smoking, sedentary lifestyle and obesity on cognitive impairment-free life expectancy",International Journal Of Epidemiology,2014,Other/None,Other/None,Other/None,Other/None,Other/None,Other/None,False,False,False,False,False,Cognitive impairment; Disability; DYNOPTA; Healthy life; Life expectancy; Obesity; Risk factors; Sedentary; Smoking,"Background: Smoking, sedentary lifestyle and obesity are risk factors for mortality and dementia. However, their impact on cognitive impairment-free life expectancy (CIFLE) has not previously been estimated. Methods: Data were drawn from the DYNOPTA dataset which was derived by harmonizing and pooling common measures from five longitudinal ageing studies. Participants for whom the Mini-Mental State Examination was available were included (N = 8111, 48.6% men). Data on education, sex, body mass index, smoking and sedentary lifestyle were collected and mortality data were obtained from Government Records via data linkage. Total life expectancy (LE), CIFLE and years spent with cognitive impairment (CILE) were estimated for each risk factor and total burden of risk factors. Results: CILE was approximately 2 years for men and 3 years for women, regardless of age. For men and women respectively, reduced LE associated with smoking was 3.82 and 5.88 years, associated with obesity was 0.62 and 1.72 years and associated with being sedentary was 2.50 and 2.89 years. Absence of each risk factor was associated with longer LE and CIFLE, but also longer CILE for smoking in women and being sedentary in both sexes. Compared with participants with no risk factors, those with 2+ had shorter CIFLE of up to 3.5 years depending on gender and education level. Conclusions: Population level reductions in smoking, sedentary lifestyle and obesity increase longevity and number of years lived without cognitive impairment. Years lived with cognitive impairment may also increase.",,
DES-382,17503,SCOPUS_ID:59049096909,10.2105/ajph.2008.137588,Ethical issues in public health practice in Michigan,American Journal Of Public Health,2009,Other/None,Qualitative,Qualitative,Other/None,Qualitative,Qualitative,False,False,False,False,False,,"Objectives. We sought to ascertain the types of ethical challenges public health practitioners face in practice and to identify approaches used to resolve such challenges. Methods. We conducted 45 semistructured interviews with public health practitioners across a range of occupations (e.g., health officers, medical directors, sanitarians, nurses) at 13 health departments in Michigan. Results. Through qualitative analysis, we identified 5 broad categories of ethical issues common across occupations and locations: (1) determining appropriate use of public health authority, (2) making decisions related to resource allocation, (3) negotiating political interference in public health practice, (4) ensuring standards of quality of care, and (5) questioning the role or scope of public health. Participants cited a variety of values guiding their decision-making that did not coalesce around core values often associated with public health, such as social justice or utilitarianism. Public health practitioners relied on consultations with colleagues to resolve challenges, infrequently using frameworks for decision-making. Conclusions. Public health practitioners showed a nuanced understanding of ethical issues and navigated ethical challenges with minimal formal assistance. Decision-making guides that are empirically informed and tailored for practitioners might have some value.",,
DES-383,28022,SCOPUS_ID:84864075999,10.1093/eurpub/ckr171,"Pandemic influenza A (H1N1) 2009 in Madrid, Spain: Incidence and characteristics in immigrant and native population",European Journal Of Public Health,2012,Other/None,Cross-sectional,Cross-sectional,Other/None,Cross-sectional,Cross-sectional,False,False,False,False,True,,"Background: Some immigrants and refugees might be more vulnerable than other groups to pandemic influenza because of pre-existing health and social disparities, migration history and living conditions. The objective of this study was to compare, between the immigrant and autochtonous population, the incidence and characteristics of influenza cases consulting in primary care (PC) and severe influenza cases. Methods: Descriptive cross-sectional study of influenza episodes registered in PC and severe influenza cases reported between 1 May 2009 and 22 May 2010, by gender and origin. Age-adjusted rates were calculated and the association between origin and chronic pathology, pregnancy, delay in admission to hospital and admission to intensive care units (ICU) was analyzed by logistic regression and generalized linear models. Results: The influenza rate in PC, adjusted by age, was lower for immigrant population (2396.3, 95 confidence interval (95 CI) 2362.5-2430.0 vs. 2795.9, 95 CI 2780.4-2811.5 per 100 000). The difference between severe influenza rates by origin was not statistically significant. Chronic conditions were less common in immigrant population. In severe influenza cases, pregnancy was more common in immigrant women, and the probability of admission to ICU was higher in men from Central and Eastern Europe (prevalence ratio (PR) 8.44, 95 CI 2.81-25.40) and North African women (PR 3.30, 95 CI 1.09-10.05). Conclusion: Differences in influenza rates were detected by origin. This information could be useful for new pandemic wave management purposes, in addition to targetting future investigations. Pandemic influenza preparedness and response plans should incorporate specific actions to improve immigrants' access to health services and to decrease cultural barriers. © 2011 The Author 2011.",,
DES-384,40841,SCOPUS_ID:12244294467,10.1016/s0091-7435(02)00015-4,A lifestyle intervention improves plasma insulin levels among Native American high school youth,Preventive Medicine,2003,Other/None,Cross-sectional,Cross-sectional,Other/None,Cross-sectional,Cross-sectional,False,False,False,False,False,"Adolescence; Adolescent nutrition; Diabetes mellitus, type 2; Diet; Epidemiology; Exercise; Hyperinsulinemia; Indians, North American; Insulin resistance; Intervention studies; Risk factors; Soft drinks","Background. Worldwide, type 2 diabetes prevalence is increasing, with Native American populations particularly at risk. The Zuni Pueblo, with a history of wellness activities, volunteered to test the feasibility and efficacy of a high school-based diabetes prevention intervention. Methods. This school-based intervention used a multiple cross-sectional design to evaluate outcome measures at 0, 1.5, and 3 years against an Anglo comparison group. The Zuni high school diabetes prevention program included an educational component targeting decreased consumption of sugared beverages, knowledge of diabetes risk factors, and a youth-oriented fitness center. Main outcome measures were plasma glucose and insulin measured fasting and 30 min after a 75-g glucose challenge. Results. Plasma glucose levels were normal at baseline for Zuni (n = 72) and Anglo (n = 37) youth and did not significantly change throughout the study. At baseline, fasting and 30-min plasma insulin levels were significantly elevated for Zuni youth; they showed significant steady declines for both males and females throughout the study (P = 0.06 to P = 0.000 for trends using quantile regression). By Year 3, values for Zuni males (n = 29) equaled Anglo comparison values, while Zuni female (n = 26) values had declined but were still higher than Anglo comparison values. Conclusions. Among at-risk youth, an environmentally based lifestyle intervention may significantly suppress markers of type 2 diabetes risk. © 2003 American Health Foundation and Elsevier Science (USA). All rights reserved.",,
DES-385,40066,SCOPUS_ID:0344142381,10.1006/pmed.1998.0398,A sustainable behavioral intervention to increase condom use and reduce gonorrhea among sex workers in Singapore: 2-year follow-up,Preventive Medicine,1998,Other/None,Ecological / Time-series,Ecological / Time-series,Other/None,Ecological / Time-series,Ecological / Time-series,False,False,False,False,False,Behavioral and environmental intervention; Gonorrhea; Negotiation skills; Sustained condom use,"Background. Prostitution is the most important source of transmission of AIDS and sexually transmitted diseases in Asia. We developed and evaluated the sustainability of an intervention to increase condom use and reduce gonorrhea among brothel-based sex workers in Singapore. The intervention focused on developing sex workers' negotiation skills, educating clients, and mobilizing support from peers and health staff in promoting condom use. Methods. A pretest-posttest design with one intervention site (n = 124) and another comparable control site (n = 122) was maintained for 5 months followed by a time series design to follow up the intervention group for 2 years. Results. At 5 months, the intervention group improved significantly in negotiation skills and were almost twice as likely as controls to always refuse unprotected sex (adjusted rate ratio 1.90, 95% CI I 1.22-2.94). Gonorrhea incidence declined considerably by 77.1% in the intervention group compared with 37.6% in the controls. Consistent refusals of unprotected sex in the intervention group increased from 44.4% at baseline to 65.2% at 5 months, 73.6% at 1 year, and 90.5% at 2 years with a corresponding decline in gonorrhea. Conclusion. Sustained condom use with a corresponding decline in gonorrhea was achieved by a behavioral and environmental intervention for sex workers.",,
DES-386,19306,SCOPUS_ID:84939126673,10.2105/ajph.2014.302428,Effects of a 2009 Illinois alcohol tax increase on fatal motor vehicle crashes,American Journal Of Public Health,2015,Other/None,Quasi-experimental,Quasi-experimental,Other/None,Quasi-experimental,Other/None,False,True,False,True,True,,"Objectives. We examined the effects of a 2009 increase in alcohol taxes in Illinois on alcohol-related fatal motor vehicle crashes. Methods. We used an interrupted time-series design, with intrastate and cross-state comparisons and measurement derived from driver alcohol test results, for 104 months before and 28 months after enactment. Our analyses used autoregressive moving average and generalized linear mixed Poisson models. We examined both population-wide effects and stratifications by alcohol level, age, gender, and race. Results. Fatal alcohol-related motor vehicle crashes declined 9.9 per month after the tax increase, a 26% reduction. The effect was similar for alcoholimpaired drivers with positive alcohol levels lower than 0.15 grams per deciliter (-22%) and drivers with very high alcohol levels of 0.15 or more (-25%). Drivers younger than 30 years showed larger declines (-37%) than those aged 30 years and older (-23%), but gender and race stratifications did not significantly differ. Conclusions. Increases in alcohol excise taxes, such as the 2009 Illinois act, could save thousands of lives yearly across the United States as part of a comprehensive strategy to reduce alcohol-impaired driving.",,
DES-387,23222,SCOPUS_ID:84957437053,10.1097/ede.0000000000000421,Long- and short-term exposure to air pollution and inflammatory/hemostatic markers in midlife women,Epidemiology,2016,Other/None,Cohort,Cohort,Other/None,Cohort,Cohort,False,False,False,False,False,,"Background: Studies have reported associations between long-term air pollution exposures and cardiovascular mortality. The biological mechanisms connecting them remain uncertain. Methods: We examined associations of fine particles (PM2.5) and ozone with serum markers of cardiovascular disease risk in a cohort of midlife women. We obtained information from women enrolled at six sites in the multi-ethnic, longitudinal Study of Women's Health Across the Nation, including repeated measurements of high-sensitivity C-reactive protein, fibrinogen, tissue-type plasminogen activator antigen, plasminogen activator inhibitor type 1, and factor VIIc (factor VII coagulant activity). We obtained residence-proximate PM2.5 and ozone monitoring data for a maximum five annual visits, calculating prior year, 6-month, 1-month, and 1-day exposures and their relations to serum markers using longitudinal mixed models. Results: For the 2,086 women studied from 1999 to 2004, PM2.5 exposures were associated with all blood markers except factor VIIc after adjusting for age, race/ethnicity, education, site, body mass index, smoking, and recent alcohol use. Adjusted associations were strongest for prior year exposures for high-sensitivity C-reactive protein (21% increase per 10 μg/m3 PM2.5, 95% confidence interval [CI]: 6.6, 37), tissue-type plasminogen activator antigen (8.6%, 95% CI: 1.8, 16), and plasminogen activator inhibitor (35%, 95% CI: 19, 53). An association was also observed between year prior ozone exposure and factor VIIc (5.7% increase per 10 ppb ozone, 95% CI: 2.9, 8.5). Conclusions: Our findings suggest that prior year exposures to PM2.5 and ozone are associated with adverse effects on inflammatory and hemostatic pathways for cardiovascular outcomes in midlife women.",,
DES-388,20260,SCOPUS_ID:85090870550,10.2105/ajph.2020.305748,"Exploration of the STOP act and opioid deaths in North Carolina, 2010-2018",American Journal Of Public Health,2020,Other/None,Quasi-experimental,Quasi-experimental,Other/None,Quasi-experimental,Other/None,False,True,False,True,True,,"Objectives. To examine the impact of North Carolina's 2017 Strengthening Opioid Misuse Prevention (STOP) Act on opioid overdose deaths. Methods. We used quarterly data from the North Carolina Opioid Dashboard to conduct an interrupted time series analysis ranging from 2010 to 2018. Results were stratified by heroin-fentanyl deaths and other opioid deaths. Results. After the STOP Act, there was an initial rate increase of 0.60 opioid deaths per 100 000 population (95% confidence interval [CI] = 0.04, 1.15) and a decrease of 0.42 (95% CI = -0.56, -0.29) every quarter thereafter. Results differed by stratification. Conclusions. Our results suggest that North Carolina's STOP Act was associated with a reduction in opioid deaths in the year following enactment. The changes in opioid overdose death trends coinciding with the STOP Act were similar to outcomes seen with previous opioid policies. Public Health Implications. Future policies designed to reduce the availability of opioids may benefit from encouraging and increasing the availability of evidence-based treatment of opioid use disorder.",,
DES-389,2975,SCOPUS_ID:0037093214,10.1093/aje/155.10.908,Are Gulf War veterans experiencing illness due to exposure to smoke from Kuwaiti oil well fires? Examination of Department of Defense hospitalization data,American Journal Of Epidemiology,2002,Other/None,Cohort,Cohort,Other/None,Cohort,Cohort,False,False,False,False,False,Environmental exposure; Hospitalization; Inhalation exposure; Morbidity; Persian Gulf syndrome; Petroleum; Smoke; Veterans,"There has been much concern among the public and veterans that specific environmental exposures incurred during the Gulf War were the cause of subsequent illness among Gulf War veterans. In this historical cohort study, the authors compared the postwar morbidity of US military personnel exposed to smoke from the 1991 Kuwaiti oil well fires with that of unexposed personnel. Complete exposure and demographic data were available for 405,142 active-duty Gulf War veterans who did not remain in the region after the war. The authors used data from all Department of Defense hospitals for the period August 1, 1991-July 31, 1999 to estimate rates of hospitalization due to any cause, hospitalization due to a diagnosis in one of 15 major categories, and hospitalization due to one of nine diagnoses likely to be manifestations of smoke exposure. Exposures to particulate matter from oil-well-fire smoke were based on the integration of meteorologic data, diffusion modeling, and troop location data. The authors constructed seven exposure groups combining duration and amount of exposure. In Cox modeling, three of the 25 models showed an increased adjusted risk of hospitalization. However, there was no evidence of a dose-response relation. Despite some limitations, these data do not support the hypothesis that Gulf War veterans have an increased risk of postwar morbidity from exposure to Kuwaiti oil-well-fire smoke.",,
DES-390,10998,SCOPUS_ID:84994091625,10.1016/j.amepre.2016.06.015,Understanding and Promoting Effective Engagement With Digital Behavior Change Interventions,American Journal Of Preventive Medicine,2016,Other/None,Qualitative,Qualitative,Other/None,Qualitative,Qualitative,False,False,False,False,False,,"This paper is one in a series developed through a process of expert consensus to provide an overview of questions of current importance in research into engagement with digital behavior change interventions, identifying guidance based on research to date and priority topics for future research. The first part of this paper critically reflects on current approaches to conceptualizing and measuring engagement. Next, issues relevant to promoting effective engagement are discussed, including how best to tailor to individual needs and combine digital and human support. A key conclusion with regard to conceptualizing engagement is that it is important to understand the relationship between engagement with the digital intervention and the desired behavior change. This paper argues that it may be more valuable to establish and promote “effective engagement,” rather than simply more engagement, with “effective engagement” defined empirically as sufficient engagement with the intervention to achieve intended outcomes. Appraisal of the value and limitations of methods of assessing different aspects of engagement highlights the need to identify valid and efficient combinations of measures to develop and test multidimensional models of engagement. The final section of the paper reflects on how interventions can be designed to fit the user and their specific needs and context. Despite many unresolved questions posed by novel and rapidly changing technologies, there is widespread consensus that successful intervention design demands a user-centered and iterative approach to development, using mixed methods and in-depth qualitative research to progressively refine the intervention to meet user requirements.",,
DES-391,30918,SCOPUS_ID:0029061432,10.1093/ije/24.supplement_1.s21,Infant feeding and mental and motor development at 18 months of age in first born singletons,International Journal Of Epidemiology,1995,Other/None,Experimental,Experimental,Other/None,Experimental,Other/None,False,False,False,False,False,,"Objective. To determine the relationship between type of infant feeding and mental and psychomotor development at age 18 months. Method. A follow-up study of children born to primigravidae living in Dundee and booked into antenatal clinics in the City of Dundee (Local Authority District) from 1 May 1985 to 30 April 1986. The study population was 846 first born singletons, of whom 592 attended for developmental assessment at age 18 months. The main outcome measures were the Bayley Scales of Infant Mental and Motor Development. Results. Higher mental development was significantly related to breast feeding on discharge from hospital and according to the health visitors' notes at about 2 weeks after discharge after allowing for partner's social class, mother's education, height, alcohol and cigarette consumption, placental weight and the child's sex, birth weight and gestational age at birth. After adjustment for statistically significant variables, the difference in Bayley mental development index between breast and bottle fed infants was between 3.7 and 5.7 units depending on the source of feeding data. No differences were found for psychomotor development or behaviour. Conclusion. The study provides further evidence of a robust statistical association between type of feeding and child intelligence. However, the literature is replete with suggestions for potential confounding variables which offer alternative causal explanations. To unravel what is an important clinical and public health question, further research should concentrate on randomized trials of supplemented formula feeds for children of mothers opting for bottle feeding and on epidemiological studies designed to disentangle the relation between method of feeding, parental intelligence and social environment.",,
DES-392,36500,SCOPUS_ID:33947638360,10.1136/jech.2006.049205,Seasonal variation of effect of air pollution on blood pressure,Journal Of Epidemiology And Community Health,2007,Other/None,Cross-sectional,Cross-sectional,Other/None,Cross-sectional,Cross-sectional,False,False,False,False,False,,"Background: Many studies have shown a consistent association between ambient air pollution and an increase in death due to cardiovascular causes. An increase in blood pressure is a common risk factor for a variety of cardiovascular diseases. However, the association between air pollution and blood pressure has not been evaluated extensively. Methods: In this cross-sectional study, we measured blood pressure in 10 459 subjects who had a health examination from 2001 to 2003, and calculated individual's exposure to ambient levels of air pollutants. To evaluate the relationship between exposure to air pollutants and blood pressure with respect to season, we performed a multiple regression analysis, separately, according to season, controlling for individual characteristics and meteorological variables. Results: In the warm-weather season (July-September), particulate air pollutant of <10 μm (PM10) and nitrogen dioxide (NO2) concentrations were significantly associated with measures of blood pressure. During cold weather (October-December), blood pressure was significantly associated with sulphur dioxide (SO2) and ozone (O3) concentrations. The significant association between PM10 or NO2 and blood pressure disappeared during the cold-weather season. Conclusion: We found a seasonal variation for the association between ambient air-pollutant concentrations and blood pressure.",,
DES-393,37544,SCOPUS_ID:84905438695,10.1136/jech-2013-203434,The effects of an urban renewal project on health and health inequalities: A quasi-experimental study in Barcelona,Journal Of Epidemiology And Community Health,2014,Quasi-experimental,Quasi-experimental,Quasi-experimental,Other/None,Quasi-experimental,Quasi-experimental,False,True,False,True,False,,"Background: In the last decade, the Neighbourhoods Law in Catalonia (Spain) funded municipalities that presented urban renewal projects within disadvantaged neighbourhoods focusing on physical, social and economic improvements. The objective of the study was to evaluate the effects of this law on the health and health inequalities of residents in the intervened neighbourhoods in the city of Barcelona. Methods A quasi-experimental predesign and postdesign was used to compare adult residents in five intervened neighbourhoods with eight non-intervened comparison neighbourhoods with similar socioeconomic characteristics. The Barcelona Health Survey was used for studying self-rated and mental health in pre (2001, 2006) and post (2011) years. Poisson regression models stratified by sex were used to compute prevalence ratios comparing 2011 with 2006, and later stratified by social class, to study health inequalities. Results: The intervened neighbourhoods had a significant decrease in poor self-rated health in both sexes while no significant changes occurred in the comparison group. When stratified by social class, a significant improvement was observed in poor self-rated health in the manual group of the intervened neighbourhoods in both sexes, resulting in a decrease in self-rated health inequalities. Similar results were observed in poor mental health of women, while in men, poor mental health worsens in both neighbourhood groups but mostly in the comparison group. Conclusions: The Neighbourhoods Law had a positive effect on self-rated health and seems to prevent poor mental health increases in both sexes and especially among manual social classes.",,
DES-394,6464,SCOPUS_ID:85037709028,10.1093/aje/kwx185,Parental Age and Risk of Lymphoid Neoplasms,American Journal Of Epidemiology,2017,Other/None,Case-control,Case-control,Case-control,Case-control,Case-control,False,False,False,False,False,adult offspring; case-control studies; lymphoma; maternal age; paternal age; risk factors,"High parental age at childbirth has repeatedly been linked to childhood malignancies, while few studies have focused on the offspring's risk of adult cancer. In this population-based case-control study, we identified 32,000 patients with lymphoid neoplasms, diagnosed at ages 0-79 years during the period 1987-2011, and 160,000 matched controls in Sweden. Using prospectively registered data on their first-degree relatives, we evaluated the impact of parental age on the risk of lymphoid neoplasms by subtype. Overall, each 5-year increment in maternal age was associated with a 3% increase in incidence of offspring lymphoid neoplasms (hazard ratio = 1.03, 95% confidence interval: 1.02, 1.04). The association was similar for paternal age and present even among individuals older than 70 years of age at diagnosis. Stratified analyses further revealed that the association was limited to certain subtypes, mostly of indolent nature. Risks of chronic lymphocytic leukemia, follicular lymphoma, and mantle cell lymphoma were 5%-10% higher per 5-year increment in maternal age, but no associations were observed for acute lymphoblastic leukemia, plasma cell neoplasms, or diffuse large B-cell lymphoma. These findings indicated that prenatal genetic or epigenetic changes influence risk of adult lymphoid neoplasms and suggest a difference in this association between aggressive and indolent lymphoma subtypes.",,
DES-395,9697,SCOPUS_ID:64049086213,10.1016/j.amepre.2009.01.023,News Coverage and Sales of Products with Trans Fat. Effects Before and After Changes in Federal Labeling Policy,American Journal Of Preventive Medicine,2009,Other/None,Ecological / Time-series,Ecological / Time-series,Other/None,Ecological / Time-series,Ecological / Time-series,False,False,False,False,False,,"Introduction: The Food and Drug Administration mandated that food products list the amount of trans fat per serving on nutrition facts labels by January 1, 2006. There have been no coordinated efforts to raise awareness about trans fat since the policy went into effect, but news coverage may promote informed decisions about food purchases. This paper assesses whether news coverage influenced sales of products containing trans fat, between December 13, 2004, and June 24, 2007, both before and after the labeling policy went into effect. Methods: Sales data for products containing trans fat from a major grocery store chain with stores throughout Los Angeles County were merged with news coverage data from LexisNexis® and ProQuest. Cross-sectional time-series regression was conducted in 2008 to assess the effect of news coverage on weekly unit sales volume for seven trans-fat products across 11,997 store-weeks. Results: News coverage effects were apparent for sales of two of the seven trans-fat products in the year before the trans-fat nutrition facts labeling policy went into effect (p<0.05 with Bonferroni correction). News coverage effects were observed for sales of six of the seven trans-fat products in the post-labeling period (p<0.05 with Bonferroni correction). For most products, effects were strongest at concurrent and 1-week lags, and they dissipated over time. Conclusions: News coverage about trans fat, combined with labeling information, appears to influence consumer behavior in the short term. News coverage and product labeling may not be sufficient to promote sustained changes in trans-fat purchases. © 2009 American Journal of Preventive Medicine.",,
DES-396,35218,SCOPUS_ID:0028907859,10.1136/jech.49.2.124,Sickness absence as a measure of health status and functioning: From the UK Whitehall II study,Journal Of Epidemiology And Community Health,1995,Other/None,Cohort,Cohort,Other/None,Cohort,Cohort,False,False,False,False,False,,"Study objective-To investigate the relationship between self reported health status and sickness absence. Design-Analysis of questionnaire and sickness absence data from the first phase of the Whitehall II study - a longitudinal study set up to investigate the degree and causes of the social gradient in morbidity and mortality. Setting - London offices of 20 civil service departments. Participants - Altogether 6895 male and 3413 female civil servants aged 35-55 years. Analysis was conducted on 88% of participants who had complete data for the present analysis. Main results - A strong inverse relation between the grade of employment (measure of socioeconomic status) and sickness absence was observed. Men in the lowest grade had rates of sickness absence six times higher than those in the highest grade. For women the corresponding differences were two to five times higher, In general, the longer the duration of absence, the more strongly did baseline health predict rates of absence. However, the health measures also predicted shorter spells, although to a lesser extent. Job satisfaction was strongly related to sickness absence with higher rates in those who reported low job satisfaction. After adjusting for health status the association remained for one to two day absences, but was greatly reduced for absences longer than three days. Conclusion-There was a strong association between ill health and sickness absence, particularly for longer spells. The magnitude of the association may have been underestimated because of the strength of the association between grade of employment and sickness absence. It is proposed that sickness absence be used as an integrated measure of physical, psychological, and social functioning in studies of working populations.",,
DES-397,4395,SCOPUS_ID:47649128174,10.1093/aje/kwn137,A simple screening approach for assessing community prevalence and phenotype of polycystic ovary syndrome in a semiurban population in Sri Lanka,American Journal Of Epidemiology,2008,Other/None,Cross-sectional,Cross-sectional,Other/None,Cross-sectional,Cross-sectional,False,False,False,False,False,Mass screening; Polycystic ovary syndrome; Sri Lanka,"In most of South Asia, prevalences and phenotypes of polycystic ovary syndrome (PCOS) among women in the community are unknown. The authors aimed to estimate prevalence and phenotype in a community setting in Sri Lanka and to test a valid, feasible screening approach to early diagnosis. A community-based, cross-sectional study was carried out in 2005-2006. A random sample of 3,030 women aged 15-39 years was selected by cluster sampling proportionate to population size. An interviewer-administered questionnaire was utilized to screen for ""probable cases"" of PCOS based on menstrual history and clinical manifestations of hyperandrogenism. Selected ""probable cases"" underwent clinical, biochemical, and ovarian ultrasound assessment. The response rate was 96.2% (n = 2,915). A total of 220 (7.5%) ""probable cases"" were identified: 209 women with oligo/amenorrhea (95%) and 11 women with hirsutism (5%). Further evaluation of the 220 probable cases confirmed 164 newly diagnosed cases of PCOS based on the 2003 Rotterdam diagnostic criteria. With 19 previously diagnosed cases already present, total prevalence was 6.3% (95% confidence interval: 5.9, 6.8). Of the women with ""oligo/amenorrhea and/or hirsutism,"" 91.1% were confirmed to have PCOS; 99.4% of women with ""regular cycles in the absence of clinical hyperandrogenism"" were confirmed as normal. The most common phenotypes of PCOS were oligo/amenorrhea and polycystic ovaries (91.4%) and oligo/amenorrhea and hirsutism (48.3%). © The Author 2008. Published by the Johns Hopkins Bloomberg School of Public Health. All rights reserved.",,
DES-398,43914,SCOPUS_ID:85044867374,10.1016/j.ypmed.2018.03.021,Whether to push or pull? Nicotine reduction and non-combusted alternatives - Two strategies for reducing smoking and improving public health,Preventive Medicine,2018,Other/None,Other/None,Other/None,Other/None,Other/None,Other/None,False,False,False,False,True,Alternative nicotine delivery systems; E-cigarettes; Endgame; Nicotine reduction,"Combustible cigarettes remain the most harmful and addictive tobacco product, and reducing the prevalence of smoking continues to be a critical public health goal. While nicotine is the constituent primarily responsible for addiction to cigarettes, most of the harm associated with smoking comes from byproducts of tobacco combustion. Recently, two different approaches for reducing the harms of smoking have emerged, both of which focus on breaking the link between the addiction to nicotine and the harms caused by smoking. First, the addictive potential of cigarettes could be minimized by requiring a large reduction in the nicotine content of cigarettes. Evidence for a nicotine reduction policy thus far shows that the use of very low nicotine content cigarettes results in a reduction in the number of cigarettes people smoke per day and a reduction in cigarette dependence. Second, emerging alternative nicotine delivery systems (ANDS) like electronic cigarettes may provide sufficient nicotine to act as substitutes for cigarettes while delivering much lower levels of toxicants. Evidence suggests that the emergence of ANDS has increased the percentage of smokers who are able to quit. The present paper will briefly review the evidence for each of these approaches, and consider what contemporary reinforcement and addiction theories can tell us about their likely success. We argue that the most effective endgame approach is one that pursues both nicotine reduction and alternative nicotine delivery systems as complementary.",,
DES-399,27553,SCOPUS_ID:34547806637,10.1093/eurpub/ckl250,The barriers against childhood immunizations: A qualitative research among socio-economically disadvantaged mothers,European Journal Of Public Health,2007,Qualitative,Qualitative,Qualitative,Other/None,Qualitative,Qualitative,False,False,False,False,True,Barriers; Immunization; Qualitative; Turkey; Vaccination,"Background: The socio-economically disadvantaged populations are among the most vulnerable groups that are under-vaccinated. Therefore, the aim of this qualitative study was to understand the behaviours of mothers concerning the immunization of their children, the decision-making process, the perceived barriers, and the enabling factors to access the services in a suburban population in Istanbul. Method: Eight focus group discussions and two in-depth interviews were carried out with the mothers who have children younger than five years. Results: While the responsibility of immunization was left totally to the mother, the socially subordinate role of women did not provide the means of getting the immunization services. The women were dependent mostly on social networks for getting the immunization services. Another important barrier to the services was related to the economical constraints and accessibility of the services. In addition, the lack of effective communication and information transfer between the health personnel and the mothers formed an important obstacle. Conclusion: This study underlines a need for an effective counselling tailored to the immunization session, which will maintain a positive relationship between the personnel and the mother. © The Author 2007. Published by Oxford University Press on behalf of the European Public Health Association. All rights reserved.",,
DES-400,25352,SCOPUS_ID:34447304338,10.1007/s10654-006-9100-3,Associations between overall physical activity level and cardiovascular risk factors in an adult population,European Journal Of Epidemiology,2007,Other/None,Cross-sectional,Cross-sectional,Other/None,Cross-sectional,Cross-sectional,False,False,False,False,False,Anthropometric measures; Blood pressure; Dose-response; Physical activity; Questionnaire; Serum lipids,"Background: It is well established that physical activity level is inversely associated with cardiovascular morbidity and mortality, and with all-cause mortality. However, the dose-response relationship between physical activity and other cardiovascular disease risk factors is not fully understood. The aim of the present study was to explore the dose-response relationship between daily physical activity, as measured by a metabolic equivalent score, and BMI, waist circumference, waist hip ratio, total cholesterol, HDL, LDL, triglycerides, systolic and diastolic blood pressure. Methods: A total of 1693 men and women, 33-64 years of age, from the 3 year follow-up of a population-based intervention study, were included in this cross-sectional study. Information on physical activity and other lifestyle factors was obtained by self-report questionnaire. Associations between activity level and biological variables were explored by general linear regression. Results: Data from 835 (51%) men and 805 (49%) women were included. Mean age was 50.8 years (33-64). A significant inverse association between average 24-hour physical activity level ≤45 METs and waist circumference (men p = 0.012, women p = 0.011), BMI (p = 0.0004), waist-hip-ratio (p = 0.002) and triglycerides (p = 0.0001) was found as well as a positive association with HDL (p = <0.0001). In those with an activity level above 45 METs there were no associations. No association was found with total cholesterol, LDL, systolic or diastolic blood pressure. Conclusion: This study suggests a linear dose-response relationship between activity level and certain biological cardiovascular risk factors up to a threshold of a daily 24 h MET-score of 45, which corresponds to a moderate physical activity level. © 2007 Springer Science+Business Media B.V.",,
